model,layer_index,target_layer,configuration,quantization,weight_bits,activation_bits,sparsity_configuration,n,m,actual_weight_sparsity,top1,top5,top1_drop_pp,top5_drop_pp,runtime_seconds,only_target_layer_compressed,status,source_file
deit_tiny_imagenetv2,0,blocks.0.attn.qkv,FP32__2to4,FP32,32,32,2to4,2,4,0.5,58.94,81.94,0.8700000000000045,0.75,15.06296193599701,True,succeeded,/storage/users/pdarbani/Mehrshad/Transformer/v4.0/pretrained-isolation-framework/outputs/imagenetv2/deit_tiny/deit_tiny_imagenetv2_layerwise.json
deit_tiny_imagenetv2,0,blocks.0.attn.qkv,FP32__3to8,FP32,32,32,3to8,3,8,0.625,58.42,81.92,1.3900000000000006,0.769999999999996,15.494347685948014,True,succeeded,/storage/users/pdarbani/Mehrshad/Transformer/v4.0/pretrained-isolation-framework/outputs/imagenetv2/deit_tiny/deit_tiny_imagenetv2_layerwise.json
deit_tiny_imagenetv2,0,blocks.0.attn.qkv,FP32__4to8,FP32,32,32,4to8,4,8,0.5,59.16,82.23,0.6500000000000057,0.45999999999999375,15.163458751514554,True,succeeded,/storage/users/pdarbani/Mehrshad/Transformer/v4.0/pretrained-isolation-framework/outputs/imagenetv2/deit_tiny/deit_tiny_imagenetv2_layerwise.json
deit_tiny_imagenetv2,0,blocks.0.attn.qkv,FP32__dense,FP32,32,32,dense,,,0.0,59.81,82.69,0.0,0.0,15.527996281161904,True,succeeded,/storage/users/pdarbani/Mehrshad/Transformer/v4.0/pretrained-isolation-framework/outputs/imagenetv2/deit_tiny/deit_tiny_imagenetv2_layerwise.json
deit_tiny_imagenetv2,0,blocks.0.attn.qkv,INT4__2to4,INT4,4,4,2to4,2,4,0.5,56.92,80.22,2.8900000000000006,2.469999999999999,17.070651441812515,True,succeeded,/storage/users/pdarbani/Mehrshad/Transformer/v4.0/pretrained-isolation-framework/outputs/imagenetv2/deit_tiny/deit_tiny_imagenetv2_layerwise.json
deit_tiny_imagenetv2,0,blocks.0.attn.qkv,INT4__3to8,INT4,4,4,3to8,3,8,0.625,57.6,80.84,2.210000000000001,1.8499999999999943,15.681850403547287,True,succeeded,/storage/users/pdarbani/Mehrshad/Transformer/v4.0/pretrained-isolation-framework/outputs/imagenetv2/deit_tiny/deit_tiny_imagenetv2_layerwise.json
deit_tiny_imagenetv2,0,blocks.0.attn.qkv,INT4__4to8,INT4,4,4,4to8,4,8,0.5,56.75,79.88,3.0600000000000023,2.8100000000000023,15.413438508287072,True,succeeded,/storage/users/pdarbani/Mehrshad/Transformer/v4.0/pretrained-isolation-framework/outputs/imagenetv2/deit_tiny/deit_tiny_imagenetv2_layerwise.json
deit_tiny_imagenetv2,0,blocks.0.attn.qkv,INT4__dense,INT4,4,4,dense,,,0.0,55.06,78.7,4.75,3.989999999999995,16.40340810455382,True,succeeded,/storage/users/pdarbani/Mehrshad/Transformer/v4.0/pretrained-isolation-framework/outputs/imagenetv2/deit_tiny/deit_tiny_imagenetv2_layerwise.json
deit_tiny_imagenetv2,0,blocks.0.attn.qkv,INT6__2to4,INT6,6,6,2to4,2,4,0.5,58.91,81.84,0.9000000000000057,0.8499999999999943,17.336619038134813,True,succeeded,/storage/users/pdarbani/Mehrshad/Transformer/v4.0/pretrained-isolation-framework/outputs/imagenetv2/deit_tiny/deit_tiny_imagenetv2_layerwise.json
deit_tiny_imagenetv2,0,blocks.0.attn.qkv,INT6__3to8,INT6,6,6,3to8,3,8,0.625,58.47,81.86,1.3400000000000034,0.8299999999999983,15.783569870516658,True,succeeded,/storage/users/pdarbani/Mehrshad/Transformer/v4.0/pretrained-isolation-framework/outputs/imagenetv2/deit_tiny/deit_tiny_imagenetv2_layerwise.json
deit_tiny_imagenetv2,0,blocks.0.attn.qkv,INT6__4to8,INT6,6,6,4to8,4,8,0.5,59.03,82.14,0.7800000000000011,0.5499999999999972,15.325039690360427,True,succeeded,/storage/users/pdarbani/Mehrshad/Transformer/v4.0/pretrained-isolation-framework/outputs/imagenetv2/deit_tiny/deit_tiny_imagenetv2_layerwise.json
deit_tiny_imagenetv2,0,blocks.0.attn.qkv,INT6__dense,INT6,6,6,dense,,,0.0,59.61,82.68,0.20000000000000284,0.009999999999990905,16.41906540095806,True,succeeded,/storage/users/pdarbani/Mehrshad/Transformer/v4.0/pretrained-isolation-framework/outputs/imagenetv2/deit_tiny/deit_tiny_imagenetv2_layerwise.json
deit_tiny_imagenetv2,0,blocks.0.attn.qkv,INT8__2to4,INT8,8,8,2to4,2,4,0.5,58.89,81.87,0.9200000000000017,0.8199999999999932,17.047826098278165,True,succeeded,/storage/users/pdarbani/Mehrshad/Transformer/v4.0/pretrained-isolation-framework/outputs/imagenetv2/deit_tiny/deit_tiny_imagenetv2_layerwise.json
deit_tiny_imagenetv2,0,blocks.0.attn.qkv,INT8__3to8,INT8,8,8,3to8,3,8,0.625,58.38,81.92,1.4299999999999997,0.769999999999996,15.280505331233144,True,succeeded,/storage/users/pdarbani/Mehrshad/Transformer/v4.0/pretrained-isolation-framework/outputs/imagenetv2/deit_tiny/deit_tiny_imagenetv2_layerwise.json
deit_tiny_imagenetv2,0,blocks.0.attn.qkv,INT8__4to8,INT8,8,8,4to8,4,8,0.5,59.11,82.19,0.7000000000000028,0.5,15.806984480470419,True,succeeded,/storage/users/pdarbani/Mehrshad/Transformer/v4.0/pretrained-isolation-framework/outputs/imagenetv2/deit_tiny/deit_tiny_imagenetv2_layerwise.json
deit_tiny_imagenetv2,0,blocks.0.attn.qkv,INT8__dense,INT8,8,8,dense,,,0.0,59.85,82.67,-0.03999999999999915,0.01999999999999602,18.68595616146922,True,succeeded,/storage/users/pdarbani/Mehrshad/Transformer/v4.0/pretrained-isolation-framework/outputs/imagenetv2/deit_tiny/deit_tiny_imagenetv2_layerwise.json
deit_tiny_imagenetv2,1,blocks.0.attn.proj,FP32__2to4,FP32,32,32,2to4,2,4,0.5,58.62,81.53,1.1900000000000048,1.1599999999999966,17.44676365889609,True,succeeded,/storage/users/pdarbani/Mehrshad/Transformer/v4.0/pretrained-isolation-framework/outputs/imagenetv2/deit_tiny/deit_tiny_imagenetv2_layerwise.json
deit_tiny_imagenetv2,1,blocks.0.attn.proj,FP32__3to8,FP32,32,32,3to8,3,8,0.625,58.0,81.11,1.8100000000000023,1.5799999999999983,15.474301254376769,True,succeeded,/storage/users/pdarbani/Mehrshad/Transformer/v4.0/pretrained-isolation-framework/outputs/imagenetv2/deit_tiny/deit_tiny_imagenetv2_layerwise.json
deit_tiny_imagenetv2,1,blocks.0.attn.proj,FP32__4to8,FP32,32,32,4to8,4,8,0.5,58.88,81.88,0.9299999999999997,0.8100000000000023,15.681805266067386,True,succeeded,/storage/users/pdarbani/Mehrshad/Transformer/v4.0/pretrained-isolation-framework/outputs/imagenetv2/deit_tiny/deit_tiny_imagenetv2_layerwise.json
deit_tiny_imagenetv2,1,blocks.0.attn.proj,FP32__dense,FP32,32,32,dense,,,0.0,59.81,82.69,0.0,0.0,16.44649621658027,True,succeeded,/storage/users/pdarbani/Mehrshad/Transformer/v4.0/pretrained-isolation-framework/outputs/imagenetv2/deit_tiny/deit_tiny_imagenetv2_layerwise.json
deit_tiny_imagenetv2,1,blocks.0.attn.proj,INT4__2to4,INT4,4,4,2to4,2,4,0.5,55.97,79.28,3.8400000000000034,3.4099999999999966,16.839357431977987,True,succeeded,/storage/users/pdarbani/Mehrshad/Transformer/v4.0/pretrained-isolation-framework/outputs/imagenetv2/deit_tiny/deit_tiny_imagenetv2_layerwise.json
deit_tiny_imagenetv2,1,blocks.0.attn.proj,INT4__3to8,INT4,4,4,3to8,3,8,0.625,55.69,79.18,4.1200000000000045,3.509999999999991,15.8036367315799,True,succeeded,/storage/users/pdarbani/Mehrshad/Transformer/v4.0/pretrained-isolation-framework/outputs/imagenetv2/deit_tiny/deit_tiny_imagenetv2_layerwise.json
deit_tiny_imagenetv2,1,blocks.0.attn.proj,INT4__4to8,INT4,4,4,4to8,4,8,0.5,56.11,79.41,3.700000000000003,3.280000000000001,15.559951415285468,True,succeeded,/storage/users/pdarbani/Mehrshad/Transformer/v4.0/pretrained-isolation-framework/outputs/imagenetv2/deit_tiny/deit_tiny_imagenetv2_layerwise.json
deit_tiny_imagenetv2,1,blocks.0.attn.proj,INT4__dense,INT4,4,4,dense,,,0.0,56.37,79.7,3.440000000000005,2.989999999999995,16.155167885124683,True,succeeded,/storage/users/pdarbani/Mehrshad/Transformer/v4.0/pretrained-isolation-framework/outputs/imagenetv2/deit_tiny/deit_tiny_imagenetv2_layerwise.json
deit_tiny_imagenetv2,1,blocks.0.attn.proj,INT6__2to4,INT6,6,6,2to4,2,4,0.5,58.31,81.28,1.5,1.4099999999999966,17.071035593748093,True,succeeded,/storage/users/pdarbani/Mehrshad/Transformer/v4.0/pretrained-isolation-framework/outputs/imagenetv2/deit_tiny/deit_tiny_imagenetv2_layerwise.json
deit_tiny_imagenetv2,1,blocks.0.attn.proj,INT6__3to8,INT6,6,6,3to8,3,8,0.625,57.91,81.01,1.9000000000000057,1.6799999999999926,15.563846345990896,True,succeeded,/storage/users/pdarbani/Mehrshad/Transformer/v4.0/pretrained-isolation-framework/outputs/imagenetv2/deit_tiny/deit_tiny_imagenetv2_layerwise.json
deit_tiny_imagenetv2,1,blocks.0.attn.proj,INT6__4to8,INT6,6,6,4to8,4,8,0.5,58.51,81.45,1.3000000000000043,1.2399999999999949,15.498330809175968,True,succeeded,/storage/users/pdarbani/Mehrshad/Transformer/v4.0/pretrained-isolation-framework/outputs/imagenetv2/deit_tiny/deit_tiny_imagenetv2_layerwise.json
deit_tiny_imagenetv2,1,blocks.0.attn.proj,INT6__dense,INT6,6,6,dense,,,0.0,59.57,82.4,0.240000000000002,0.28999999999999204,16.6051080878824,True,succeeded,/storage/users/pdarbani/Mehrshad/Transformer/v4.0/pretrained-isolation-framework/outputs/imagenetv2/deit_tiny/deit_tiny_imagenetv2_layerwise.json
deit_tiny_imagenetv2,1,blocks.0.attn.proj,INT8__2to4,INT8,8,8,2to4,2,4,0.5,58.55,81.54,1.2600000000000051,1.1499999999999915,17.3447485268116,True,succeeded,/storage/users/pdarbani/Mehrshad/Transformer/v4.0/pretrained-isolation-framework/outputs/imagenetv2/deit_tiny/deit_tiny_imagenetv2_layerwise.json
deit_tiny_imagenetv2,1,blocks.0.attn.proj,INT8__3to8,INT8,8,8,3to8,3,8,0.625,58.05,81.17,1.7600000000000051,1.519999999999996,15.746144894510508,True,succeeded,/storage/users/pdarbani/Mehrshad/Transformer/v4.0/pretrained-isolation-framework/outputs/imagenetv2/deit_tiny/deit_tiny_imagenetv2_layerwise.json
deit_tiny_imagenetv2,1,blocks.0.attn.proj,INT8__4to8,INT8,8,8,4to8,4,8,0.5,58.96,81.79,0.8500000000000014,0.8999999999999915,15.697054406628013,True,succeeded,/storage/users/pdarbani/Mehrshad/Transformer/v4.0/pretrained-isolation-framework/outputs/imagenetv2/deit_tiny/deit_tiny_imagenetv2_layerwise.json
deit_tiny_imagenetv2,1,blocks.0.attn.proj,INT8__dense,INT8,8,8,dense,,,0.0,59.75,82.71,0.060000000000002274,-0.01999999999999602,16.47893097065389,True,succeeded,/storage/users/pdarbani/Mehrshad/Transformer/v4.0/pretrained-isolation-framework/outputs/imagenetv2/deit_tiny/deit_tiny_imagenetv2_layerwise.json
deit_tiny_imagenetv2,2,blocks.0.mlp.fc1,FP32__2to4,FP32,32,32,2to4,2,4,0.5,56.92,80.24,2.8900000000000006,2.450000000000003,17.3268592171371,True,succeeded,/storage/users/pdarbani/Mehrshad/Transformer/v4.0/pretrained-isolation-framework/outputs/imagenetv2/deit_tiny/deit_tiny_imagenetv2_layerwise.json
deit_tiny_imagenetv2,2,blocks.0.mlp.fc1,FP32__3to8,FP32,32,32,3to8,3,8,0.625,55.76,79.24,4.050000000000004,3.450000000000003,15.673230467364192,True,succeeded,/storage/users/pdarbani/Mehrshad/Transformer/v4.0/pretrained-isolation-framework/outputs/imagenetv2/deit_tiny/deit_tiny_imagenetv2_layerwise.json
deit_tiny_imagenetv2,2,blocks.0.mlp.fc1,FP32__4to8,FP32,32,32,4to8,4,8,0.5,57.45,80.72,2.3599999999999994,1.9699999999999989,15.48801949992776,True,succeeded,/storage/users/pdarbani/Mehrshad/Transformer/v4.0/pretrained-isolation-framework/outputs/imagenetv2/deit_tiny/deit_tiny_imagenetv2_layerwise.json
deit_tiny_imagenetv2,2,blocks.0.mlp.fc1,FP32__dense,FP32,32,32,dense,,,0.0,59.81,82.69,0.0,0.0,16.1946557816118,True,succeeded,/storage/users/pdarbani/Mehrshad/Transformer/v4.0/pretrained-isolation-framework/outputs/imagenetv2/deit_tiny/deit_tiny_imagenetv2_layerwise.json
deit_tiny_imagenetv2,2,blocks.0.mlp.fc1,INT4__2to4,INT4,4,4,2to4,2,4,0.5,46.0,70.97,13.810000000000002,11.719999999999999,17.67537434026599,True,succeeded,/storage/users/pdarbani/Mehrshad/Transformer/v4.0/pretrained-isolation-framework/outputs/imagenetv2/deit_tiny/deit_tiny_imagenetv2_layerwise.json
deit_tiny_imagenetv2,2,blocks.0.mlp.fc1,INT4__3to8,INT4,4,4,3to8,3,8,0.625,45.97,69.86,13.840000000000003,12.829999999999998,15.574090003967285,True,succeeded,/storage/users/pdarbani/Mehrshad/Transformer/v4.0/pretrained-isolation-framework/outputs/imagenetv2/deit_tiny/deit_tiny_imagenetv2_layerwise.json
deit_tiny_imagenetv2,2,blocks.0.mlp.fc1,INT4__4to8,INT4,4,4,4to8,4,8,0.5,47.37,71.79,12.440000000000005,10.899999999999991,15.395838346332312,True,succeeded,/storage/users/pdarbani/Mehrshad/Transformer/v4.0/pretrained-isolation-framework/outputs/imagenetv2/deit_tiny/deit_tiny_imagenetv2_layerwise.json
deit_tiny_imagenetv2,2,blocks.0.mlp.fc1,INT4__dense,INT4,4,4,dense,,,0.0,48.49,73.0,11.32,9.689999999999998,16.804315170273185,True,succeeded,/storage/users/pdarbani/Mehrshad/Transformer/v4.0/pretrained-isolation-framework/outputs/imagenetv2/deit_tiny/deit_tiny_imagenetv2_layerwise.json
deit_tiny_imagenetv2,2,blocks.0.mlp.fc1,INT6__2to4,INT6,6,6,2to4,2,4,0.5,56.46,80.01,3.3500000000000014,2.6799999999999926,17.615334356203675,True,succeeded,/storage/users/pdarbani/Mehrshad/Transformer/v4.0/pretrained-isolation-framework/outputs/imagenetv2/deit_tiny/deit_tiny_imagenetv2_layerwise.json
deit_tiny_imagenetv2,2,blocks.0.mlp.fc1,INT6__3to8,INT6,6,6,3to8,3,8,0.625,55.37,78.75,4.440000000000005,3.9399999999999977,15.607049837708473,True,succeeded,/storage/users/pdarbani/Mehrshad/Transformer/v4.0/pretrained-isolation-framework/outputs/imagenetv2/deit_tiny/deit_tiny_imagenetv2_layerwise.json
deit_tiny_imagenetv2,2,blocks.0.mlp.fc1,INT6__4to8,INT6,6,6,4to8,4,8,0.5,56.84,80.45,2.969999999999999,2.239999999999995,15.92537746950984,True,succeeded,/storage/users/pdarbani/Mehrshad/Transformer/v4.0/pretrained-isolation-framework/outputs/imagenetv2/deit_tiny/deit_tiny_imagenetv2_layerwise.json
deit_tiny_imagenetv2,2,blocks.0.mlp.fc1,INT6__dense,INT6,6,6,dense,,,0.0,59.05,82.09,0.7600000000000051,0.5999999999999943,16.56787432357669,True,succeeded,/storage/users/pdarbani/Mehrshad/Transformer/v4.0/pretrained-isolation-framework/outputs/imagenetv2/deit_tiny/deit_tiny_imagenetv2_layerwise.json
deit_tiny_imagenetv2,2,blocks.0.mlp.fc1,INT8__2to4,INT8,8,8,2to4,2,4,0.5,56.94,80.28,2.8700000000000045,2.4099999999999966,17.689264995977283,True,succeeded,/storage/users/pdarbani/Mehrshad/Transformer/v4.0/pretrained-isolation-framework/outputs/imagenetv2/deit_tiny/deit_tiny_imagenetv2_layerwise.json
deit_tiny_imagenetv2,2,blocks.0.mlp.fc1,INT8__3to8,INT8,8,8,3to8,3,8,0.625,55.77,79.18,4.039999999999999,3.509999999999991,15.678639119490981,True,succeeded,/storage/users/pdarbani/Mehrshad/Transformer/v4.0/pretrained-isolation-framework/outputs/imagenetv2/deit_tiny/deit_tiny_imagenetv2_layerwise.json
deit_tiny_imagenetv2,2,blocks.0.mlp.fc1,INT8__4to8,INT8,8,8,4to8,4,8,0.5,57.47,80.68,2.3400000000000034,2.009999999999991,15.618464702740312,True,succeeded,/storage/users/pdarbani/Mehrshad/Transformer/v4.0/pretrained-isolation-framework/outputs/imagenetv2/deit_tiny/deit_tiny_imagenetv2_layerwise.json
deit_tiny_imagenetv2,2,blocks.0.mlp.fc1,INT8__dense,INT8,8,8,dense,,,0.0,59.96,82.82,-0.14999999999999858,-0.12999999999999545,16.462682649493217,True,succeeded,/storage/users/pdarbani/Mehrshad/Transformer/v4.0/pretrained-isolation-framework/outputs/imagenetv2/deit_tiny/deit_tiny_imagenetv2_layerwise.json
deit_tiny_imagenetv2,3,blocks.0.mlp.fc2,FP32__2to4,FP32,32,32,2to4,2,4,0.5,58.1,81.1,1.7100000000000009,1.5900000000000034,16.755042912438512,True,succeeded,/storage/users/pdarbani/Mehrshad/Transformer/v4.0/pretrained-isolation-framework/outputs/imagenetv2/deit_tiny/deit_tiny_imagenetv2_layerwise.json
deit_tiny_imagenetv2,3,blocks.0.mlp.fc2,FP32__3to8,FP32,32,32,3to8,3,8,0.625,56.62,79.73,3.190000000000005,2.9599999999999937,16.038606882095337,True,succeeded,/storage/users/pdarbani/Mehrshad/Transformer/v4.0/pretrained-isolation-framework/outputs/imagenetv2/deit_tiny/deit_tiny_imagenetv2_layerwise.json
deit_tiny_imagenetv2,3,blocks.0.mlp.fc2,FP32__4to8,FP32,32,32,4to8,4,8,0.5,58.32,81.27,1.490000000000002,1.4200000000000017,15.571959234774113,True,succeeded,/storage/users/pdarbani/Mehrshad/Transformer/v4.0/pretrained-isolation-framework/outputs/imagenetv2/deit_tiny/deit_tiny_imagenetv2_layerwise.json
deit_tiny_imagenetv2,3,blocks.0.mlp.fc2,FP32__dense,FP32,32,32,dense,,,0.0,59.81,82.69,0.0,0.0,16.301757952198386,True,succeeded,/storage/users/pdarbani/Mehrshad/Transformer/v4.0/pretrained-isolation-framework/outputs/imagenetv2/deit_tiny/deit_tiny_imagenetv2_layerwise.json
deit_tiny_imagenetv2,3,blocks.0.mlp.fc2,INT4__2to4,INT4,4,4,2to4,2,4,0.5,40.88,65.06,18.93,17.629999999999995,17.37901065312326,True,succeeded,/storage/users/pdarbani/Mehrshad/Transformer/v4.0/pretrained-isolation-framework/outputs/imagenetv2/deit_tiny/deit_tiny_imagenetv2_layerwise.json
deit_tiny_imagenetv2,3,blocks.0.mlp.fc2,INT4__3to8,INT4,4,4,3to8,3,8,0.625,40.58,64.78,19.230000000000004,17.909999999999997,15.614041501656175,True,succeeded,/storage/users/pdarbani/Mehrshad/Transformer/v4.0/pretrained-isolation-framework/outputs/imagenetv2/deit_tiny/deit_tiny_imagenetv2_layerwise.json
deit_tiny_imagenetv2,3,blocks.0.mlp.fc2,INT4__4to8,INT4,4,4,4to8,4,8,0.5,41.22,65.6,18.590000000000003,17.090000000000003,15.36903172917664,True,succeeded,/storage/users/pdarbani/Mehrshad/Transformer/v4.0/pretrained-isolation-framework/outputs/imagenetv2/deit_tiny/deit_tiny_imagenetv2_layerwise.json
deit_tiny_imagenetv2,3,blocks.0.mlp.fc2,INT4__dense,INT4,4,4,dense,,,0.0,40.19,64.44,19.620000000000005,18.25,16.486089568585157,True,succeeded,/storage/users/pdarbani/Mehrshad/Transformer/v4.0/pretrained-isolation-framework/outputs/imagenetv2/deit_tiny/deit_tiny_imagenetv2_layerwise.json
deit_tiny_imagenetv2,3,blocks.0.mlp.fc2,INT6__2to4,INT6,6,6,2to4,2,4,0.5,53.25,77.86,6.560000000000002,4.829999999999998,17.274754183366895,True,succeeded,/storage/users/pdarbani/Mehrshad/Transformer/v4.0/pretrained-isolation-framework/outputs/imagenetv2/deit_tiny/deit_tiny_imagenetv2_layerwise.json
deit_tiny_imagenetv2,3,blocks.0.mlp.fc2,INT6__3to8,INT6,6,6,3to8,3,8,0.625,52.4,76.61,7.410000000000004,6.079999999999998,15.819146135821939,True,succeeded,/storage/users/pdarbani/Mehrshad/Transformer/v4.0/pretrained-isolation-framework/outputs/imagenetv2/deit_tiny/deit_tiny_imagenetv2_layerwise.json
deit_tiny_imagenetv2,3,blocks.0.mlp.fc2,INT6__4to8,INT6,6,6,4to8,4,8,0.5,54.05,77.92,5.760000000000005,4.769999999999996,15.419431677088141,True,succeeded,/storage/users/pdarbani/Mehrshad/Transformer/v4.0/pretrained-isolation-framework/outputs/imagenetv2/deit_tiny/deit_tiny_imagenetv2_layerwise.json
deit_tiny_imagenetv2,3,blocks.0.mlp.fc2,INT6__dense,INT6,6,6,dense,,,0.0,55.7,79.34,4.109999999999999,3.3499999999999943,16.35503127798438,True,succeeded,/storage/users/pdarbani/Mehrshad/Transformer/v4.0/pretrained-isolation-framework/outputs/imagenetv2/deit_tiny/deit_tiny_imagenetv2_layerwise.json
deit_tiny_imagenetv2,3,blocks.0.mlp.fc2,INT8__2to4,INT8,8,8,2to4,2,4,0.5,57.99,80.91,1.8200000000000003,1.7800000000000011,17.969967655837536,True,succeeded,/storage/users/pdarbani/Mehrshad/Transformer/v4.0/pretrained-isolation-framework/outputs/imagenetv2/deit_tiny/deit_tiny_imagenetv2_layerwise.json
deit_tiny_imagenetv2,3,blocks.0.mlp.fc2,INT8__3to8,INT8,8,8,3to8,3,8,0.625,56.23,79.52,3.5800000000000054,3.1700000000000017,15.721367478370667,True,succeeded,/storage/users/pdarbani/Mehrshad/Transformer/v4.0/pretrained-isolation-framework/outputs/imagenetv2/deit_tiny/deit_tiny_imagenetv2_layerwise.json
deit_tiny_imagenetv2,3,blocks.0.mlp.fc2,INT8__4to8,INT8,8,8,4to8,4,8,0.5,58.22,81.16,1.5900000000000034,1.5300000000000011,15.805101888254285,True,succeeded,/storage/users/pdarbani/Mehrshad/Transformer/v4.0/pretrained-isolation-framework/outputs/imagenetv2/deit_tiny/deit_tiny_imagenetv2_layerwise.json
deit_tiny_imagenetv2,3,blocks.0.mlp.fc2,INT8__dense,INT8,8,8,dense,,,0.0,59.45,82.47,0.35999999999999943,0.21999999999999886,16.74580138362944,True,succeeded,/storage/users/pdarbani/Mehrshad/Transformer/v4.0/pretrained-isolation-framework/outputs/imagenetv2/deit_tiny/deit_tiny_imagenetv2_layerwise.json
deit_tiny_imagenetv2,4,blocks.1.attn.qkv,FP32__2to4,FP32,32,32,2to4,2,4,0.5,59.33,81.76,0.480000000000004,0.9299999999999926,17.599869502708316,True,succeeded,/storage/users/pdarbani/Mehrshad/Transformer/v4.0/pretrained-isolation-framework/outputs/imagenetv2/deit_tiny/deit_tiny_imagenetv2_layerwise.json
deit_tiny_imagenetv2,4,blocks.1.attn.qkv,FP32__3to8,FP32,32,32,3to8,3,8,0.625,58.85,81.39,0.9600000000000009,1.2999999999999972,15.849327692762017,True,succeeded,/storage/users/pdarbani/Mehrshad/Transformer/v4.0/pretrained-isolation-framework/outputs/imagenetv2/deit_tiny/deit_tiny_imagenetv2_layerwise.json
deit_tiny_imagenetv2,4,blocks.1.attn.qkv,FP32__4to8,FP32,32,32,4to8,4,8,0.5,59.41,81.98,0.4000000000000057,0.7099999999999937,15.71455817297101,True,succeeded,/storage/users/pdarbani/Mehrshad/Transformer/v4.0/pretrained-isolation-framework/outputs/imagenetv2/deit_tiny/deit_tiny_imagenetv2_layerwise.json
deit_tiny_imagenetv2,4,blocks.1.attn.qkv,FP32__dense,FP32,32,32,dense,,,0.0,59.81,82.69,0.0,0.0,16.720447182655334,True,succeeded,/storage/users/pdarbani/Mehrshad/Transformer/v4.0/pretrained-isolation-framework/outputs/imagenetv2/deit_tiny/deit_tiny_imagenetv2_layerwise.json
deit_tiny_imagenetv2,4,blocks.1.attn.qkv,INT4__2to4,INT4,4,4,2to4,2,4,0.5,59.04,81.79,0.7700000000000031,0.8999999999999915,17.079964043572545,True,succeeded,/storage/users/pdarbani/Mehrshad/Transformer/v4.0/pretrained-isolation-framework/outputs/imagenetv2/deit_tiny/deit_tiny_imagenetv2_layerwise.json
deit_tiny_imagenetv2,4,blocks.1.attn.qkv,INT4__3to8,INT4,4,4,3to8,3,8,0.625,58.66,81.23,1.1500000000000057,1.4599999999999937,15.450679898262024,True,succeeded,/storage/users/pdarbani/Mehrshad/Transformer/v4.0/pretrained-isolation-framework/outputs/imagenetv2/deit_tiny/deit_tiny_imagenetv2_layerwise.json
deit_tiny_imagenetv2,4,blocks.1.attn.qkv,INT4__4to8,INT4,4,4,4to8,4,8,0.5,59.3,81.89,0.5100000000000051,0.7999999999999972,15.742707528173923,True,succeeded,/storage/users/pdarbani/Mehrshad/Transformer/v4.0/pretrained-isolation-framework/outputs/imagenetv2/deit_tiny/deit_tiny_imagenetv2_layerwise.json
deit_tiny_imagenetv2,4,blocks.1.attn.qkv,INT4__dense,INT4,4,4,dense,,,0.0,59.35,82.19,0.46000000000000085,0.5,16.347926264628768,True,succeeded,/storage/users/pdarbani/Mehrshad/Transformer/v4.0/pretrained-isolation-framework/outputs/imagenetv2/deit_tiny/deit_tiny_imagenetv2_layerwise.json
deit_tiny_imagenetv2,4,blocks.1.attn.qkv,INT6__2to4,INT6,6,6,2to4,2,4,0.5,59.3,81.65,0.5100000000000051,1.039999999999992,17.166644793003798,True,succeeded,/storage/users/pdarbani/Mehrshad/Transformer/v4.0/pretrained-isolation-framework/outputs/imagenetv2/deit_tiny/deit_tiny_imagenetv2_layerwise.json
deit_tiny_imagenetv2,4,blocks.1.attn.qkv,INT6__3to8,INT6,6,6,3to8,3,8,0.625,58.79,81.44,1.0200000000000031,1.25,15.503852816298604,True,succeeded,/storage/users/pdarbani/Mehrshad/Transformer/v4.0/pretrained-isolation-framework/outputs/imagenetv2/deit_tiny/deit_tiny_imagenetv2_layerwise.json
deit_tiny_imagenetv2,4,blocks.1.attn.qkv,INT6__4to8,INT6,6,6,4to8,4,8,0.5,59.4,81.93,0.4100000000000037,0.7599999999999909,15.801802214235067,True,succeeded,/storage/users/pdarbani/Mehrshad/Transformer/v4.0/pretrained-isolation-framework/outputs/imagenetv2/deit_tiny/deit_tiny_imagenetv2_layerwise.json
deit_tiny_imagenetv2,4,blocks.1.attn.qkv,INT6__dense,INT6,6,6,dense,,,0.0,59.85,82.67,-0.03999999999999915,0.01999999999999602,16.750747153535485,True,succeeded,/storage/users/pdarbani/Mehrshad/Transformer/v4.0/pretrained-isolation-framework/outputs/imagenetv2/deit_tiny/deit_tiny_imagenetv2_layerwise.json
deit_tiny_imagenetv2,4,blocks.1.attn.qkv,INT8__2to4,INT8,8,8,2to4,2,4,0.5,59.33,81.74,0.480000000000004,0.9500000000000028,17.760404815897346,True,succeeded,/storage/users/pdarbani/Mehrshad/Transformer/v4.0/pretrained-isolation-framework/outputs/imagenetv2/deit_tiny/deit_tiny_imagenetv2_layerwise.json
deit_tiny_imagenetv2,4,blocks.1.attn.qkv,INT8__3to8,INT8,8,8,3to8,3,8,0.625,58.82,81.41,0.990000000000002,1.2800000000000011,15.49125955440104,True,succeeded,/storage/users/pdarbani/Mehrshad/Transformer/v4.0/pretrained-isolation-framework/outputs/imagenetv2/deit_tiny/deit_tiny_imagenetv2_layerwise.json
deit_tiny_imagenetv2,4,blocks.1.attn.qkv,INT8__4to8,INT8,8,8,4to8,4,8,0.5,59.45,81.97,0.35999999999999943,0.7199999999999989,15.706291260197759,True,succeeded,/storage/users/pdarbani/Mehrshad/Transformer/v4.0/pretrained-isolation-framework/outputs/imagenetv2/deit_tiny/deit_tiny_imagenetv2_layerwise.json
deit_tiny_imagenetv2,4,blocks.1.attn.qkv,INT8__dense,INT8,8,8,dense,,,0.0,59.79,82.74,0.020000000000003126,-0.04999999999999716,16.873323127627373,True,succeeded,/storage/users/pdarbani/Mehrshad/Transformer/v4.0/pretrained-isolation-framework/outputs/imagenetv2/deit_tiny/deit_tiny_imagenetv2_layerwise.json
deit_tiny_imagenetv2,5,blocks.1.attn.proj,FP32__2to4,FP32,32,32,2to4,2,4,0.5,59.4,82.19,0.4100000000000037,0.5,17.278315709903836,True,succeeded,/storage/users/pdarbani/Mehrshad/Transformer/v4.0/pretrained-isolation-framework/outputs/imagenetv2/deit_tiny/deit_tiny_imagenetv2_layerwise.json
deit_tiny_imagenetv2,5,blocks.1.attn.proj,FP32__3to8,FP32,32,32,3to8,3,8,0.625,59.23,82.03,0.5800000000000054,0.6599999999999966,15.978683114051819,True,succeeded,/storage/users/pdarbani/Mehrshad/Transformer/v4.0/pretrained-isolation-framework/outputs/imagenetv2/deit_tiny/deit_tiny_imagenetv2_layerwise.json
deit_tiny_imagenetv2,5,blocks.1.attn.proj,FP32__4to8,FP32,32,32,4to8,4,8,0.5,59.52,82.37,0.28999999999999915,0.3199999999999932,15.433928027749062,True,succeeded,/storage/users/pdarbani/Mehrshad/Transformer/v4.0/pretrained-isolation-framework/outputs/imagenetv2/deit_tiny/deit_tiny_imagenetv2_layerwise.json
deit_tiny_imagenetv2,5,blocks.1.attn.proj,FP32__dense,FP32,32,32,dense,,,0.0,59.81,82.69,0.0,0.0,16.570563418790698,True,succeeded,/storage/users/pdarbani/Mehrshad/Transformer/v4.0/pretrained-isolation-framework/outputs/imagenetv2/deit_tiny/deit_tiny_imagenetv2_layerwise.json
deit_tiny_imagenetv2,5,blocks.1.attn.proj,INT4__2to4,INT4,4,4,2to4,2,4,0.5,58.49,81.67,1.3200000000000003,1.019999999999996,15.589878248050809,True,succeeded,/storage/users/pdarbani/Mehrshad/Transformer/v4.0/pretrained-isolation-framework/outputs/imagenetv2/deit_tiny/deit_tiny_imagenetv2_layerwise.json
deit_tiny_imagenetv2,5,blocks.1.attn.proj,INT4__3to8,INT4,4,4,3to8,3,8,0.625,58.37,81.6,1.4400000000000048,1.0900000000000034,15.428080935031176,True,succeeded,/storage/users/pdarbani/Mehrshad/Transformer/v4.0/pretrained-isolation-framework/outputs/imagenetv2/deit_tiny/deit_tiny_imagenetv2_layerwise.json
deit_tiny_imagenetv2,5,blocks.1.attn.proj,INT4__4to8,INT4,4,4,4to8,4,8,0.5,58.9,81.59,0.9100000000000037,1.0999999999999943,15.380346300080419,True,succeeded,/storage/users/pdarbani/Mehrshad/Transformer/v4.0/pretrained-isolation-framework/outputs/imagenetv2/deit_tiny/deit_tiny_imagenetv2_layerwise.json
deit_tiny_imagenetv2,5,blocks.1.attn.proj,INT4__dense,INT4,4,4,dense,,,0.0,59.11,81.79,0.7000000000000028,0.8999999999999915,15.439660429954529,True,succeeded,/storage/users/pdarbani/Mehrshad/Transformer/v4.0/pretrained-isolation-framework/outputs/imagenetv2/deit_tiny/deit_tiny_imagenetv2_layerwise.json
deit_tiny_imagenetv2,5,blocks.1.attn.proj,INT6__2to4,INT6,6,6,2to4,2,4,0.5,59.27,82.25,0.5399999999999991,0.4399999999999977,15.468953439965844,True,succeeded,/storage/users/pdarbani/Mehrshad/Transformer/v4.0/pretrained-isolation-framework/outputs/imagenetv2/deit_tiny/deit_tiny_imagenetv2_layerwise.json
deit_tiny_imagenetv2,5,blocks.1.attn.proj,INT6__3to8,INT6,6,6,3to8,3,8,0.625,59.22,82.01,0.5900000000000034,0.6799999999999926,15.367262247949839,True,succeeded,/storage/users/pdarbani/Mehrshad/Transformer/v4.0/pretrained-isolation-framework/outputs/imagenetv2/deit_tiny/deit_tiny_imagenetv2_layerwise.json
deit_tiny_imagenetv2,5,blocks.1.attn.proj,INT6__4to8,INT6,6,6,4to8,4,8,0.5,59.49,82.28,0.3200000000000003,0.4099999999999966,15.469855397939682,True,succeeded,/storage/users/pdarbani/Mehrshad/Transformer/v4.0/pretrained-isolation-framework/outputs/imagenetv2/deit_tiny/deit_tiny_imagenetv2_layerwise.json
deit_tiny_imagenetv2,5,blocks.1.attn.proj,INT6__dense,INT6,6,6,dense,,,0.0,59.85,82.72,-0.03999999999999915,-0.030000000000001137,16.097378220409155,True,succeeded,/storage/users/pdarbani/Mehrshad/Transformer/v4.0/pretrained-isolation-framework/outputs/imagenetv2/deit_tiny/deit_tiny_imagenetv2_layerwise.json
deit_tiny_imagenetv2,5,blocks.1.attn.proj,INT8__2to4,INT8,8,8,2to4,2,4,0.5,59.38,82.2,0.4299999999999997,0.4899999999999949,17.243319449946284,True,succeeded,/storage/users/pdarbani/Mehrshad/Transformer/v4.0/pretrained-isolation-framework/outputs/imagenetv2/deit_tiny/deit_tiny_imagenetv2_layerwise.json
deit_tiny_imagenetv2,5,blocks.1.attn.proj,INT8__3to8,INT8,8,8,3to8,3,8,0.625,59.23,82.01,0.5800000000000054,0.6799999999999926,15.887757766991854,True,succeeded,/storage/users/pdarbani/Mehrshad/Transformer/v4.0/pretrained-isolation-framework/outputs/imagenetv2/deit_tiny/deit_tiny_imagenetv2_layerwise.json
deit_tiny_imagenetv2,5,blocks.1.attn.proj,INT8__4to8,INT8,8,8,4to8,4,8,0.5,59.5,82.4,0.3100000000000023,0.28999999999999204,15.738319458439946,True,succeeded,/storage/users/pdarbani/Mehrshad/Transformer/v4.0/pretrained-isolation-framework/outputs/imagenetv2/deit_tiny/deit_tiny_imagenetv2_layerwise.json
deit_tiny_imagenetv2,5,blocks.1.attn.proj,INT8__dense,INT8,8,8,dense,,,0.0,59.8,82.72,0.010000000000005116,-0.030000000000001137,16.52131462842226,True,succeeded,/storage/users/pdarbani/Mehrshad/Transformer/v4.0/pretrained-isolation-framework/outputs/imagenetv2/deit_tiny/deit_tiny_imagenetv2_layerwise.json
deit_tiny_imagenetv2,6,blocks.1.mlp.fc1,FP32__2to4,FP32,32,32,2to4,2,4,0.5,59.02,81.98,0.7899999999999991,0.7099999999999937,15.308072287589312,True,succeeded,/storage/users/pdarbani/Mehrshad/Transformer/v4.0/pretrained-isolation-framework/outputs/imagenetv2/deit_tiny/deit_tiny_imagenetv2_layerwise.json
deit_tiny_imagenetv2,6,blocks.1.mlp.fc1,FP32__3to8,FP32,32,32,3to8,3,8,0.625,58.46,81.57,1.3500000000000014,1.1200000000000045,15.5679517891258,True,succeeded,/storage/users/pdarbani/Mehrshad/Transformer/v4.0/pretrained-isolation-framework/outputs/imagenetv2/deit_tiny/deit_tiny_imagenetv2_layerwise.json
deit_tiny_imagenetv2,6,blocks.1.mlp.fc1,FP32__4to8,FP32,32,32,4to8,4,8,0.5,59.17,82.19,0.6400000000000006,0.5,15.448361791670322,True,succeeded,/storage/users/pdarbani/Mehrshad/Transformer/v4.0/pretrained-isolation-framework/outputs/imagenetv2/deit_tiny/deit_tiny_imagenetv2_layerwise.json
deit_tiny_imagenetv2,6,blocks.1.mlp.fc1,FP32__dense,FP32,32,32,dense,,,0.0,59.81,82.69,0.0,0.0,16.191160453483462,True,succeeded,/storage/users/pdarbani/Mehrshad/Transformer/v4.0/pretrained-isolation-framework/outputs/imagenetv2/deit_tiny/deit_tiny_imagenetv2_layerwise.json
deit_tiny_imagenetv2,6,blocks.1.mlp.fc1,INT4__2to4,INT4,4,4,2to4,2,4,0.5,57.69,80.71,2.1200000000000045,1.980000000000004,15.272474087774754,True,succeeded,/storage/users/pdarbani/Mehrshad/Transformer/v4.0/pretrained-isolation-framework/outputs/imagenetv2/deit_tiny/deit_tiny_imagenetv2_layerwise.json
deit_tiny_imagenetv2,6,blocks.1.mlp.fc1,INT4__3to8,INT4,4,4,3to8,3,8,0.625,57.5,80.64,2.3100000000000023,2.049999999999997,15.399384193122387,True,succeeded,/storage/users/pdarbani/Mehrshad/Transformer/v4.0/pretrained-isolation-framework/outputs/imagenetv2/deit_tiny/deit_tiny_imagenetv2_layerwise.json
deit_tiny_imagenetv2,6,blocks.1.mlp.fc1,INT4__4to8,INT4,4,4,4to8,4,8,0.5,57.75,80.96,2.0600000000000023,1.730000000000004,15.625257674604654,True,succeeded,/storage/users/pdarbani/Mehrshad/Transformer/v4.0/pretrained-isolation-framework/outputs/imagenetv2/deit_tiny/deit_tiny_imagenetv2_layerwise.json
deit_tiny_imagenetv2,6,blocks.1.mlp.fc1,INT4__dense,INT4,4,4,dense,,,0.0,57.84,80.99,1.9699999999999989,1.7000000000000028,15.58702689409256,True,succeeded,/storage/users/pdarbani/Mehrshad/Transformer/v4.0/pretrained-isolation-framework/outputs/imagenetv2/deit_tiny/deit_tiny_imagenetv2_layerwise.json
deit_tiny_imagenetv2,6,blocks.1.mlp.fc1,INT6__2to4,INT6,6,6,2to4,2,4,0.5,59.02,81.8,0.7899999999999991,0.8900000000000006,15.468916719779372,True,succeeded,/storage/users/pdarbani/Mehrshad/Transformer/v4.0/pretrained-isolation-framework/outputs/imagenetv2/deit_tiny/deit_tiny_imagenetv2_layerwise.json
deit_tiny_imagenetv2,6,blocks.1.mlp.fc1,INT6__3to8,INT6,6,6,3to8,3,8,0.625,58.51,81.42,1.3000000000000043,1.269999999999996,15.396345911547542,True,succeeded,/storage/users/pdarbani/Mehrshad/Transformer/v4.0/pretrained-isolation-framework/outputs/imagenetv2/deit_tiny/deit_tiny_imagenetv2_layerwise.json
deit_tiny_imagenetv2,6,blocks.1.mlp.fc1,INT6__4to8,INT6,6,6,4to8,4,8,0.5,59.14,82.22,0.6700000000000017,0.46999999999999886,15.773645615205169,True,succeeded,/storage/users/pdarbani/Mehrshad/Transformer/v4.0/pretrained-isolation-framework/outputs/imagenetv2/deit_tiny/deit_tiny_imagenetv2_layerwise.json
deit_tiny_imagenetv2,6,blocks.1.mlp.fc1,INT6__dense,INT6,6,6,dense,,,0.0,59.62,82.66,0.19000000000000483,0.030000000000001137,15.544559605419636,True,succeeded,/storage/users/pdarbani/Mehrshad/Transformer/v4.0/pretrained-isolation-framework/outputs/imagenetv2/deit_tiny/deit_tiny_imagenetv2_layerwise.json
deit_tiny_imagenetv2,6,blocks.1.mlp.fc1,INT8__2to4,INT8,8,8,2to4,2,4,0.5,58.96,81.92,0.8500000000000014,0.769999999999996,15.584273602813482,True,succeeded,/storage/users/pdarbani/Mehrshad/Transformer/v4.0/pretrained-isolation-framework/outputs/imagenetv2/deit_tiny/deit_tiny_imagenetv2_layerwise.json
deit_tiny_imagenetv2,6,blocks.1.mlp.fc1,INT8__3to8,INT8,8,8,3to8,3,8,0.625,58.56,81.63,1.25,1.0600000000000023,15.500706499442458,True,succeeded,/storage/users/pdarbani/Mehrshad/Transformer/v4.0/pretrained-isolation-framework/outputs/imagenetv2/deit_tiny/deit_tiny_imagenetv2_layerwise.json
deit_tiny_imagenetv2,6,blocks.1.mlp.fc1,INT8__4to8,INT8,8,8,4to8,4,8,0.5,59.18,82.16,0.6300000000000026,0.5300000000000011,15.502135312184691,True,succeeded,/storage/users/pdarbani/Mehrshad/Transformer/v4.0/pretrained-isolation-framework/outputs/imagenetv2/deit_tiny/deit_tiny_imagenetv2_layerwise.json
deit_tiny_imagenetv2,6,blocks.1.mlp.fc1,INT8__dense,INT8,8,8,dense,,,0.0,59.77,82.75,0.03999999999999915,-0.060000000000002274,15.552038246765733,True,succeeded,/storage/users/pdarbani/Mehrshad/Transformer/v4.0/pretrained-isolation-framework/outputs/imagenetv2/deit_tiny/deit_tiny_imagenetv2_layerwise.json
deit_tiny_imagenetv2,7,blocks.1.mlp.fc2,FP32__2to4,FP32,32,32,2to4,2,4,0.5,58.9,82.0,0.9100000000000037,0.6899999999999977,15.546765578910708,True,succeeded,/storage/users/pdarbani/Mehrshad/Transformer/v4.0/pretrained-isolation-framework/outputs/imagenetv2/deit_tiny/deit_tiny_imagenetv2_layerwise.json
deit_tiny_imagenetv2,7,blocks.1.mlp.fc2,FP32__3to8,FP32,32,32,3to8,3,8,0.625,58.41,81.5,1.4000000000000057,1.1899999999999977,15.500556202605367,True,succeeded,/storage/users/pdarbani/Mehrshad/Transformer/v4.0/pretrained-isolation-framework/outputs/imagenetv2/deit_tiny/deit_tiny_imagenetv2_layerwise.json
deit_tiny_imagenetv2,7,blocks.1.mlp.fc2,FP32__4to8,FP32,32,32,4to8,4,8,0.5,59.12,82.15,0.6900000000000048,0.539999999999992,15.04585176333785,True,succeeded,/storage/users/pdarbani/Mehrshad/Transformer/v4.0/pretrained-isolation-framework/outputs/imagenetv2/deit_tiny/deit_tiny_imagenetv2_layerwise.json
deit_tiny_imagenetv2,7,blocks.1.mlp.fc2,FP32__dense,FP32,32,32,dense,,,0.0,59.81,82.69,0.0,0.0,15.393279001116753,True,succeeded,/storage/users/pdarbani/Mehrshad/Transformer/v4.0/pretrained-isolation-framework/outputs/imagenetv2/deit_tiny/deit_tiny_imagenetv2_layerwise.json
deit_tiny_imagenetv2,7,blocks.1.mlp.fc2,INT4__2to4,INT4,4,4,2to4,2,4,0.5,50.26,74.54,9.550000000000004,8.149999999999991,15.247565910220146,True,succeeded,/storage/users/pdarbani/Mehrshad/Transformer/v4.0/pretrained-isolation-framework/outputs/imagenetv2/deit_tiny/deit_tiny_imagenetv2_layerwise.json
deit_tiny_imagenetv2,7,blocks.1.mlp.fc2,INT4__3to8,INT4,4,4,3to8,3,8,0.625,50.7,74.84,9.11,7.849999999999994,15.417415890842676,True,succeeded,/storage/users/pdarbani/Mehrshad/Transformer/v4.0/pretrained-isolation-framework/outputs/imagenetv2/deit_tiny/deit_tiny_imagenetv2_layerwise.json
deit_tiny_imagenetv2,7,blocks.1.mlp.fc2,INT4__4to8,INT4,4,4,4to8,4,8,0.5,50.68,74.76,9.130000000000003,7.929999999999993,15.536501606926322,True,succeeded,/storage/users/pdarbani/Mehrshad/Transformer/v4.0/pretrained-isolation-framework/outputs/imagenetv2/deit_tiny/deit_tiny_imagenetv2_layerwise.json
deit_tiny_imagenetv2,7,blocks.1.mlp.fc2,INT4__dense,INT4,4,4,dense,,,0.0,50.82,74.94,8.990000000000002,7.75,15.69795629195869,True,succeeded,/storage/users/pdarbani/Mehrshad/Transformer/v4.0/pretrained-isolation-framework/outputs/imagenetv2/deit_tiny/deit_tiny_imagenetv2_layerwise.json
deit_tiny_imagenetv2,7,blocks.1.mlp.fc2,INT6__2to4,INT6,6,6,2to4,2,4,0.5,58.33,81.85,1.480000000000004,0.8400000000000034,15.849414695054293,True,succeeded,/storage/users/pdarbani/Mehrshad/Transformer/v4.0/pretrained-isolation-framework/outputs/imagenetv2/deit_tiny/deit_tiny_imagenetv2_layerwise.json
deit_tiny_imagenetv2,7,blocks.1.mlp.fc2,INT6__3to8,INT6,6,6,3to8,3,8,0.625,58.35,81.67,1.4600000000000009,1.019999999999996,15.387575114145875,True,succeeded,/storage/users/pdarbani/Mehrshad/Transformer/v4.0/pretrained-isolation-framework/outputs/imagenetv2/deit_tiny/deit_tiny_imagenetv2_layerwise.json
deit_tiny_imagenetv2,7,blocks.1.mlp.fc2,INT6__4to8,INT6,6,6,4to8,4,8,0.5,58.59,81.99,1.2199999999999989,0.7000000000000028,15.294360490515828,True,succeeded,/storage/users/pdarbani/Mehrshad/Transformer/v4.0/pretrained-isolation-framework/outputs/imagenetv2/deit_tiny/deit_tiny_imagenetv2_layerwise.json
deit_tiny_imagenetv2,7,blocks.1.mlp.fc2,INT6__dense,INT6,6,6,dense,,,0.0,58.38,81.67,1.4299999999999997,1.019999999999996,15.370852392166853,True,succeeded,/storage/users/pdarbani/Mehrshad/Transformer/v4.0/pretrained-isolation-framework/outputs/imagenetv2/deit_tiny/deit_tiny_imagenetv2_layerwise.json
deit_tiny_imagenetv2,7,blocks.1.mlp.fc2,INT8__2to4,INT8,8,8,2to4,2,4,0.5,58.84,82.19,0.9699999999999989,0.5,15.564668172970414,True,succeeded,/storage/users/pdarbani/Mehrshad/Transformer/v4.0/pretrained-isolation-framework/outputs/imagenetv2/deit_tiny/deit_tiny_imagenetv2_layerwise.json
deit_tiny_imagenetv2,7,blocks.1.mlp.fc2,INT8__3to8,INT8,8,8,3to8,3,8,0.625,58.48,81.54,1.3300000000000054,1.1499999999999915,15.745464717969298,True,succeeded,/storage/users/pdarbani/Mehrshad/Transformer/v4.0/pretrained-isolation-framework/outputs/imagenetv2/deit_tiny/deit_tiny_imagenetv2_layerwise.json
deit_tiny_imagenetv2,7,blocks.1.mlp.fc2,INT8__4to8,INT8,8,8,4to8,4,8,0.5,59.03,82.2,0.7800000000000011,0.4899999999999949,15.827574126422405,True,succeeded,/storage/users/pdarbani/Mehrshad/Transformer/v4.0/pretrained-isolation-framework/outputs/imagenetv2/deit_tiny/deit_tiny_imagenetv2_layerwise.json
deit_tiny_imagenetv2,7,blocks.1.mlp.fc2,INT8__dense,INT8,8,8,dense,,,0.0,59.62,82.71,0.19000000000000483,-0.01999999999999602,15.656806731596589,True,succeeded,/storage/users/pdarbani/Mehrshad/Transformer/v4.0/pretrained-isolation-framework/outputs/imagenetv2/deit_tiny/deit_tiny_imagenetv2_layerwise.json
deit_tiny_imagenetv2,8,blocks.2.attn.qkv,FP32__2to4,FP32,32,32,2to4,2,4,0.5,59.25,82.11,0.5600000000000023,0.5799999999999983,15.748126344755292,True,succeeded,/storage/users/pdarbani/Mehrshad/Transformer/v4.0/pretrained-isolation-framework/outputs/imagenetv2/deit_tiny/deit_tiny_imagenetv2_layerwise.json
deit_tiny_imagenetv2,8,blocks.2.attn.qkv,FP32__3to8,FP32,32,32,3to8,3,8,0.625,58.64,81.6,1.1700000000000017,1.0900000000000034,15.651455650106072,True,succeeded,/storage/users/pdarbani/Mehrshad/Transformer/v4.0/pretrained-isolation-framework/outputs/imagenetv2/deit_tiny/deit_tiny_imagenetv2_layerwise.json
deit_tiny_imagenetv2,8,blocks.2.attn.qkv,FP32__4to8,FP32,32,32,4to8,4,8,0.5,59.16,82.31,0.6500000000000057,0.37999999999999545,15.725458074361086,True,succeeded,/storage/users/pdarbani/Mehrshad/Transformer/v4.0/pretrained-isolation-framework/outputs/imagenetv2/deit_tiny/deit_tiny_imagenetv2_layerwise.json
deit_tiny_imagenetv2,8,blocks.2.attn.qkv,FP32__dense,FP32,32,32,dense,,,0.0,59.81,82.69,0.0,0.0,15.459031336009502,True,succeeded,/storage/users/pdarbani/Mehrshad/Transformer/v4.0/pretrained-isolation-framework/outputs/imagenetv2/deit_tiny/deit_tiny_imagenetv2_layerwise.json
deit_tiny_imagenetv2,8,blocks.2.attn.qkv,INT4__2to4,INT4,4,4,2to4,2,4,0.5,58.84,81.83,0.9699999999999989,0.8599999999999994,16.252632213756442,True,succeeded,/storage/users/pdarbani/Mehrshad/Transformer/v4.0/pretrained-isolation-framework/outputs/imagenetv2/deit_tiny/deit_tiny_imagenetv2_layerwise.json
deit_tiny_imagenetv2,8,blocks.2.attn.qkv,INT4__3to8,INT4,4,4,3to8,3,8,0.625,58.5,81.49,1.3100000000000023,1.2000000000000028,15.265429321676493,True,succeeded,/storage/users/pdarbani/Mehrshad/Transformer/v4.0/pretrained-isolation-framework/outputs/imagenetv2/deit_tiny/deit_tiny_imagenetv2_layerwise.json
deit_tiny_imagenetv2,8,blocks.2.attn.qkv,INT4__4to8,INT4,4,4,4to8,4,8,0.5,58.91,82.01,0.9000000000000057,0.6799999999999926,15.426527736708522,True,succeeded,/storage/users/pdarbani/Mehrshad/Transformer/v4.0/pretrained-isolation-framework/outputs/imagenetv2/deit_tiny/deit_tiny_imagenetv2_layerwise.json
deit_tiny_imagenetv2,8,blocks.2.attn.qkv,INT4__dense,INT4,4,4,dense,,,0.0,59.17,81.97,0.6400000000000006,0.7199999999999989,15.430354740470648,True,succeeded,/storage/users/pdarbani/Mehrshad/Transformer/v4.0/pretrained-isolation-framework/outputs/imagenetv2/deit_tiny/deit_tiny_imagenetv2_layerwise.json
deit_tiny_imagenetv2,8,blocks.2.attn.qkv,INT6__2to4,INT6,6,6,2to4,2,4,0.5,59.25,82.05,0.5600000000000023,0.6400000000000006,15.80848522298038,True,succeeded,/storage/users/pdarbani/Mehrshad/Transformer/v4.0/pretrained-isolation-framework/outputs/imagenetv2/deit_tiny/deit_tiny_imagenetv2_layerwise.json
deit_tiny_imagenetv2,8,blocks.2.attn.qkv,INT6__3to8,INT6,6,6,3to8,3,8,0.625,58.5,81.48,1.3100000000000023,1.2099999999999937,15.496591811999679,True,succeeded,/storage/users/pdarbani/Mehrshad/Transformer/v4.0/pretrained-isolation-framework/outputs/imagenetv2/deit_tiny/deit_tiny_imagenetv2_layerwise.json
deit_tiny_imagenetv2,8,blocks.2.attn.qkv,INT6__4to8,INT6,6,6,4to8,4,8,0.5,59.29,82.36,0.5200000000000031,0.3299999999999983,15.634366922080517,True,succeeded,/storage/users/pdarbani/Mehrshad/Transformer/v4.0/pretrained-isolation-framework/outputs/imagenetv2/deit_tiny/deit_tiny_imagenetv2_layerwise.json
deit_tiny_imagenetv2,8,blocks.2.attn.qkv,INT6__dense,INT6,6,6,dense,,,0.0,59.92,82.66,-0.10999999999999943,0.030000000000001137,15.340757980942726,True,succeeded,/storage/users/pdarbani/Mehrshad/Transformer/v4.0/pretrained-isolation-framework/outputs/imagenetv2/deit_tiny/deit_tiny_imagenetv2_layerwise.json
deit_tiny_imagenetv2,8,blocks.2.attn.qkv,INT8__2to4,INT8,8,8,2to4,2,4,0.5,59.25,82.05,0.5600000000000023,0.6400000000000006,15.493274677544832,True,succeeded,/storage/users/pdarbani/Mehrshad/Transformer/v4.0/pretrained-isolation-framework/outputs/imagenetv2/deit_tiny/deit_tiny_imagenetv2_layerwise.json
deit_tiny_imagenetv2,8,blocks.2.attn.qkv,INT8__3to8,INT8,8,8,3to8,3,8,0.625,58.56,81.62,1.25,1.0699999999999932,15.601980527862906,True,succeeded,/storage/users/pdarbani/Mehrshad/Transformer/v4.0/pretrained-isolation-framework/outputs/imagenetv2/deit_tiny/deit_tiny_imagenetv2_layerwise.json
deit_tiny_imagenetv2,8,blocks.2.attn.qkv,INT8__4to8,INT8,8,8,4to8,4,8,0.5,59.12,82.3,0.6900000000000048,0.39000000000000057,15.416525768116117,True,succeeded,/storage/users/pdarbani/Mehrshad/Transformer/v4.0/pretrained-isolation-framework/outputs/imagenetv2/deit_tiny/deit_tiny_imagenetv2_layerwise.json
deit_tiny_imagenetv2,8,blocks.2.attn.qkv,INT8__dense,INT8,8,8,dense,,,0.0,59.83,82.73,-0.01999999999999602,-0.04000000000000625,15.319543328136206,True,succeeded,/storage/users/pdarbani/Mehrshad/Transformer/v4.0/pretrained-isolation-framework/outputs/imagenetv2/deit_tiny/deit_tiny_imagenetv2_layerwise.json
deit_tiny_imagenetv2,9,blocks.2.attn.proj,FP32__2to4,FP32,32,32,2to4,2,4,0.5,59.48,82.45,0.3300000000000054,0.23999999999999488,15.543294696137309,True,succeeded,/storage/users/pdarbani/Mehrshad/Transformer/v4.0/pretrained-isolation-framework/outputs/imagenetv2/deit_tiny/deit_tiny_imagenetv2_layerwise.json
deit_tiny_imagenetv2,9,blocks.2.attn.proj,FP32__3to8,FP32,32,32,3to8,3,8,0.625,59.12,82.26,0.6900000000000048,0.4299999999999926,15.755349069833755,True,succeeded,/storage/users/pdarbani/Mehrshad/Transformer/v4.0/pretrained-isolation-framework/outputs/imagenetv2/deit_tiny/deit_tiny_imagenetv2_layerwise.json
deit_tiny_imagenetv2,9,blocks.2.attn.proj,FP32__4to8,FP32,32,32,4to8,4,8,0.5,59.53,82.39,0.28000000000000114,0.29999999999999716,15.638342157006264,True,succeeded,/storage/users/pdarbani/Mehrshad/Transformer/v4.0/pretrained-isolation-framework/outputs/imagenetv2/deit_tiny/deit_tiny_imagenetv2_layerwise.json
deit_tiny_imagenetv2,9,blocks.2.attn.proj,FP32__dense,FP32,32,32,dense,,,0.0,59.81,82.69,0.0,0.0,15.444513782858849,True,succeeded,/storage/users/pdarbani/Mehrshad/Transformer/v4.0/pretrained-isolation-framework/outputs/imagenetv2/deit_tiny/deit_tiny_imagenetv2_layerwise.json
deit_tiny_imagenetv2,9,blocks.2.attn.proj,INT4__2to4,INT4,4,4,2to4,2,4,0.5,59.32,82.4,0.490000000000002,0.28999999999999204,15.676092680543661,True,succeeded,/storage/users/pdarbani/Mehrshad/Transformer/v4.0/pretrained-isolation-framework/outputs/imagenetv2/deit_tiny/deit_tiny_imagenetv2_layerwise.json
deit_tiny_imagenetv2,9,blocks.2.attn.proj,INT4__3to8,INT4,4,4,3to8,3,8,0.625,59.14,82.05,0.6700000000000017,0.6400000000000006,15.693902393803,True,succeeded,/storage/users/pdarbani/Mehrshad/Transformer/v4.0/pretrained-isolation-framework/outputs/imagenetv2/deit_tiny/deit_tiny_imagenetv2_layerwise.json
deit_tiny_imagenetv2,9,blocks.2.attn.proj,INT4__4to8,INT4,4,4,4to8,4,8,0.5,59.19,82.3,0.6200000000000045,0.39000000000000057,15.803176436573267,True,succeeded,/storage/users/pdarbani/Mehrshad/Transformer/v4.0/pretrained-isolation-framework/outputs/imagenetv2/deit_tiny/deit_tiny_imagenetv2_layerwise.json
deit_tiny_imagenetv2,9,blocks.2.attn.proj,INT4__dense,INT4,4,4,dense,,,0.0,59.67,82.45,0.14000000000000057,0.23999999999999488,15.523386023938656,True,succeeded,/storage/users/pdarbani/Mehrshad/Transformer/v4.0/pretrained-isolation-framework/outputs/imagenetv2/deit_tiny/deit_tiny_imagenetv2_layerwise.json
deit_tiny_imagenetv2,9,blocks.2.attn.proj,INT6__2to4,INT6,6,6,2to4,2,4,0.5,59.4,82.48,0.4100000000000037,0.20999999999999375,15.320228550583124,True,succeeded,/storage/users/pdarbani/Mehrshad/Transformer/v4.0/pretrained-isolation-framework/outputs/imagenetv2/deit_tiny/deit_tiny_imagenetv2_layerwise.json
deit_tiny_imagenetv2,9,blocks.2.attn.proj,INT6__3to8,INT6,6,6,3to8,3,8,0.625,59.14,82.22,0.6700000000000017,0.46999999999999886,15.188037453219295,True,succeeded,/storage/users/pdarbani/Mehrshad/Transformer/v4.0/pretrained-isolation-framework/outputs/imagenetv2/deit_tiny/deit_tiny_imagenetv2_layerwise.json
deit_tiny_imagenetv2,9,blocks.2.attn.proj,INT6__4to8,INT6,6,6,4to8,4,8,0.5,59.55,82.4,0.2600000000000051,0.28999999999999204,15.635734908282757,True,succeeded,/storage/users/pdarbani/Mehrshad/Transformer/v4.0/pretrained-isolation-framework/outputs/imagenetv2/deit_tiny/deit_tiny_imagenetv2_layerwise.json
deit_tiny_imagenetv2,9,blocks.2.attn.proj,INT6__dense,INT6,6,6,dense,,,0.0,59.9,82.79,-0.0899999999999963,-0.10000000000000853,15.735413901507854,True,succeeded,/storage/users/pdarbani/Mehrshad/Transformer/v4.0/pretrained-isolation-framework/outputs/imagenetv2/deit_tiny/deit_tiny_imagenetv2_layerwise.json
deit_tiny_imagenetv2,9,blocks.2.attn.proj,INT8__2to4,INT8,8,8,2to4,2,4,0.5,59.48,82.45,0.3300000000000054,0.23999999999999488,15.75458450615406,True,succeeded,/storage/users/pdarbani/Mehrshad/Transformer/v4.0/pretrained-isolation-framework/outputs/imagenetv2/deit_tiny/deit_tiny_imagenetv2_layerwise.json
deit_tiny_imagenetv2,9,blocks.2.attn.proj,INT8__3to8,INT8,8,8,3to8,3,8,0.625,59.15,82.26,0.6600000000000037,0.4299999999999926,15.222059734165668,True,succeeded,/storage/users/pdarbani/Mehrshad/Transformer/v4.0/pretrained-isolation-framework/outputs/imagenetv2/deit_tiny/deit_tiny_imagenetv2_layerwise.json
deit_tiny_imagenetv2,9,blocks.2.attn.proj,INT8__4to8,INT8,8,8,4to8,4,8,0.5,59.49,82.37,0.3200000000000003,0.3199999999999932,15.608979539945722,True,succeeded,/storage/users/pdarbani/Mehrshad/Transformer/v4.0/pretrained-isolation-framework/outputs/imagenetv2/deit_tiny/deit_tiny_imagenetv2_layerwise.json
deit_tiny_imagenetv2,9,blocks.2.attn.proj,INT8__dense,INT8,8,8,dense,,,0.0,59.77,82.7,0.03999999999999915,-0.010000000000005116,15.671609949320555,True,succeeded,/storage/users/pdarbani/Mehrshad/Transformer/v4.0/pretrained-isolation-framework/outputs/imagenetv2/deit_tiny/deit_tiny_imagenetv2_layerwise.json
deit_tiny_imagenetv2,10,blocks.2.mlp.fc1,FP32__2to4,FP32,32,32,2to4,2,4,0.5,58.58,81.87,1.230000000000004,0.8199999999999932,15.959447413682938,True,succeeded,/storage/users/pdarbani/Mehrshad/Transformer/v4.0/pretrained-isolation-framework/outputs/imagenetv2/deit_tiny/deit_tiny_imagenetv2_layerwise.json
deit_tiny_imagenetv2,10,blocks.2.mlp.fc1,FP32__3to8,FP32,32,32,3to8,3,8,0.625,57.79,81.51,2.020000000000003,1.1799999999999926,15.170679207891226,True,succeeded,/storage/users/pdarbani/Mehrshad/Transformer/v4.0/pretrained-isolation-framework/outputs/imagenetv2/deit_tiny/deit_tiny_imagenetv2_layerwise.json
deit_tiny_imagenetv2,10,blocks.2.mlp.fc1,FP32__4to8,FP32,32,32,4to8,4,8,0.5,58.95,81.93,0.8599999999999994,0.7599999999999909,15.131165239959955,True,succeeded,/storage/users/pdarbani/Mehrshad/Transformer/v4.0/pretrained-isolation-framework/outputs/imagenetv2/deit_tiny/deit_tiny_imagenetv2_layerwise.json
deit_tiny_imagenetv2,10,blocks.2.mlp.fc1,FP32__dense,FP32,32,32,dense,,,0.0,59.81,82.69,0.0,0.0,15.420813672244549,True,succeeded,/storage/users/pdarbani/Mehrshad/Transformer/v4.0/pretrained-isolation-framework/outputs/imagenetv2/deit_tiny/deit_tiny_imagenetv2_layerwise.json
deit_tiny_imagenetv2,10,blocks.2.mlp.fc1,INT4__2to4,INT4,4,4,2to4,2,4,0.5,58.22,81.57,1.5900000000000034,1.1200000000000045,15.821211729198694,True,succeeded,/storage/users/pdarbani/Mehrshad/Transformer/v4.0/pretrained-isolation-framework/outputs/imagenetv2/deit_tiny/deit_tiny_imagenetv2_layerwise.json
deit_tiny_imagenetv2,10,blocks.2.mlp.fc1,INT4__3to8,INT4,4,4,3to8,3,8,0.625,57.84,81.27,1.9699999999999989,1.4200000000000017,15.834735792130232,True,succeeded,/storage/users/pdarbani/Mehrshad/Transformer/v4.0/pretrained-isolation-framework/outputs/imagenetv2/deit_tiny/deit_tiny_imagenetv2_layerwise.json
deit_tiny_imagenetv2,10,blocks.2.mlp.fc1,INT4__4to8,INT4,4,4,4to8,4,8,0.5,58.56,81.8,1.25,0.8900000000000006,16.215812472626567,True,succeeded,/storage/users/pdarbani/Mehrshad/Transformer/v4.0/pretrained-isolation-framework/outputs/imagenetv2/deit_tiny/deit_tiny_imagenetv2_layerwise.json
deit_tiny_imagenetv2,10,blocks.2.mlp.fc1,INT4__dense,INT4,4,4,dense,,,0.0,58.97,82.09,0.8400000000000034,0.5999999999999943,15.490862272679806,True,succeeded,/storage/users/pdarbani/Mehrshad/Transformer/v4.0/pretrained-isolation-framework/outputs/imagenetv2/deit_tiny/deit_tiny_imagenetv2_layerwise.json
deit_tiny_imagenetv2,10,blocks.2.mlp.fc1,INT6__2to4,INT6,6,6,2to4,2,4,0.5,58.51,81.77,1.3000000000000043,0.9200000000000017,15.795179476961493,True,succeeded,/storage/users/pdarbani/Mehrshad/Transformer/v4.0/pretrained-isolation-framework/outputs/imagenetv2/deit_tiny/deit_tiny_imagenetv2_layerwise.json
deit_tiny_imagenetv2,10,blocks.2.mlp.fc1,INT6__3to8,INT6,6,6,3to8,3,8,0.625,57.91,81.57,1.9000000000000057,1.1200000000000045,15.779803302139044,True,succeeded,/storage/users/pdarbani/Mehrshad/Transformer/v4.0/pretrained-isolation-framework/outputs/imagenetv2/deit_tiny/deit_tiny_imagenetv2_layerwise.json
deit_tiny_imagenetv2,10,blocks.2.mlp.fc1,INT6__4to8,INT6,6,6,4to8,4,8,0.5,58.93,81.84,0.8800000000000026,0.8499999999999943,15.39632360264659,True,succeeded,/storage/users/pdarbani/Mehrshad/Transformer/v4.0/pretrained-isolation-framework/outputs/imagenetv2/deit_tiny/deit_tiny_imagenetv2_layerwise.json
deit_tiny_imagenetv2,10,blocks.2.mlp.fc1,INT6__dense,INT6,6,6,dense,,,0.0,59.85,82.68,-0.03999999999999915,0.009999999999990905,15.59080109745264,True,succeeded,/storage/users/pdarbani/Mehrshad/Transformer/v4.0/pretrained-isolation-framework/outputs/imagenetv2/deit_tiny/deit_tiny_imagenetv2_layerwise.json
deit_tiny_imagenetv2,10,blocks.2.mlp.fc1,INT8__2to4,INT8,8,8,2to4,2,4,0.5,58.58,81.93,1.230000000000004,0.7599999999999909,15.53313116170466,True,succeeded,/storage/users/pdarbani/Mehrshad/Transformer/v4.0/pretrained-isolation-framework/outputs/imagenetv2/deit_tiny/deit_tiny_imagenetv2_layerwise.json
deit_tiny_imagenetv2,10,blocks.2.mlp.fc1,INT8__3to8,INT8,8,8,3to8,3,8,0.625,57.75,81.53,2.0600000000000023,1.1599999999999966,15.352524464949965,True,succeeded,/storage/users/pdarbani/Mehrshad/Transformer/v4.0/pretrained-isolation-framework/outputs/imagenetv2/deit_tiny/deit_tiny_imagenetv2_layerwise.json
deit_tiny_imagenetv2,10,blocks.2.mlp.fc1,INT8__4to8,INT8,8,8,4to8,4,8,0.5,58.86,81.95,0.9500000000000028,0.7399999999999949,15.317284815013409,True,succeeded,/storage/users/pdarbani/Mehrshad/Transformer/v4.0/pretrained-isolation-framework/outputs/imagenetv2/deit_tiny/deit_tiny_imagenetv2_layerwise.json
deit_tiny_imagenetv2,10,blocks.2.mlp.fc1,INT8__dense,INT8,8,8,dense,,,0.0,59.81,82.71,0.0,-0.01999999999999602,15.580803208053112,True,succeeded,/storage/users/pdarbani/Mehrshad/Transformer/v4.0/pretrained-isolation-framework/outputs/imagenetv2/deit_tiny/deit_tiny_imagenetv2_layerwise.json
deit_tiny_imagenetv2,11,blocks.2.mlp.fc2,FP32__2to4,FP32,32,32,2to4,2,4,0.5,59.18,82.23,0.6300000000000026,0.45999999999999375,15.92736517265439,True,succeeded,/storage/users/pdarbani/Mehrshad/Transformer/v4.0/pretrained-isolation-framework/outputs/imagenetv2/deit_tiny/deit_tiny_imagenetv2_layerwise.json
deit_tiny_imagenetv2,11,blocks.2.mlp.fc2,FP32__3to8,FP32,32,32,3to8,3,8,0.625,59.05,82.03,0.7600000000000051,0.6599999999999966,15.629353551194072,True,succeeded,/storage/users/pdarbani/Mehrshad/Transformer/v4.0/pretrained-isolation-framework/outputs/imagenetv2/deit_tiny/deit_tiny_imagenetv2_layerwise.json
deit_tiny_imagenetv2,11,blocks.2.mlp.fc2,FP32__4to8,FP32,32,32,4to8,4,8,0.5,59.35,82.48,0.46000000000000085,0.20999999999999375,15.59377564303577,True,succeeded,/storage/users/pdarbani/Mehrshad/Transformer/v4.0/pretrained-isolation-framework/outputs/imagenetv2/deit_tiny/deit_tiny_imagenetv2_layerwise.json
deit_tiny_imagenetv2,11,blocks.2.mlp.fc2,FP32__dense,FP32,32,32,dense,,,0.0,59.81,82.69,0.0,0.0,15.69885959662497,True,succeeded,/storage/users/pdarbani/Mehrshad/Transformer/v4.0/pretrained-isolation-framework/outputs/imagenetv2/deit_tiny/deit_tiny_imagenetv2_layerwise.json
deit_tiny_imagenetv2,11,blocks.2.mlp.fc2,INT4__2to4,INT4,4,4,2to4,2,4,0.5,50.83,75.74,8.980000000000004,6.950000000000003,15.580376572906971,True,succeeded,/storage/users/pdarbani/Mehrshad/Transformer/v4.0/pretrained-isolation-framework/outputs/imagenetv2/deit_tiny/deit_tiny_imagenetv2_layerwise.json
deit_tiny_imagenetv2,11,blocks.2.mlp.fc2,INT4__3to8,INT4,4,4,3to8,3,8,0.625,50.91,75.63,8.900000000000006,7.060000000000002,15.29325713030994,True,succeeded,/storage/users/pdarbani/Mehrshad/Transformer/v4.0/pretrained-isolation-framework/outputs/imagenetv2/deit_tiny/deit_tiny_imagenetv2_layerwise.json
deit_tiny_imagenetv2,11,blocks.2.mlp.fc2,INT4__4to8,INT4,4,4,4to8,4,8,0.5,50.69,75.66,9.120000000000005,7.030000000000001,15.668400686234236,True,succeeded,/storage/users/pdarbani/Mehrshad/Transformer/v4.0/pretrained-isolation-framework/outputs/imagenetv2/deit_tiny/deit_tiny_imagenetv2_layerwise.json
deit_tiny_imagenetv2,11,blocks.2.mlp.fc2,INT4__dense,INT4,4,4,dense,,,0.0,51.03,75.67,8.780000000000001,7.019999999999996,15.493453091010451,True,succeeded,/storage/users/pdarbani/Mehrshad/Transformer/v4.0/pretrained-isolation-framework/outputs/imagenetv2/deit_tiny/deit_tiny_imagenetv2_layerwise.json
deit_tiny_imagenetv2,11,blocks.2.mlp.fc2,INT6__2to4,INT6,6,6,2to4,2,4,0.5,59.06,82.1,0.75,0.5900000000000034,15.831443337723613,True,succeeded,/storage/users/pdarbani/Mehrshad/Transformer/v4.0/pretrained-isolation-framework/outputs/imagenetv2/deit_tiny/deit_tiny_imagenetv2_layerwise.json
deit_tiny_imagenetv2,11,blocks.2.mlp.fc2,INT6__3to8,INT6,6,6,3to8,3,8,0.625,58.76,81.89,1.0500000000000043,0.7999999999999972,16.13696099817753,True,succeeded,/storage/users/pdarbani/Mehrshad/Transformer/v4.0/pretrained-isolation-framework/outputs/imagenetv2/deit_tiny/deit_tiny_imagenetv2_layerwise.json
deit_tiny_imagenetv2,11,blocks.2.mlp.fc2,INT6__4to8,INT6,6,6,4to8,4,8,0.5,59.17,82.31,0.6400000000000006,0.37999999999999545,15.728879192844033,True,succeeded,/storage/users/pdarbani/Mehrshad/Transformer/v4.0/pretrained-isolation-framework/outputs/imagenetv2/deit_tiny/deit_tiny_imagenetv2_layerwise.json
deit_tiny_imagenetv2,11,blocks.2.mlp.fc2,INT6__dense,INT6,6,6,dense,,,0.0,59.18,82.51,0.6300000000000026,0.1799999999999926,15.690272249281406,True,succeeded,/storage/users/pdarbani/Mehrshad/Transformer/v4.0/pretrained-isolation-framework/outputs/imagenetv2/deit_tiny/deit_tiny_imagenetv2_layerwise.json
deit_tiny_imagenetv2,11,blocks.2.mlp.fc2,INT8__2to4,INT8,8,8,2to4,2,4,0.5,59.24,82.2,0.5700000000000003,0.4899999999999949,15.351893953979015,True,succeeded,/storage/users/pdarbani/Mehrshad/Transformer/v4.0/pretrained-isolation-framework/outputs/imagenetv2/deit_tiny/deit_tiny_imagenetv2_layerwise.json
deit_tiny_imagenetv2,11,blocks.2.mlp.fc2,INT8__3to8,INT8,8,8,3to8,3,8,0.625,58.93,82.07,0.8800000000000026,0.6200000000000045,15.475062919780612,True,succeeded,/storage/users/pdarbani/Mehrshad/Transformer/v4.0/pretrained-isolation-framework/outputs/imagenetv2/deit_tiny/deit_tiny_imagenetv2_layerwise.json
deit_tiny_imagenetv2,11,blocks.2.mlp.fc2,INT8__4to8,INT8,8,8,4to8,4,8,0.5,59.47,82.47,0.3400000000000034,0.21999999999999886,15.587927177548409,True,succeeded,/storage/users/pdarbani/Mehrshad/Transformer/v4.0/pretrained-isolation-framework/outputs/imagenetv2/deit_tiny/deit_tiny_imagenetv2_layerwise.json
deit_tiny_imagenetv2,11,blocks.2.mlp.fc2,INT8__dense,INT8,8,8,dense,,,0.0,59.76,82.74,0.05000000000000426,-0.04999999999999716,15.65782868489623,True,succeeded,/storage/users/pdarbani/Mehrshad/Transformer/v4.0/pretrained-isolation-framework/outputs/imagenetv2/deit_tiny/deit_tiny_imagenetv2_layerwise.json
deit_tiny_imagenetv2,12,blocks.3.attn.qkv,FP32__2to4,FP32,32,32,2to4,2,4,0.5,59.19,82.15,0.6200000000000045,0.539999999999992,15.742124162614346,True,succeeded,/storage/users/pdarbani/Mehrshad/Transformer/v4.0/pretrained-isolation-framework/outputs/imagenetv2/deit_tiny/deit_tiny_imagenetv2_layerwise.json
deit_tiny_imagenetv2,12,blocks.3.attn.qkv,FP32__3to8,FP32,32,32,3to8,3,8,0.625,58.75,81.67,1.0600000000000023,1.019999999999996,15.5223399810493,True,succeeded,/storage/users/pdarbani/Mehrshad/Transformer/v4.0/pretrained-isolation-framework/outputs/imagenetv2/deit_tiny/deit_tiny_imagenetv2_layerwise.json
deit_tiny_imagenetv2,12,blocks.3.attn.qkv,FP32__4to8,FP32,32,32,4to8,4,8,0.5,59.34,82.18,0.46999999999999886,0.5099999999999909,15.577062228694558,True,succeeded,/storage/users/pdarbani/Mehrshad/Transformer/v4.0/pretrained-isolation-framework/outputs/imagenetv2/deit_tiny/deit_tiny_imagenetv2_layerwise.json
deit_tiny_imagenetv2,12,blocks.3.attn.qkv,FP32__dense,FP32,32,32,dense,,,0.0,59.81,82.69,0.0,0.0,15.808730818331242,True,succeeded,/storage/users/pdarbani/Mehrshad/Transformer/v4.0/pretrained-isolation-framework/outputs/imagenetv2/deit_tiny/deit_tiny_imagenetv2_layerwise.json
deit_tiny_imagenetv2,12,blocks.3.attn.qkv,INT4__2to4,INT4,4,4,2to4,2,4,0.5,58.9,82.15,0.9100000000000037,0.539999999999992,15.654651431366801,True,succeeded,/storage/users/pdarbani/Mehrshad/Transformer/v4.0/pretrained-isolation-framework/outputs/imagenetv2/deit_tiny/deit_tiny_imagenetv2_layerwise.json
deit_tiny_imagenetv2,12,blocks.3.attn.qkv,INT4__3to8,INT4,4,4,3to8,3,8,0.625,58.81,81.78,1.0,0.9099999999999966,16.03803626820445,True,succeeded,/storage/users/pdarbani/Mehrshad/Transformer/v4.0/pretrained-isolation-framework/outputs/imagenetv2/deit_tiny/deit_tiny_imagenetv2_layerwise.json
deit_tiny_imagenetv2,12,blocks.3.attn.qkv,INT4__4to8,INT4,4,4,4to8,4,8,0.5,59.15,82.06,0.6600000000000037,0.6299999999999955,15.826977394521236,True,succeeded,/storage/users/pdarbani/Mehrshad/Transformer/v4.0/pretrained-isolation-framework/outputs/imagenetv2/deit_tiny/deit_tiny_imagenetv2_layerwise.json
deit_tiny_imagenetv2,12,blocks.3.attn.qkv,INT4__dense,INT4,4,4,dense,,,0.0,59.17,82.38,0.6400000000000006,0.3100000000000023,15.415265997871757,True,succeeded,/storage/users/pdarbani/Mehrshad/Transformer/v4.0/pretrained-isolation-framework/outputs/imagenetv2/deit_tiny/deit_tiny_imagenetv2_layerwise.json
deit_tiny_imagenetv2,12,blocks.3.attn.qkv,INT6__2to4,INT6,6,6,2to4,2,4,0.5,59.19,82.08,0.6200000000000045,0.6099999999999994,15.745231091976166,True,succeeded,/storage/users/pdarbani/Mehrshad/Transformer/v4.0/pretrained-isolation-framework/outputs/imagenetv2/deit_tiny/deit_tiny_imagenetv2_layerwise.json
deit_tiny_imagenetv2,12,blocks.3.attn.qkv,INT6__3to8,INT6,6,6,3to8,3,8,0.625,58.75,81.68,1.0600000000000023,1.009999999999991,15.993599150329828,True,succeeded,/storage/users/pdarbani/Mehrshad/Transformer/v4.0/pretrained-isolation-framework/outputs/imagenetv2/deit_tiny/deit_tiny_imagenetv2_layerwise.json
deit_tiny_imagenetv2,12,blocks.3.attn.qkv,INT6__4to8,INT6,6,6,4to8,4,8,0.5,59.34,82.16,0.46999999999999886,0.5300000000000011,15.720098739489913,True,succeeded,/storage/users/pdarbani/Mehrshad/Transformer/v4.0/pretrained-isolation-framework/outputs/imagenetv2/deit_tiny/deit_tiny_imagenetv2_layerwise.json
deit_tiny_imagenetv2,12,blocks.3.attn.qkv,INT6__dense,INT6,6,6,dense,,,0.0,59.83,82.7,-0.01999999999999602,-0.010000000000005116,15.490298500284553,True,succeeded,/storage/users/pdarbani/Mehrshad/Transformer/v4.0/pretrained-isolation-framework/outputs/imagenetv2/deit_tiny/deit_tiny_imagenetv2_layerwise.json
deit_tiny_imagenetv2,12,blocks.3.attn.qkv,INT8__2to4,INT8,8,8,2to4,2,4,0.5,59.13,82.16,0.6799999999999997,0.5300000000000011,15.627002343535423,True,succeeded,/storage/users/pdarbani/Mehrshad/Transformer/v4.0/pretrained-isolation-framework/outputs/imagenetv2/deit_tiny/deit_tiny_imagenetv2_layerwise.json
deit_tiny_imagenetv2,12,blocks.3.attn.qkv,INT8__3to8,INT8,8,8,3to8,3,8,0.625,58.69,81.69,1.1200000000000045,1.0,15.414432037621737,True,succeeded,/storage/users/pdarbani/Mehrshad/Transformer/v4.0/pretrained-isolation-framework/outputs/imagenetv2/deit_tiny/deit_tiny_imagenetv2_layerwise.json
deit_tiny_imagenetv2,12,blocks.3.attn.qkv,INT8__4to8,INT8,8,8,4to8,4,8,0.5,59.35,82.21,0.46000000000000085,0.480000000000004,15.292430199682713,True,succeeded,/storage/users/pdarbani/Mehrshad/Transformer/v4.0/pretrained-isolation-framework/outputs/imagenetv2/deit_tiny/deit_tiny_imagenetv2_layerwise.json
deit_tiny_imagenetv2,12,blocks.3.attn.qkv,INT8__dense,INT8,8,8,dense,,,0.0,59.75,82.71,0.060000000000002274,-0.01999999999999602,15.710111659020185,True,succeeded,/storage/users/pdarbani/Mehrshad/Transformer/v4.0/pretrained-isolation-framework/outputs/imagenetv2/deit_tiny/deit_tiny_imagenetv2_layerwise.json
deit_tiny_imagenetv2,13,blocks.3.attn.proj,FP32__2to4,FP32,32,32,2to4,2,4,0.5,59.36,82.32,0.45000000000000284,0.37000000000000455,15.430152468383312,True,succeeded,/storage/users/pdarbani/Mehrshad/Transformer/v4.0/pretrained-isolation-framework/outputs/imagenetv2/deit_tiny/deit_tiny_imagenetv2_layerwise.json
deit_tiny_imagenetv2,13,blocks.3.attn.proj,FP32__3to8,FP32,32,32,3to8,3,8,0.625,59.39,82.22,0.4200000000000017,0.46999999999999886,15.462628617882729,True,succeeded,/storage/users/pdarbani/Mehrshad/Transformer/v4.0/pretrained-isolation-framework/outputs/imagenetv2/deit_tiny/deit_tiny_imagenetv2_layerwise.json
deit_tiny_imagenetv2,13,blocks.3.attn.proj,FP32__4to8,FP32,32,32,4to8,4,8,0.5,59.53,82.47,0.28000000000000114,0.21999999999999886,15.393412871286273,True,succeeded,/storage/users/pdarbani/Mehrshad/Transformer/v4.0/pretrained-isolation-framework/outputs/imagenetv2/deit_tiny/deit_tiny_imagenetv2_layerwise.json
deit_tiny_imagenetv2,13,blocks.3.attn.proj,FP32__dense,FP32,32,32,dense,,,0.0,59.81,82.69,0.0,0.0,15.419301375746727,True,succeeded,/storage/users/pdarbani/Mehrshad/Transformer/v4.0/pretrained-isolation-framework/outputs/imagenetv2/deit_tiny/deit_tiny_imagenetv2_layerwise.json
deit_tiny_imagenetv2,13,blocks.3.attn.proj,INT4__2to4,INT4,4,4,2to4,2,4,0.5,59.35,82.42,0.46000000000000085,0.269999999999996,15.35233024135232,True,succeeded,/storage/users/pdarbani/Mehrshad/Transformer/v4.0/pretrained-isolation-framework/outputs/imagenetv2/deit_tiny/deit_tiny_imagenetv2_layerwise.json
deit_tiny_imagenetv2,13,blocks.3.attn.proj,INT4__3to8,INT4,4,4,3to8,3,8,0.625,59.24,82.13,0.5700000000000003,0.5600000000000023,15.90706611983478,True,succeeded,/storage/users/pdarbani/Mehrshad/Transformer/v4.0/pretrained-isolation-framework/outputs/imagenetv2/deit_tiny/deit_tiny_imagenetv2_layerwise.json
deit_tiny_imagenetv2,13,blocks.3.attn.proj,INT4__4to8,INT4,4,4,4to8,4,8,0.5,59.17,82.4,0.6400000000000006,0.28999999999999204,15.701660491526127,True,succeeded,/storage/users/pdarbani/Mehrshad/Transformer/v4.0/pretrained-isolation-framework/outputs/imagenetv2/deit_tiny/deit_tiny_imagenetv2_layerwise.json
deit_tiny_imagenetv2,13,blocks.3.attn.proj,INT4__dense,INT4,4,4,dense,,,0.0,59.21,82.48,0.6000000000000014,0.20999999999999375,15.217157552018762,True,succeeded,/storage/users/pdarbani/Mehrshad/Transformer/v4.0/pretrained-isolation-framework/outputs/imagenetv2/deit_tiny/deit_tiny_imagenetv2_layerwise.json
deit_tiny_imagenetv2,13,blocks.3.attn.proj,INT6__2to4,INT6,6,6,2to4,2,4,0.5,59.36,82.29,0.45000000000000284,0.3999999999999915,15.737677875906229,True,succeeded,/storage/users/pdarbani/Mehrshad/Transformer/v4.0/pretrained-isolation-framework/outputs/imagenetv2/deit_tiny/deit_tiny_imagenetv2_layerwise.json
deit_tiny_imagenetv2,13,blocks.3.attn.proj,INT6__3to8,INT6,6,6,3to8,3,8,0.625,59.34,82.23,0.46999999999999886,0.45999999999999375,15.422854643315077,True,succeeded,/storage/users/pdarbani/Mehrshad/Transformer/v4.0/pretrained-isolation-framework/outputs/imagenetv2/deit_tiny/deit_tiny_imagenetv2_layerwise.json
deit_tiny_imagenetv2,13,blocks.3.attn.proj,INT6__4to8,INT6,6,6,4to8,4,8,0.5,59.49,82.46,0.3200000000000003,0.23000000000000398,15.918214367702603,True,succeeded,/storage/users/pdarbani/Mehrshad/Transformer/v4.0/pretrained-isolation-framework/outputs/imagenetv2/deit_tiny/deit_tiny_imagenetv2_layerwise.json
deit_tiny_imagenetv2,13,blocks.3.attn.proj,INT6__dense,INT6,6,6,dense,,,0.0,59.81,82.73,0.0,-0.04000000000000625,15.344369096681476,True,succeeded,/storage/users/pdarbani/Mehrshad/Transformer/v4.0/pretrained-isolation-framework/outputs/imagenetv2/deit_tiny/deit_tiny_imagenetv2_layerwise.json
deit_tiny_imagenetv2,13,blocks.3.attn.proj,INT8__2to4,INT8,8,8,2to4,2,4,0.5,59.36,82.29,0.45000000000000284,0.3999999999999915,15.709757421165705,True,succeeded,/storage/users/pdarbani/Mehrshad/Transformer/v4.0/pretrained-isolation-framework/outputs/imagenetv2/deit_tiny/deit_tiny_imagenetv2_layerwise.json
deit_tiny_imagenetv2,13,blocks.3.attn.proj,INT8__3to8,INT8,8,8,3to8,3,8,0.625,59.4,82.25,0.4100000000000037,0.4399999999999977,15.317866932600737,True,succeeded,/storage/users/pdarbani/Mehrshad/Transformer/v4.0/pretrained-isolation-framework/outputs/imagenetv2/deit_tiny/deit_tiny_imagenetv2_layerwise.json
deit_tiny_imagenetv2,13,blocks.3.attn.proj,INT8__4to8,INT8,8,8,4to8,4,8,0.5,59.56,82.47,0.25,0.21999999999999886,15.656888481229544,True,succeeded,/storage/users/pdarbani/Mehrshad/Transformer/v4.0/pretrained-isolation-framework/outputs/imagenetv2/deit_tiny/deit_tiny_imagenetv2_layerwise.json
deit_tiny_imagenetv2,13,blocks.3.attn.proj,INT8__dense,INT8,8,8,dense,,,0.0,59.8,82.67,0.010000000000005116,0.01999999999999602,15.957107357680798,True,succeeded,/storage/users/pdarbani/Mehrshad/Transformer/v4.0/pretrained-isolation-framework/outputs/imagenetv2/deit_tiny/deit_tiny_imagenetv2_layerwise.json
deit_tiny_imagenetv2,14,blocks.3.mlp.fc1,FP32__2to4,FP32,32,32,2to4,2,4,0.5,58.74,81.84,1.0700000000000003,0.8499999999999943,15.624134546145797,True,succeeded,/storage/users/pdarbani/Mehrshad/Transformer/v4.0/pretrained-isolation-framework/outputs/imagenetv2/deit_tiny/deit_tiny_imagenetv2_layerwise.json
deit_tiny_imagenetv2,14,blocks.3.mlp.fc1,FP32__3to8,FP32,32,32,3to8,3,8,0.625,58.46,81.6,1.3500000000000014,1.0900000000000034,15.80398933030665,True,succeeded,/storage/users/pdarbani/Mehrshad/Transformer/v4.0/pretrained-isolation-framework/outputs/imagenetv2/deit_tiny/deit_tiny_imagenetv2_layerwise.json
deit_tiny_imagenetv2,14,blocks.3.mlp.fc1,FP32__4to8,FP32,32,32,4to8,4,8,0.5,59.28,82.02,0.5300000000000011,0.6700000000000017,15.64708879031241,True,succeeded,/storage/users/pdarbani/Mehrshad/Transformer/v4.0/pretrained-isolation-framework/outputs/imagenetv2/deit_tiny/deit_tiny_imagenetv2_layerwise.json
deit_tiny_imagenetv2,14,blocks.3.mlp.fc1,FP32__dense,FP32,32,32,dense,,,0.0,59.81,82.69,0.0,0.0,15.79267667606473,True,succeeded,/storage/users/pdarbani/Mehrshad/Transformer/v4.0/pretrained-isolation-framework/outputs/imagenetv2/deit_tiny/deit_tiny_imagenetv2_layerwise.json
deit_tiny_imagenetv2,14,blocks.3.mlp.fc1,INT4__2to4,INT4,4,4,2to4,2,4,0.5,58.33,81.67,1.480000000000004,1.019999999999996,15.779899971559644,True,succeeded,/storage/users/pdarbani/Mehrshad/Transformer/v4.0/pretrained-isolation-framework/outputs/imagenetv2/deit_tiny/deit_tiny_imagenetv2_layerwise.json
deit_tiny_imagenetv2,14,blocks.3.mlp.fc1,INT4__3to8,INT4,4,4,3to8,3,8,0.625,58.39,81.74,1.4200000000000017,0.9500000000000028,15.376961849629879,True,succeeded,/storage/users/pdarbani/Mehrshad/Transformer/v4.0/pretrained-isolation-framework/outputs/imagenetv2/deit_tiny/deit_tiny_imagenetv2_layerwise.json
deit_tiny_imagenetv2,14,blocks.3.mlp.fc1,INT4__4to8,INT4,4,4,4to8,4,8,0.5,58.55,81.8,1.2600000000000051,0.8900000000000006,15.470466049388051,True,succeeded,/storage/users/pdarbani/Mehrshad/Transformer/v4.0/pretrained-isolation-framework/outputs/imagenetv2/deit_tiny/deit_tiny_imagenetv2_layerwise.json
deit_tiny_imagenetv2,14,blocks.3.mlp.fc1,INT4__dense,INT4,4,4,dense,,,0.0,58.8,82.09,1.0100000000000051,0.5999999999999943,15.539592165499926,True,succeeded,/storage/users/pdarbani/Mehrshad/Transformer/v4.0/pretrained-isolation-framework/outputs/imagenetv2/deit_tiny/deit_tiny_imagenetv2_layerwise.json
deit_tiny_imagenetv2,14,blocks.3.mlp.fc1,INT6__2to4,INT6,6,6,2to4,2,4,0.5,58.82,81.88,0.990000000000002,0.8100000000000023,15.45161652751267,True,succeeded,/storage/users/pdarbani/Mehrshad/Transformer/v4.0/pretrained-isolation-framework/outputs/imagenetv2/deit_tiny/deit_tiny_imagenetv2_layerwise.json
deit_tiny_imagenetv2,14,blocks.3.mlp.fc1,INT6__3to8,INT6,6,6,3to8,3,8,0.625,58.44,81.61,1.3700000000000045,1.0799999999999983,15.638798231258988,True,succeeded,/storage/users/pdarbani/Mehrshad/Transformer/v4.0/pretrained-isolation-framework/outputs/imagenetv2/deit_tiny/deit_tiny_imagenetv2_layerwise.json
deit_tiny_imagenetv2,14,blocks.3.mlp.fc1,INT6__4to8,INT6,6,6,4to8,4,8,0.5,59.15,81.98,0.6600000000000037,0.7099999999999937,15.646556168794632,True,succeeded,/storage/users/pdarbani/Mehrshad/Transformer/v4.0/pretrained-isolation-framework/outputs/imagenetv2/deit_tiny/deit_tiny_imagenetv2_layerwise.json
deit_tiny_imagenetv2,14,blocks.3.mlp.fc1,INT6__dense,INT6,6,6,dense,,,0.0,59.62,82.69,0.19000000000000483,0.0,15.73542564548552,True,succeeded,/storage/users/pdarbani/Mehrshad/Transformer/v4.0/pretrained-isolation-framework/outputs/imagenetv2/deit_tiny/deit_tiny_imagenetv2_layerwise.json
deit_tiny_imagenetv2,14,blocks.3.mlp.fc1,INT8__2to4,INT8,8,8,2to4,2,4,0.5,58.79,81.84,1.0200000000000031,0.8499999999999943,15.94853157736361,True,succeeded,/storage/users/pdarbani/Mehrshad/Transformer/v4.0/pretrained-isolation-framework/outputs/imagenetv2/deit_tiny/deit_tiny_imagenetv2_layerwise.json
deit_tiny_imagenetv2,14,blocks.3.mlp.fc1,INT8__3to8,INT8,8,8,3to8,3,8,0.625,58.46,81.64,1.3500000000000014,1.0499999999999972,15.50747262313962,True,succeeded,/storage/users/pdarbani/Mehrshad/Transformer/v4.0/pretrained-isolation-framework/outputs/imagenetv2/deit_tiny/deit_tiny_imagenetv2_layerwise.json
deit_tiny_imagenetv2,14,blocks.3.mlp.fc1,INT8__4to8,INT8,8,8,4to8,4,8,0.5,59.22,82.07,0.5900000000000034,0.6200000000000045,15.399386057630181,True,succeeded,/storage/users/pdarbani/Mehrshad/Transformer/v4.0/pretrained-isolation-framework/outputs/imagenetv2/deit_tiny/deit_tiny_imagenetv2_layerwise.json
deit_tiny_imagenetv2,14,blocks.3.mlp.fc1,INT8__dense,INT8,8,8,dense,,,0.0,59.82,82.67,-0.00999999999999801,0.01999999999999602,15.441100757569075,True,succeeded,/storage/users/pdarbani/Mehrshad/Transformer/v4.0/pretrained-isolation-framework/outputs/imagenetv2/deit_tiny/deit_tiny_imagenetv2_layerwise.json
deit_tiny_imagenetv2,15,blocks.3.mlp.fc2,FP32__2to4,FP32,32,32,2to4,2,4,0.5,59.15,82.28,0.6600000000000037,0.4099999999999966,15.850258680060506,True,succeeded,/storage/users/pdarbani/Mehrshad/Transformer/v4.0/pretrained-isolation-framework/outputs/imagenetv2/deit_tiny/deit_tiny_imagenetv2_layerwise.json
deit_tiny_imagenetv2,15,blocks.3.mlp.fc2,FP32__3to8,FP32,32,32,3to8,3,8,0.625,58.75,81.88,1.0600000000000023,0.8100000000000023,15.332395737990737,True,succeeded,/storage/users/pdarbani/Mehrshad/Transformer/v4.0/pretrained-isolation-framework/outputs/imagenetv2/deit_tiny/deit_tiny_imagenetv2_layerwise.json
deit_tiny_imagenetv2,15,blocks.3.mlp.fc2,FP32__4to8,FP32,32,32,4to8,4,8,0.5,59.28,82.28,0.5300000000000011,0.4099999999999966,15.384658325463533,True,succeeded,/storage/users/pdarbani/Mehrshad/Transformer/v4.0/pretrained-isolation-framework/outputs/imagenetv2/deit_tiny/deit_tiny_imagenetv2_layerwise.json
deit_tiny_imagenetv2,15,blocks.3.mlp.fc2,FP32__dense,FP32,32,32,dense,,,0.0,59.81,82.69,0.0,0.0,15.191811254248023,True,succeeded,/storage/users/pdarbani/Mehrshad/Transformer/v4.0/pretrained-isolation-framework/outputs/imagenetv2/deit_tiny/deit_tiny_imagenetv2_layerwise.json
deit_tiny_imagenetv2,15,blocks.3.mlp.fc2,INT4__2to4,INT4,4,4,2to4,2,4,0.5,53.2,77.12,6.609999999999999,5.569999999999993,15.62463017180562,True,succeeded,/storage/users/pdarbani/Mehrshad/Transformer/v4.0/pretrained-isolation-framework/outputs/imagenetv2/deit_tiny/deit_tiny_imagenetv2_layerwise.json
deit_tiny_imagenetv2,15,blocks.3.mlp.fc2,INT4__3to8,INT4,4,4,3to8,3,8,0.625,53.04,76.98,6.770000000000003,5.709999999999994,15.602912375703454,True,succeeded,/storage/users/pdarbani/Mehrshad/Transformer/v4.0/pretrained-isolation-framework/outputs/imagenetv2/deit_tiny/deit_tiny_imagenetv2_layerwise.json
deit_tiny_imagenetv2,15,blocks.3.mlp.fc2,INT4__4to8,INT4,4,4,4to8,4,8,0.5,53.47,77.26,6.340000000000003,5.429999999999993,15.66984786838293,True,succeeded,/storage/users/pdarbani/Mehrshad/Transformer/v4.0/pretrained-isolation-framework/outputs/imagenetv2/deit_tiny/deit_tiny_imagenetv2_layerwise.json
deit_tiny_imagenetv2,15,blocks.3.mlp.fc2,INT4__dense,INT4,4,4,dense,,,0.0,53.57,77.73,6.240000000000002,4.959999999999994,15.58599865064025,True,succeeded,/storage/users/pdarbani/Mehrshad/Transformer/v4.0/pretrained-isolation-framework/outputs/imagenetv2/deit_tiny/deit_tiny_imagenetv2_layerwise.json
deit_tiny_imagenetv2,15,blocks.3.mlp.fc2,INT6__2to4,INT6,6,6,2to4,2,4,0.5,58.96,82.05,0.8500000000000014,0.6400000000000006,15.572835074737668,True,succeeded,/storage/users/pdarbani/Mehrshad/Transformer/v4.0/pretrained-isolation-framework/outputs/imagenetv2/deit_tiny/deit_tiny_imagenetv2_layerwise.json
deit_tiny_imagenetv2,15,blocks.3.mlp.fc2,INT6__3to8,INT6,6,6,3to8,3,8,0.625,58.66,81.7,1.1500000000000057,0.9899999999999949,16.000098267570138,True,succeeded,/storage/users/pdarbani/Mehrshad/Transformer/v4.0/pretrained-isolation-framework/outputs/imagenetv2/deit_tiny/deit_tiny_imagenetv2_layerwise.json
deit_tiny_imagenetv2,15,blocks.3.mlp.fc2,INT6__4to8,INT6,6,6,4to8,4,8,0.5,59.13,82.08,0.6799999999999997,0.6099999999999994,15.309110090136528,True,succeeded,/storage/users/pdarbani/Mehrshad/Transformer/v4.0/pretrained-isolation-framework/outputs/imagenetv2/deit_tiny/deit_tiny_imagenetv2_layerwise.json
deit_tiny_imagenetv2,15,blocks.3.mlp.fc2,INT6__dense,INT6,6,6,dense,,,0.0,59.54,82.41,0.2700000000000031,0.28000000000000114,15.430455287918448,True,succeeded,/storage/users/pdarbani/Mehrshad/Transformer/v4.0/pretrained-isolation-framework/outputs/imagenetv2/deit_tiny/deit_tiny_imagenetv2_layerwise.json
deit_tiny_imagenetv2,15,blocks.3.mlp.fc2,INT8__2to4,INT8,8,8,2to4,2,4,0.5,59.11,82.28,0.7000000000000028,0.4099999999999966,15.763098498806357,True,succeeded,/storage/users/pdarbani/Mehrshad/Transformer/v4.0/pretrained-isolation-framework/outputs/imagenetv2/deit_tiny/deit_tiny_imagenetv2_layerwise.json
deit_tiny_imagenetv2,15,blocks.3.mlp.fc2,INT8__3to8,INT8,8,8,3to8,3,8,0.625,58.87,81.91,0.9400000000000048,0.7800000000000011,15.461640829220414,True,succeeded,/storage/users/pdarbani/Mehrshad/Transformer/v4.0/pretrained-isolation-framework/outputs/imagenetv2/deit_tiny/deit_tiny_imagenetv2_layerwise.json
deit_tiny_imagenetv2,15,blocks.3.mlp.fc2,INT8__4to8,INT8,8,8,4to8,4,8,0.5,59.17,82.25,0.6400000000000006,0.4399999999999977,15.853796245530248,True,succeeded,/storage/users/pdarbani/Mehrshad/Transformer/v4.0/pretrained-isolation-framework/outputs/imagenetv2/deit_tiny/deit_tiny_imagenetv2_layerwise.json
deit_tiny_imagenetv2,15,blocks.3.mlp.fc2,INT8__dense,INT8,8,8,dense,,,0.0,59.83,82.7,-0.01999999999999602,-0.010000000000005116,15.508534016087651,True,succeeded,/storage/users/pdarbani/Mehrshad/Transformer/v4.0/pretrained-isolation-framework/outputs/imagenetv2/deit_tiny/deit_tiny_imagenetv2_layerwise.json
deit_tiny_imagenetv2,16,blocks.4.attn.qkv,FP32__2to4,FP32,32,32,2to4,2,4,0.5,59.15,82.1,0.6600000000000037,0.5900000000000034,15.677413253113627,True,succeeded,/storage/users/pdarbani/Mehrshad/Transformer/v4.0/pretrained-isolation-framework/outputs/imagenetv2/deit_tiny/deit_tiny_imagenetv2_layerwise.json
deit_tiny_imagenetv2,16,blocks.4.attn.qkv,FP32__3to8,FP32,32,32,3to8,3,8,0.625,59.12,81.84,0.6900000000000048,0.8499999999999943,15.586006047204137,True,succeeded,/storage/users/pdarbani/Mehrshad/Transformer/v4.0/pretrained-isolation-framework/outputs/imagenetv2/deit_tiny/deit_tiny_imagenetv2_layerwise.json
deit_tiny_imagenetv2,16,blocks.4.attn.qkv,FP32__4to8,FP32,32,32,4to8,4,8,0.5,59.32,82.48,0.490000000000002,0.20999999999999375,15.236781494691968,True,succeeded,/storage/users/pdarbani/Mehrshad/Transformer/v4.0/pretrained-isolation-framework/outputs/imagenetv2/deit_tiny/deit_tiny_imagenetv2_layerwise.json
deit_tiny_imagenetv2,16,blocks.4.attn.qkv,FP32__dense,FP32,32,32,dense,,,0.0,59.81,82.69,0.0,0.0,15.221400951966643,True,succeeded,/storage/users/pdarbani/Mehrshad/Transformer/v4.0/pretrained-isolation-framework/outputs/imagenetv2/deit_tiny/deit_tiny_imagenetv2_layerwise.json
deit_tiny_imagenetv2,16,blocks.4.attn.qkv,INT4__2to4,INT4,4,4,2to4,2,4,0.5,58.91,82.01,0.9000000000000057,0.6799999999999926,15.829983960837126,True,succeeded,/storage/users/pdarbani/Mehrshad/Transformer/v4.0/pretrained-isolation-framework/outputs/imagenetv2/deit_tiny/deit_tiny_imagenetv2_layerwise.json
deit_tiny_imagenetv2,16,blocks.4.attn.qkv,INT4__3to8,INT4,4,4,3to8,3,8,0.625,59.03,82.01,0.7800000000000011,0.6799999999999926,15.985618771985173,True,succeeded,/storage/users/pdarbani/Mehrshad/Transformer/v4.0/pretrained-isolation-framework/outputs/imagenetv2/deit_tiny/deit_tiny_imagenetv2_layerwise.json
deit_tiny_imagenetv2,16,blocks.4.attn.qkv,INT4__4to8,INT4,4,4,4to8,4,8,0.5,59.27,82.2,0.5399999999999991,0.4899999999999949,15.604395769536495,True,succeeded,/storage/users/pdarbani/Mehrshad/Transformer/v4.0/pretrained-isolation-framework/outputs/imagenetv2/deit_tiny/deit_tiny_imagenetv2_layerwise.json
deit_tiny_imagenetv2,16,blocks.4.attn.qkv,INT4__dense,INT4,4,4,dense,,,0.0,59.21,82.37,0.6000000000000014,0.3199999999999932,15.205177823081613,True,succeeded,/storage/users/pdarbani/Mehrshad/Transformer/v4.0/pretrained-isolation-framework/outputs/imagenetv2/deit_tiny/deit_tiny_imagenetv2_layerwise.json
deit_tiny_imagenetv2,16,blocks.4.attn.qkv,INT6__2to4,INT6,6,6,2to4,2,4,0.5,59.2,82.01,0.6099999999999994,0.6799999999999926,15.199391650035977,True,succeeded,/storage/users/pdarbani/Mehrshad/Transformer/v4.0/pretrained-isolation-framework/outputs/imagenetv2/deit_tiny/deit_tiny_imagenetv2_layerwise.json
deit_tiny_imagenetv2,16,blocks.4.attn.qkv,INT6__3to8,INT6,6,6,3to8,3,8,0.625,59.11,81.91,0.7000000000000028,0.7800000000000011,15.253958735615015,True,succeeded,/storage/users/pdarbani/Mehrshad/Transformer/v4.0/pretrained-isolation-framework/outputs/imagenetv2/deit_tiny/deit_tiny_imagenetv2_layerwise.json
deit_tiny_imagenetv2,16,blocks.4.attn.qkv,INT6__4to8,INT6,6,6,4to8,4,8,0.5,59.4,82.45,0.4100000000000037,0.23999999999999488,15.755335187539458,True,succeeded,/storage/users/pdarbani/Mehrshad/Transformer/v4.0/pretrained-isolation-framework/outputs/imagenetv2/deit_tiny/deit_tiny_imagenetv2_layerwise.json
deit_tiny_imagenetv2,16,blocks.4.attn.qkv,INT6__dense,INT6,6,6,dense,,,0.0,59.8,82.7,0.010000000000005116,-0.010000000000005116,15.73604061640799,True,succeeded,/storage/users/pdarbani/Mehrshad/Transformer/v4.0/pretrained-isolation-framework/outputs/imagenetv2/deit_tiny/deit_tiny_imagenetv2_layerwise.json
deit_tiny_imagenetv2,16,blocks.4.attn.qkv,INT8__2to4,INT8,8,8,2to4,2,4,0.5,59.17,82.11,0.6400000000000006,0.5799999999999983,15.526323482394218,True,succeeded,/storage/users/pdarbani/Mehrshad/Transformer/v4.0/pretrained-isolation-framework/outputs/imagenetv2/deit_tiny/deit_tiny_imagenetv2_layerwise.json
deit_tiny_imagenetv2,16,blocks.4.attn.qkv,INT8__3to8,INT8,8,8,3to8,3,8,0.625,59.12,81.84,0.6900000000000048,0.8499999999999943,15.594681356102228,True,succeeded,/storage/users/pdarbani/Mehrshad/Transformer/v4.0/pretrained-isolation-framework/outputs/imagenetv2/deit_tiny/deit_tiny_imagenetv2_layerwise.json
deit_tiny_imagenetv2,16,blocks.4.attn.qkv,INT8__4to8,INT8,8,8,4to8,4,8,0.5,59.3,82.49,0.5100000000000051,0.20000000000000284,15.74328519590199,True,succeeded,/storage/users/pdarbani/Mehrshad/Transformer/v4.0/pretrained-isolation-framework/outputs/imagenetv2/deit_tiny/deit_tiny_imagenetv2_layerwise.json
deit_tiny_imagenetv2,16,blocks.4.attn.qkv,INT8__dense,INT8,8,8,dense,,,0.0,59.73,82.69,0.0800000000000054,0.0,15.606065707281232,True,succeeded,/storage/users/pdarbani/Mehrshad/Transformer/v4.0/pretrained-isolation-framework/outputs/imagenetv2/deit_tiny/deit_tiny_imagenetv2_layerwise.json
deit_tiny_imagenetv2,17,blocks.4.attn.proj,FP32__2to4,FP32,32,32,2to4,2,4,0.5,59.27,82.51,0.5399999999999991,0.1799999999999926,15.523543734103441,True,succeeded,/storage/users/pdarbani/Mehrshad/Transformer/v4.0/pretrained-isolation-framework/outputs/imagenetv2/deit_tiny/deit_tiny_imagenetv2_layerwise.json
deit_tiny_imagenetv2,17,blocks.4.attn.proj,FP32__3to8,FP32,32,32,3to8,3,8,0.625,59.23,82.28,0.5800000000000054,0.4099999999999966,15.637787450104952,True,succeeded,/storage/users/pdarbani/Mehrshad/Transformer/v4.0/pretrained-isolation-framework/outputs/imagenetv2/deit_tiny/deit_tiny_imagenetv2_layerwise.json
deit_tiny_imagenetv2,17,blocks.4.attn.proj,FP32__4to8,FP32,32,32,4to8,4,8,0.5,59.41,82.64,0.4000000000000057,0.04999999999999716,15.753425592556596,True,succeeded,/storage/users/pdarbani/Mehrshad/Transformer/v4.0/pretrained-isolation-framework/outputs/imagenetv2/deit_tiny/deit_tiny_imagenetv2_layerwise.json
deit_tiny_imagenetv2,17,blocks.4.attn.proj,FP32__dense,FP32,32,32,dense,,,0.0,59.81,82.69,0.0,0.0,15.652463551610708,True,succeeded,/storage/users/pdarbani/Mehrshad/Transformer/v4.0/pretrained-isolation-framework/outputs/imagenetv2/deit_tiny/deit_tiny_imagenetv2_layerwise.json
deit_tiny_imagenetv2,17,blocks.4.attn.proj,INT4__2to4,INT4,4,4,2to4,2,4,0.5,59.24,82.57,0.5700000000000003,0.12000000000000455,15.589701967313886,True,succeeded,/storage/users/pdarbani/Mehrshad/Transformer/v4.0/pretrained-isolation-framework/outputs/imagenetv2/deit_tiny/deit_tiny_imagenetv2_layerwise.json
deit_tiny_imagenetv2,17,blocks.4.attn.proj,INT4__3to8,INT4,4,4,3to8,3,8,0.625,58.84,82.22,0.9699999999999989,0.46999999999999886,15.496241141110659,True,succeeded,/storage/users/pdarbani/Mehrshad/Transformer/v4.0/pretrained-isolation-framework/outputs/imagenetv2/deit_tiny/deit_tiny_imagenetv2_layerwise.json
deit_tiny_imagenetv2,17,blocks.4.attn.proj,INT4__4to8,INT4,4,4,4to8,4,8,0.5,59.26,82.38,0.5500000000000043,0.3100000000000023,15.830130979418755,True,succeeded,/storage/users/pdarbani/Mehrshad/Transformer/v4.0/pretrained-isolation-framework/outputs/imagenetv2/deit_tiny/deit_tiny_imagenetv2_layerwise.json
deit_tiny_imagenetv2,17,blocks.4.attn.proj,INT4__dense,INT4,4,4,dense,,,0.0,59.47,82.42,0.3400000000000034,0.269999999999996,15.67558721639216,True,succeeded,/storage/users/pdarbani/Mehrshad/Transformer/v4.0/pretrained-isolation-framework/outputs/imagenetv2/deit_tiny/deit_tiny_imagenetv2_layerwise.json
deit_tiny_imagenetv2,17,blocks.4.attn.proj,INT6__2to4,INT6,6,6,2to4,2,4,0.5,59.26,82.55,0.5500000000000043,0.14000000000000057,15.613275323063135,True,succeeded,/storage/users/pdarbani/Mehrshad/Transformer/v4.0/pretrained-isolation-framework/outputs/imagenetv2/deit_tiny/deit_tiny_imagenetv2_layerwise.json
deit_tiny_imagenetv2,17,blocks.4.attn.proj,INT6__3to8,INT6,6,6,3to8,3,8,0.625,59.22,82.38,0.5900000000000034,0.3100000000000023,15.66469389013946,True,succeeded,/storage/users/pdarbani/Mehrshad/Transformer/v4.0/pretrained-isolation-framework/outputs/imagenetv2/deit_tiny/deit_tiny_imagenetv2_layerwise.json
deit_tiny_imagenetv2,17,blocks.4.attn.proj,INT6__4to8,INT6,6,6,4to8,4,8,0.5,59.38,82.66,0.4299999999999997,0.030000000000001137,15.521797379478812,True,succeeded,/storage/users/pdarbani/Mehrshad/Transformer/v4.0/pretrained-isolation-framework/outputs/imagenetv2/deit_tiny/deit_tiny_imagenetv2_layerwise.json
deit_tiny_imagenetv2,17,blocks.4.attn.proj,INT6__dense,INT6,6,6,dense,,,0.0,59.84,82.71,-0.030000000000001137,-0.01999999999999602,15.639802072197199,True,succeeded,/storage/users/pdarbani/Mehrshad/Transformer/v4.0/pretrained-isolation-framework/outputs/imagenetv2/deit_tiny/deit_tiny_imagenetv2_layerwise.json
deit_tiny_imagenetv2,17,blocks.4.attn.proj,INT8__2to4,INT8,8,8,2to4,2,4,0.5,59.29,82.46,0.5200000000000031,0.23000000000000398,15.867017766460776,True,succeeded,/storage/users/pdarbani/Mehrshad/Transformer/v4.0/pretrained-isolation-framework/outputs/imagenetv2/deit_tiny/deit_tiny_imagenetv2_layerwise.json
deit_tiny_imagenetv2,17,blocks.4.attn.proj,INT8__3to8,INT8,8,8,3to8,3,8,0.625,59.27,82.32,0.5399999999999991,0.37000000000000455,15.673849543556571,True,succeeded,/storage/users/pdarbani/Mehrshad/Transformer/v4.0/pretrained-isolation-framework/outputs/imagenetv2/deit_tiny/deit_tiny_imagenetv2_layerwise.json
deit_tiny_imagenetv2,17,blocks.4.attn.proj,INT8__4to8,INT8,8,8,4to8,4,8,0.5,59.39,82.68,0.4200000000000017,0.009999999999990905,15.605942074209452,True,succeeded,/storage/users/pdarbani/Mehrshad/Transformer/v4.0/pretrained-isolation-framework/outputs/imagenetv2/deit_tiny/deit_tiny_imagenetv2_layerwise.json
deit_tiny_imagenetv2,17,blocks.4.attn.proj,INT8__dense,INT8,8,8,dense,,,0.0,59.79,82.74,0.020000000000003126,-0.04999999999999716,15.517510656267405,True,succeeded,/storage/users/pdarbani/Mehrshad/Transformer/v4.0/pretrained-isolation-framework/outputs/imagenetv2/deit_tiny/deit_tiny_imagenetv2_layerwise.json
deit_tiny_imagenetv2,18,blocks.4.mlp.fc1,FP32__2to4,FP32,32,32,2to4,2,4,0.5,59.23,82.1,0.5800000000000054,0.5900000000000034,15.480132717639208,True,succeeded,/storage/users/pdarbani/Mehrshad/Transformer/v4.0/pretrained-isolation-framework/outputs/imagenetv2/deit_tiny/deit_tiny_imagenetv2_layerwise.json
deit_tiny_imagenetv2,18,blocks.4.mlp.fc1,FP32__3to8,FP32,32,32,3to8,3,8,0.625,58.66,81.83,1.1500000000000057,0.8599999999999994,16.45108922943473,True,succeeded,/storage/users/pdarbani/Mehrshad/Transformer/v4.0/pretrained-isolation-framework/outputs/imagenetv2/deit_tiny/deit_tiny_imagenetv2_layerwise.json
deit_tiny_imagenetv2,18,blocks.4.mlp.fc1,FP32__4to8,FP32,32,32,4to8,4,8,0.5,59.3,82.21,0.5100000000000051,0.480000000000004,16.444737361744046,True,succeeded,/storage/users/pdarbani/Mehrshad/Transformer/v4.0/pretrained-isolation-framework/outputs/imagenetv2/deit_tiny/deit_tiny_imagenetv2_layerwise.json
deit_tiny_imagenetv2,18,blocks.4.mlp.fc1,FP32__dense,FP32,32,32,dense,,,0.0,59.81,82.69,0.0,0.0,15.824693212285638,True,succeeded,/storage/users/pdarbani/Mehrshad/Transformer/v4.0/pretrained-isolation-framework/outputs/imagenetv2/deit_tiny/deit_tiny_imagenetv2_layerwise.json
deit_tiny_imagenetv2,18,blocks.4.mlp.fc1,INT4__2to4,INT4,4,4,2to4,2,4,0.5,58.24,81.65,1.5700000000000003,1.039999999999992,16.23956548422575,True,succeeded,/storage/users/pdarbani/Mehrshad/Transformer/v4.0/pretrained-isolation-framework/outputs/imagenetv2/deit_tiny/deit_tiny_imagenetv2_layerwise.json
deit_tiny_imagenetv2,18,blocks.4.mlp.fc1,INT4__3to8,INT4,4,4,3to8,3,8,0.625,58.12,81.18,1.6900000000000048,1.509999999999991,16.598675303161144,True,succeeded,/storage/users/pdarbani/Mehrshad/Transformer/v4.0/pretrained-isolation-framework/outputs/imagenetv2/deit_tiny/deit_tiny_imagenetv2_layerwise.json
deit_tiny_imagenetv2,18,blocks.4.mlp.fc1,INT4__4to8,INT4,4,4,4to8,4,8,0.5,58.23,81.48,1.5800000000000054,1.2099999999999937,16.2117436863482,True,succeeded,/storage/users/pdarbani/Mehrshad/Transformer/v4.0/pretrained-isolation-framework/outputs/imagenetv2/deit_tiny/deit_tiny_imagenetv2_layerwise.json
deit_tiny_imagenetv2,18,blocks.4.mlp.fc1,INT4__dense,INT4,4,4,dense,,,0.0,58.81,82.04,1.0,0.6499999999999915,16.29730506800115,True,succeeded,/storage/users/pdarbani/Mehrshad/Transformer/v4.0/pretrained-isolation-framework/outputs/imagenetv2/deit_tiny/deit_tiny_imagenetv2_layerwise.json
deit_tiny_imagenetv2,18,blocks.4.mlp.fc1,INT6__2to4,INT6,6,6,2to4,2,4,0.5,59.19,82.03,0.6200000000000045,0.6599999999999966,17.65540435910225,True,succeeded,/storage/users/pdarbani/Mehrshad/Transformer/v4.0/pretrained-isolation-framework/outputs/imagenetv2/deit_tiny/deit_tiny_imagenetv2_layerwise.json
deit_tiny_imagenetv2,18,blocks.4.mlp.fc1,INT6__3to8,INT6,6,6,3to8,3,8,0.625,58.7,81.71,1.1099999999999994,0.980000000000004,16.399210272356868,True,succeeded,/storage/users/pdarbani/Mehrshad/Transformer/v4.0/pretrained-isolation-framework/outputs/imagenetv2/deit_tiny/deit_tiny_imagenetv2_layerwise.json
deit_tiny_imagenetv2,18,blocks.4.mlp.fc1,INT6__4to8,INT6,6,6,4to8,4,8,0.5,59.21,82.3,0.6000000000000014,0.39000000000000057,16.168227588757873,True,succeeded,/storage/users/pdarbani/Mehrshad/Transformer/v4.0/pretrained-isolation-framework/outputs/imagenetv2/deit_tiny/deit_tiny_imagenetv2_layerwise.json
deit_tiny_imagenetv2,18,blocks.4.mlp.fc1,INT6__dense,INT6,6,6,dense,,,0.0,59.66,82.66,0.15000000000000568,0.030000000000001137,17.01114441640675,True,succeeded,/storage/users/pdarbani/Mehrshad/Transformer/v4.0/pretrained-isolation-framework/outputs/imagenetv2/deit_tiny/deit_tiny_imagenetv2_layerwise.json
deit_tiny_imagenetv2,18,blocks.4.mlp.fc1,INT8__2to4,INT8,8,8,2to4,2,4,0.5,59.16,82.14,0.6500000000000057,0.5499999999999972,17.237660333514214,True,succeeded,/storage/users/pdarbani/Mehrshad/Transformer/v4.0/pretrained-isolation-framework/outputs/imagenetv2/deit_tiny/deit_tiny_imagenetv2_layerwise.json
deit_tiny_imagenetv2,18,blocks.4.mlp.fc1,INT8__3to8,INT8,8,8,3to8,3,8,0.625,58.67,81.84,1.1400000000000006,0.8499999999999943,16.50295375660062,True,succeeded,/storage/users/pdarbani/Mehrshad/Transformer/v4.0/pretrained-isolation-framework/outputs/imagenetv2/deit_tiny/deit_tiny_imagenetv2_layerwise.json
deit_tiny_imagenetv2,18,blocks.4.mlp.fc1,INT8__4to8,INT8,8,8,4to8,4,8,0.5,59.32,82.21,0.490000000000002,0.480000000000004,16.681307427585125,True,succeeded,/storage/users/pdarbani/Mehrshad/Transformer/v4.0/pretrained-isolation-framework/outputs/imagenetv2/deit_tiny/deit_tiny_imagenetv2_layerwise.json
deit_tiny_imagenetv2,18,blocks.4.mlp.fc1,INT8__dense,INT8,8,8,dense,,,0.0,59.79,82.68,0.020000000000003126,0.009999999999990905,16.547244695946574,True,succeeded,/storage/users/pdarbani/Mehrshad/Transformer/v4.0/pretrained-isolation-framework/outputs/imagenetv2/deit_tiny/deit_tiny_imagenetv2_layerwise.json
deit_tiny_imagenetv2,19,blocks.4.mlp.fc2,FP32__2to4,FP32,32,32,2to4,2,4,0.5,59.61,82.38,0.20000000000000284,0.3100000000000023,16.839190270751715,True,succeeded,/storage/users/pdarbani/Mehrshad/Transformer/v4.0/pretrained-isolation-framework/outputs/imagenetv2/deit_tiny/deit_tiny_imagenetv2_layerwise.json
deit_tiny_imagenetv2,19,blocks.4.mlp.fc2,FP32__3to8,FP32,32,32,3to8,3,8,0.625,59.23,82.34,0.5800000000000054,0.3499999999999943,16.154778957366943,True,succeeded,/storage/users/pdarbani/Mehrshad/Transformer/v4.0/pretrained-isolation-framework/outputs/imagenetv2/deit_tiny/deit_tiny_imagenetv2_layerwise.json
deit_tiny_imagenetv2,19,blocks.4.mlp.fc2,FP32__4to8,FP32,32,32,4to8,4,8,0.5,59.28,82.44,0.5300000000000011,0.25,16.33196852169931,True,succeeded,/storage/users/pdarbani/Mehrshad/Transformer/v4.0/pretrained-isolation-framework/outputs/imagenetv2/deit_tiny/deit_tiny_imagenetv2_layerwise.json
deit_tiny_imagenetv2,19,blocks.4.mlp.fc2,FP32__dense,FP32,32,32,dense,,,0.0,59.81,82.69,0.0,0.0,16.52953065186739,True,succeeded,/storage/users/pdarbani/Mehrshad/Transformer/v4.0/pretrained-isolation-framework/outputs/imagenetv2/deit_tiny/deit_tiny_imagenetv2_layerwise.json
deit_tiny_imagenetv2,19,blocks.4.mlp.fc2,INT4__2to4,INT4,4,4,2to4,2,4,0.5,56.12,79.77,3.690000000000005,2.9200000000000017,17.02531305514276,True,succeeded,/storage/users/pdarbani/Mehrshad/Transformer/v4.0/pretrained-isolation-framework/outputs/imagenetv2/deit_tiny/deit_tiny_imagenetv2_layerwise.json
deit_tiny_imagenetv2,19,blocks.4.mlp.fc2,INT4__3to8,INT4,4,4,3to8,3,8,0.625,55.83,79.9,3.980000000000004,2.789999999999992,16.738291773945093,True,succeeded,/storage/users/pdarbani/Mehrshad/Transformer/v4.0/pretrained-isolation-framework/outputs/imagenetv2/deit_tiny/deit_tiny_imagenetv2_layerwise.json
deit_tiny_imagenetv2,19,blocks.4.mlp.fc2,INT4__4to8,INT4,4,4,4to8,4,8,0.5,55.67,79.82,4.140000000000001,2.8700000000000045,16.72071429900825,True,succeeded,/storage/users/pdarbani/Mehrshad/Transformer/v4.0/pretrained-isolation-framework/outputs/imagenetv2/deit_tiny/deit_tiny_imagenetv2_layerwise.json
deit_tiny_imagenetv2,19,blocks.4.mlp.fc2,INT4__dense,INT4,4,4,dense,,,0.0,55.92,80.07,3.8900000000000006,2.6200000000000045,15.913079051300883,True,succeeded,/storage/users/pdarbani/Mehrshad/Transformer/v4.0/pretrained-isolation-framework/outputs/imagenetv2/deit_tiny/deit_tiny_imagenetv2_layerwise.json
deit_tiny_imagenetv2,19,blocks.4.mlp.fc2,INT6__2to4,INT6,6,6,2to4,2,4,0.5,59.33,82.25,0.480000000000004,0.4399999999999977,16.399146357551217,True,succeeded,/storage/users/pdarbani/Mehrshad/Transformer/v4.0/pretrained-isolation-framework/outputs/imagenetv2/deit_tiny/deit_tiny_imagenetv2_layerwise.json
deit_tiny_imagenetv2,19,blocks.4.mlp.fc2,INT6__3to8,INT6,6,6,3to8,3,8,0.625,59.18,82.17,0.6300000000000026,0.519999999999996,16.097273975610733,True,succeeded,/storage/users/pdarbani/Mehrshad/Transformer/v4.0/pretrained-isolation-framework/outputs/imagenetv2/deit_tiny/deit_tiny_imagenetv2_layerwise.json
deit_tiny_imagenetv2,19,blocks.4.mlp.fc2,INT6__4to8,INT6,6,6,4to8,4,8,0.5,59.15,82.41,0.6600000000000037,0.28000000000000114,16.789455622434616,True,succeeded,/storage/users/pdarbani/Mehrshad/Transformer/v4.0/pretrained-isolation-framework/outputs/imagenetv2/deit_tiny/deit_tiny_imagenetv2_layerwise.json
deit_tiny_imagenetv2,19,blocks.4.mlp.fc2,INT6__dense,INT6,6,6,dense,,,0.0,59.52,82.71,0.28999999999999915,-0.01999999999999602,16.593839067965746,True,succeeded,/storage/users/pdarbani/Mehrshad/Transformer/v4.0/pretrained-isolation-framework/outputs/imagenetv2/deit_tiny/deit_tiny_imagenetv2_layerwise.json
deit_tiny_imagenetv2,19,blocks.4.mlp.fc2,INT8__2to4,INT8,8,8,2to4,2,4,0.5,59.55,82.42,0.2600000000000051,0.269999999999996,16.717760860919952,True,succeeded,/storage/users/pdarbani/Mehrshad/Transformer/v4.0/pretrained-isolation-framework/outputs/imagenetv2/deit_tiny/deit_tiny_imagenetv2_layerwise.json
deit_tiny_imagenetv2,19,blocks.4.mlp.fc2,INT8__3to8,INT8,8,8,3to8,3,8,0.625,59.23,82.32,0.5800000000000054,0.37000000000000455,16.495364017784595,True,succeeded,/storage/users/pdarbani/Mehrshad/Transformer/v4.0/pretrained-isolation-framework/outputs/imagenetv2/deit_tiny/deit_tiny_imagenetv2_layerwise.json
deit_tiny_imagenetv2,19,blocks.4.mlp.fc2,INT8__4to8,INT8,8,8,4to8,4,8,0.5,59.29,82.39,0.5200000000000031,0.29999999999999716,15.89731064811349,True,succeeded,/storage/users/pdarbani/Mehrshad/Transformer/v4.0/pretrained-isolation-framework/outputs/imagenetv2/deit_tiny/deit_tiny_imagenetv2_layerwise.json
deit_tiny_imagenetv2,19,blocks.4.mlp.fc2,INT8__dense,INT8,8,8,dense,,,0.0,59.73,82.81,0.0800000000000054,-0.12000000000000455,16.40725621767342,True,succeeded,/storage/users/pdarbani/Mehrshad/Transformer/v4.0/pretrained-isolation-framework/outputs/imagenetv2/deit_tiny/deit_tiny_imagenetv2_layerwise.json
deit_tiny_imagenetv2,20,blocks.5.attn.qkv,FP32__2to4,FP32,32,32,2to4,2,4,0.5,59.35,82.49,0.46000000000000085,0.20000000000000284,16.199091093614697,True,succeeded,/storage/users/pdarbani/Mehrshad/Transformer/v4.0/pretrained-isolation-framework/outputs/imagenetv2/deit_tiny/deit_tiny_imagenetv2_layerwise.json
deit_tiny_imagenetv2,20,blocks.5.attn.qkv,FP32__3to8,FP32,32,32,3to8,3,8,0.625,59.18,82.13,0.6300000000000026,0.5600000000000023,16.076131196692586,True,succeeded,/storage/users/pdarbani/Mehrshad/Transformer/v4.0/pretrained-isolation-framework/outputs/imagenetv2/deit_tiny/deit_tiny_imagenetv2_layerwise.json
deit_tiny_imagenetv2,20,blocks.5.attn.qkv,FP32__4to8,FP32,32,32,4to8,4,8,0.5,59.27,82.38,0.5399999999999991,0.3100000000000023,16.180476393550634,True,succeeded,/storage/users/pdarbani/Mehrshad/Transformer/v4.0/pretrained-isolation-framework/outputs/imagenetv2/deit_tiny/deit_tiny_imagenetv2_layerwise.json
deit_tiny_imagenetv2,20,blocks.5.attn.qkv,FP32__dense,FP32,32,32,dense,,,0.0,59.81,82.69,0.0,0.0,16.56167532131076,True,succeeded,/storage/users/pdarbani/Mehrshad/Transformer/v4.0/pretrained-isolation-framework/outputs/imagenetv2/deit_tiny/deit_tiny_imagenetv2_layerwise.json
deit_tiny_imagenetv2,20,blocks.5.attn.qkv,INT4__2to4,INT4,4,4,2to4,2,4,0.5,59.18,82.51,0.6300000000000026,0.1799999999999926,17.243143437430263,True,succeeded,/storage/users/pdarbani/Mehrshad/Transformer/v4.0/pretrained-isolation-framework/outputs/imagenetv2/deit_tiny/deit_tiny_imagenetv2_layerwise.json
deit_tiny_imagenetv2,20,blocks.5.attn.qkv,INT4__3to8,INT4,4,4,3to8,3,8,0.625,59.09,82.15,0.7199999999999989,0.539999999999992,16.265683494508266,True,succeeded,/storage/users/pdarbani/Mehrshad/Transformer/v4.0/pretrained-isolation-framework/outputs/imagenetv2/deit_tiny/deit_tiny_imagenetv2_layerwise.json
deit_tiny_imagenetv2,20,blocks.5.attn.qkv,INT4__4to8,INT4,4,4,4to8,4,8,0.5,59.08,82.15,0.730000000000004,0.539999999999992,16.31985421665013,True,succeeded,/storage/users/pdarbani/Mehrshad/Transformer/v4.0/pretrained-isolation-framework/outputs/imagenetv2/deit_tiny/deit_tiny_imagenetv2_layerwise.json
deit_tiny_imagenetv2,20,blocks.5.attn.qkv,INT4__dense,INT4,4,4,dense,,,0.0,59.5,82.54,0.3100000000000023,0.14999999999999147,16.738156074658036,True,succeeded,/storage/users/pdarbani/Mehrshad/Transformer/v4.0/pretrained-isolation-framework/outputs/imagenetv2/deit_tiny/deit_tiny_imagenetv2_layerwise.json
deit_tiny_imagenetv2,20,blocks.5.attn.qkv,INT6__2to4,INT6,6,6,2to4,2,4,0.5,59.38,82.45,0.4299999999999997,0.23999999999999488,16.35454322397709,True,succeeded,/storage/users/pdarbani/Mehrshad/Transformer/v4.0/pretrained-isolation-framework/outputs/imagenetv2/deit_tiny/deit_tiny_imagenetv2_layerwise.json
deit_tiny_imagenetv2,20,blocks.5.attn.qkv,INT6__3to8,INT6,6,6,3to8,3,8,0.625,59.12,82.17,0.6900000000000048,0.519999999999996,16.336530586704612,True,succeeded,/storage/users/pdarbani/Mehrshad/Transformer/v4.0/pretrained-isolation-framework/outputs/imagenetv2/deit_tiny/deit_tiny_imagenetv2_layerwise.json
deit_tiny_imagenetv2,20,blocks.5.attn.qkv,INT6__4to8,INT6,6,6,4to8,4,8,0.5,59.33,82.35,0.480000000000004,0.3400000000000034,16.516382651403546,True,succeeded,/storage/users/pdarbani/Mehrshad/Transformer/v4.0/pretrained-isolation-framework/outputs/imagenetv2/deit_tiny/deit_tiny_imagenetv2_layerwise.json
deit_tiny_imagenetv2,20,blocks.5.attn.qkv,INT6__dense,INT6,6,6,dense,,,0.0,59.85,82.75,-0.03999999999999915,-0.060000000000002274,16.378502897918224,True,succeeded,/storage/users/pdarbani/Mehrshad/Transformer/v4.0/pretrained-isolation-framework/outputs/imagenetv2/deit_tiny/deit_tiny_imagenetv2_layerwise.json
deit_tiny_imagenetv2,20,blocks.5.attn.qkv,INT8__2to4,INT8,8,8,2to4,2,4,0.5,59.31,82.51,0.5,0.1799999999999926,17.25243249721825,True,succeeded,/storage/users/pdarbani/Mehrshad/Transformer/v4.0/pretrained-isolation-framework/outputs/imagenetv2/deit_tiny/deit_tiny_imagenetv2_layerwise.json
deit_tiny_imagenetv2,20,blocks.5.attn.qkv,INT8__3to8,INT8,8,8,3to8,3,8,0.625,59.23,82.14,0.5800000000000054,0.5499999999999972,16.5007795188576,True,succeeded,/storage/users/pdarbani/Mehrshad/Transformer/v4.0/pretrained-isolation-framework/outputs/imagenetv2/deit_tiny/deit_tiny_imagenetv2_layerwise.json
deit_tiny_imagenetv2,20,blocks.5.attn.qkv,INT8__4to8,INT8,8,8,4to8,4,8,0.5,59.27,82.34,0.5399999999999991,0.3499999999999943,16.412752216681838,True,succeeded,/storage/users/pdarbani/Mehrshad/Transformer/v4.0/pretrained-isolation-framework/outputs/imagenetv2/deit_tiny/deit_tiny_imagenetv2_layerwise.json
deit_tiny_imagenetv2,20,blocks.5.attn.qkv,INT8__dense,INT8,8,8,dense,,,0.0,59.8,82.71,0.010000000000005116,-0.01999999999999602,16.26774370111525,True,succeeded,/storage/users/pdarbani/Mehrshad/Transformer/v4.0/pretrained-isolation-framework/outputs/imagenetv2/deit_tiny/deit_tiny_imagenetv2_layerwise.json
deit_tiny_imagenetv2,21,blocks.5.attn.proj,FP32__2to4,FP32,32,32,2to4,2,4,0.5,59.49,82.58,0.3200000000000003,0.10999999999999943,16.231647351756692,True,succeeded,/storage/users/pdarbani/Mehrshad/Transformer/v4.0/pretrained-isolation-framework/outputs/imagenetv2/deit_tiny/deit_tiny_imagenetv2_layerwise.json
deit_tiny_imagenetv2,21,blocks.5.attn.proj,FP32__3to8,FP32,32,32,3to8,3,8,0.625,59.31,82.44,0.5,0.25,16.731048552319407,True,succeeded,/storage/users/pdarbani/Mehrshad/Transformer/v4.0/pretrained-isolation-framework/outputs/imagenetv2/deit_tiny/deit_tiny_imagenetv2_layerwise.json
deit_tiny_imagenetv2,21,blocks.5.attn.proj,FP32__4to8,FP32,32,32,4to8,4,8,0.5,59.45,82.58,0.35999999999999943,0.10999999999999943,16.353420102968812,True,succeeded,/storage/users/pdarbani/Mehrshad/Transformer/v4.0/pretrained-isolation-framework/outputs/imagenetv2/deit_tiny/deit_tiny_imagenetv2_layerwise.json
deit_tiny_imagenetv2,21,blocks.5.attn.proj,FP32__dense,FP32,32,32,dense,,,0.0,59.81,82.69,0.0,0.0,16.22266423329711,True,succeeded,/storage/users/pdarbani/Mehrshad/Transformer/v4.0/pretrained-isolation-framework/outputs/imagenetv2/deit_tiny/deit_tiny_imagenetv2_layerwise.json
deit_tiny_imagenetv2,21,blocks.5.attn.proj,INT4__2to4,INT4,4,4,2to4,2,4,0.5,59.35,82.33,0.46000000000000085,0.35999999999999943,16.34721082262695,True,succeeded,/storage/users/pdarbani/Mehrshad/Transformer/v4.0/pretrained-isolation-framework/outputs/imagenetv2/deit_tiny/deit_tiny_imagenetv2_layerwise.json
deit_tiny_imagenetv2,21,blocks.5.attn.proj,INT4__3to8,INT4,4,4,3to8,3,8,0.625,59.19,82.29,0.6200000000000045,0.3999999999999915,16.49345393665135,True,succeeded,/storage/users/pdarbani/Mehrshad/Transformer/v4.0/pretrained-isolation-framework/outputs/imagenetv2/deit_tiny/deit_tiny_imagenetv2_layerwise.json
deit_tiny_imagenetv2,21,blocks.5.attn.proj,INT4__4to8,INT4,4,4,4to8,4,8,0.5,59.5,82.36,0.3100000000000023,0.3299999999999983,16.521698413416743,True,succeeded,/storage/users/pdarbani/Mehrshad/Transformer/v4.0/pretrained-isolation-framework/outputs/imagenetv2/deit_tiny/deit_tiny_imagenetv2_layerwise.json
deit_tiny_imagenetv2,21,blocks.5.attn.proj,INT4__dense,INT4,4,4,dense,,,0.0,59.58,82.46,0.23000000000000398,0.23000000000000398,16.87608147598803,True,succeeded,/storage/users/pdarbani/Mehrshad/Transformer/v4.0/pretrained-isolation-framework/outputs/imagenetv2/deit_tiny/deit_tiny_imagenetv2_layerwise.json
deit_tiny_imagenetv2,21,blocks.5.attn.proj,INT6__2to4,INT6,6,6,2to4,2,4,0.5,59.44,82.56,0.37000000000000455,0.12999999999999545,16.520875135436654,True,succeeded,/storage/users/pdarbani/Mehrshad/Transformer/v4.0/pretrained-isolation-framework/outputs/imagenetv2/deit_tiny/deit_tiny_imagenetv2_layerwise.json
deit_tiny_imagenetv2,21,blocks.5.attn.proj,INT6__3to8,INT6,6,6,3to8,3,8,0.625,59.3,82.4,0.5100000000000051,0.28999999999999204,16.362078992649913,True,succeeded,/storage/users/pdarbani/Mehrshad/Transformer/v4.0/pretrained-isolation-framework/outputs/imagenetv2/deit_tiny/deit_tiny_imagenetv2_layerwise.json
deit_tiny_imagenetv2,21,blocks.5.attn.proj,INT6__4to8,INT6,6,6,4to8,4,8,0.5,59.44,82.57,0.37000000000000455,0.12000000000000455,16.500667670741677,True,succeeded,/storage/users/pdarbani/Mehrshad/Transformer/v4.0/pretrained-isolation-framework/outputs/imagenetv2/deit_tiny/deit_tiny_imagenetv2_layerwise.json
deit_tiny_imagenetv2,21,blocks.5.attn.proj,INT6__dense,INT6,6,6,dense,,,0.0,59.79,82.79,0.020000000000003126,-0.10000000000000853,16.120530851185322,True,succeeded,/storage/users/pdarbani/Mehrshad/Transformer/v4.0/pretrained-isolation-framework/outputs/imagenetv2/deit_tiny/deit_tiny_imagenetv2_layerwise.json
deit_tiny_imagenetv2,21,blocks.5.attn.proj,INT8__2to4,INT8,8,8,2to4,2,4,0.5,59.46,82.6,0.3500000000000014,0.09000000000000341,16.894874645397067,True,succeeded,/storage/users/pdarbani/Mehrshad/Transformer/v4.0/pretrained-isolation-framework/outputs/imagenetv2/deit_tiny/deit_tiny_imagenetv2_layerwise.json
deit_tiny_imagenetv2,21,blocks.5.attn.proj,INT8__3to8,INT8,8,8,3to8,3,8,0.625,59.28,82.42,0.5300000000000011,0.269999999999996,16.480431573465466,True,succeeded,/storage/users/pdarbani/Mehrshad/Transformer/v4.0/pretrained-isolation-framework/outputs/imagenetv2/deit_tiny/deit_tiny_imagenetv2_layerwise.json
deit_tiny_imagenetv2,21,blocks.5.attn.proj,INT8__4to8,INT8,8,8,4to8,4,8,0.5,59.45,82.6,0.35999999999999943,0.09000000000000341,15.846807224676013,True,succeeded,/storage/users/pdarbani/Mehrshad/Transformer/v4.0/pretrained-isolation-framework/outputs/imagenetv2/deit_tiny/deit_tiny_imagenetv2_layerwise.json
deit_tiny_imagenetv2,21,blocks.5.attn.proj,INT8__dense,INT8,8,8,dense,,,0.0,59.79,82.72,0.020000000000003126,-0.030000000000001137,16.29596503637731,True,succeeded,/storage/users/pdarbani/Mehrshad/Transformer/v4.0/pretrained-isolation-framework/outputs/imagenetv2/deit_tiny/deit_tiny_imagenetv2_layerwise.json
deit_tiny_imagenetv2,22,blocks.5.mlp.fc1,FP32__2to4,FP32,32,32,2to4,2,4,0.5,58.79,81.9,1.0200000000000031,0.789999999999992,16.54932509176433,True,succeeded,/storage/users/pdarbani/Mehrshad/Transformer/v4.0/pretrained-isolation-framework/outputs/imagenetv2/deit_tiny/deit_tiny_imagenetv2_layerwise.json
deit_tiny_imagenetv2,22,blocks.5.mlp.fc1,FP32__3to8,FP32,32,32,3to8,3,8,0.625,58.35,81.72,1.4600000000000009,0.9699999999999989,16.197370871901512,True,succeeded,/storage/users/pdarbani/Mehrshad/Transformer/v4.0/pretrained-isolation-framework/outputs/imagenetv2/deit_tiny/deit_tiny_imagenetv2_layerwise.json
deit_tiny_imagenetv2,22,blocks.5.mlp.fc1,FP32__4to8,FP32,32,32,4to8,4,8,0.5,58.74,82.19,1.0700000000000003,0.5,16.683085095137358,True,succeeded,/storage/users/pdarbani/Mehrshad/Transformer/v4.0/pretrained-isolation-framework/outputs/imagenetv2/deit_tiny/deit_tiny_imagenetv2_layerwise.json
deit_tiny_imagenetv2,22,blocks.5.mlp.fc1,FP32__dense,FP32,32,32,dense,,,0.0,59.81,82.69,0.0,0.0,16.249814359471202,True,succeeded,/storage/users/pdarbani/Mehrshad/Transformer/v4.0/pretrained-isolation-framework/outputs/imagenetv2/deit_tiny/deit_tiny_imagenetv2_layerwise.json
deit_tiny_imagenetv2,22,blocks.5.mlp.fc1,INT4__2to4,INT4,4,4,2to4,2,4,0.5,58.42,81.62,1.3900000000000006,1.0699999999999932,16.78219753690064,True,succeeded,/storage/users/pdarbani/Mehrshad/Transformer/v4.0/pretrained-isolation-framework/outputs/imagenetv2/deit_tiny/deit_tiny_imagenetv2_layerwise.json
deit_tiny_imagenetv2,22,blocks.5.mlp.fc1,INT4__3to8,INT4,4,4,3to8,3,8,0.625,58.04,81.36,1.7700000000000031,1.3299999999999983,15.908285435289145,True,succeeded,/storage/users/pdarbani/Mehrshad/Transformer/v4.0/pretrained-isolation-framework/outputs/imagenetv2/deit_tiny/deit_tiny_imagenetv2_layerwise.json
deit_tiny_imagenetv2,22,blocks.5.mlp.fc1,INT4__4to8,INT4,4,4,4to8,4,8,0.5,58.21,81.68,1.6000000000000014,1.009999999999991,16.255540067330003,True,succeeded,/storage/users/pdarbani/Mehrshad/Transformer/v4.0/pretrained-isolation-framework/outputs/imagenetv2/deit_tiny/deit_tiny_imagenetv2_layerwise.json
deit_tiny_imagenetv2,22,blocks.5.mlp.fc1,INT4__dense,INT4,4,4,dense,,,0.0,59.18,82.18,0.6300000000000026,0.5099999999999909,16.283560967072845,True,succeeded,/storage/users/pdarbani/Mehrshad/Transformer/v4.0/pretrained-isolation-framework/outputs/imagenetv2/deit_tiny/deit_tiny_imagenetv2_layerwise.json
deit_tiny_imagenetv2,22,blocks.5.mlp.fc1,INT6__2to4,INT6,6,6,2to4,2,4,0.5,58.68,81.9,1.1300000000000026,0.789999999999992,16.80578480474651,True,succeeded,/storage/users/pdarbani/Mehrshad/Transformer/v4.0/pretrained-isolation-framework/outputs/imagenetv2/deit_tiny/deit_tiny_imagenetv2_layerwise.json
deit_tiny_imagenetv2,22,blocks.5.mlp.fc1,INT6__3to8,INT6,6,6,3to8,3,8,0.625,58.44,81.85,1.3700000000000045,0.8400000000000034,16.1515673417598,True,succeeded,/storage/users/pdarbani/Mehrshad/Transformer/v4.0/pretrained-isolation-framework/outputs/imagenetv2/deit_tiny/deit_tiny_imagenetv2_layerwise.json
deit_tiny_imagenetv2,22,blocks.5.mlp.fc1,INT6__4to8,INT6,6,6,4to8,4,8,0.5,58.82,82.13,0.990000000000002,0.5600000000000023,16.219577223062515,True,succeeded,/storage/users/pdarbani/Mehrshad/Transformer/v4.0/pretrained-isolation-framework/outputs/imagenetv2/deit_tiny/deit_tiny_imagenetv2_layerwise.json
deit_tiny_imagenetv2,22,blocks.5.mlp.fc1,INT6__dense,INT6,6,6,dense,,,0.0,59.81,82.69,0.0,0.0,16.989034820348024,True,succeeded,/storage/users/pdarbani/Mehrshad/Transformer/v4.0/pretrained-isolation-framework/outputs/imagenetv2/deit_tiny/deit_tiny_imagenetv2_layerwise.json
deit_tiny_imagenetv2,22,blocks.5.mlp.fc1,INT8__2to4,INT8,8,8,2to4,2,4,0.5,58.74,81.92,1.0700000000000003,0.769999999999996,16.58833348378539,True,succeeded,/storage/users/pdarbani/Mehrshad/Transformer/v4.0/pretrained-isolation-framework/outputs/imagenetv2/deit_tiny/deit_tiny_imagenetv2_layerwise.json
deit_tiny_imagenetv2,22,blocks.5.mlp.fc1,INT8__3to8,INT8,8,8,3to8,3,8,0.625,58.26,81.72,1.5500000000000043,0.9699999999999989,16.264033855870366,True,succeeded,/storage/users/pdarbani/Mehrshad/Transformer/v4.0/pretrained-isolation-framework/outputs/imagenetv2/deit_tiny/deit_tiny_imagenetv2_layerwise.json
deit_tiny_imagenetv2,22,blocks.5.mlp.fc1,INT8__4to8,INT8,8,8,4to8,4,8,0.5,58.78,82.14,1.0300000000000011,0.5499999999999972,16.178451566025615,True,succeeded,/storage/users/pdarbani/Mehrshad/Transformer/v4.0/pretrained-isolation-framework/outputs/imagenetv2/deit_tiny/deit_tiny_imagenetv2_layerwise.json
deit_tiny_imagenetv2,22,blocks.5.mlp.fc1,INT8__dense,INT8,8,8,dense,,,0.0,59.75,82.67,0.060000000000002274,0.01999999999999602,16.050412084907293,True,succeeded,/storage/users/pdarbani/Mehrshad/Transformer/v4.0/pretrained-isolation-framework/outputs/imagenetv2/deit_tiny/deit_tiny_imagenetv2_layerwise.json
deit_tiny_imagenetv2,23,blocks.5.mlp.fc2,FP32__2to4,FP32,32,32,2to4,2,4,0.5,59.42,82.41,0.39000000000000057,0.28000000000000114,16.789658347144723,True,succeeded,/storage/users/pdarbani/Mehrshad/Transformer/v4.0/pretrained-isolation-framework/outputs/imagenetv2/deit_tiny/deit_tiny_imagenetv2_layerwise.json
deit_tiny_imagenetv2,23,blocks.5.mlp.fc2,FP32__3to8,FP32,32,32,3to8,3,8,0.625,59.48,82.19,0.3300000000000054,0.5,16.009409619495273,True,succeeded,/storage/users/pdarbani/Mehrshad/Transformer/v4.0/pretrained-isolation-framework/outputs/imagenetv2/deit_tiny/deit_tiny_imagenetv2_layerwise.json
deit_tiny_imagenetv2,23,blocks.5.mlp.fc2,FP32__4to8,FP32,32,32,4to8,4,8,0.5,59.69,82.51,0.12000000000000455,0.1799999999999926,16.2560499869287,True,succeeded,/storage/users/pdarbani/Mehrshad/Transformer/v4.0/pretrained-isolation-framework/outputs/imagenetv2/deit_tiny/deit_tiny_imagenetv2_layerwise.json
deit_tiny_imagenetv2,23,blocks.5.mlp.fc2,FP32__dense,FP32,32,32,dense,,,0.0,59.81,82.69,0.0,0.0,16.528298638761044,True,succeeded,/storage/users/pdarbani/Mehrshad/Transformer/v4.0/pretrained-isolation-framework/outputs/imagenetv2/deit_tiny/deit_tiny_imagenetv2_layerwise.json
deit_tiny_imagenetv2,23,blocks.5.mlp.fc2,INT4__2to4,INT4,4,4,2to4,2,4,0.5,57.43,80.43,2.3800000000000026,2.259999999999991,16.217434227466583,True,succeeded,/storage/users/pdarbani/Mehrshad/Transformer/v4.0/pretrained-isolation-framework/outputs/imagenetv2/deit_tiny/deit_tiny_imagenetv2_layerwise.json
deit_tiny_imagenetv2,23,blocks.5.mlp.fc2,INT4__3to8,INT4,4,4,3to8,3,8,0.625,57.32,80.57,2.490000000000002,2.1200000000000045,16.394462428987026,True,succeeded,/storage/users/pdarbani/Mehrshad/Transformer/v4.0/pretrained-isolation-framework/outputs/imagenetv2/deit_tiny/deit_tiny_imagenetv2_layerwise.json
deit_tiny_imagenetv2,23,blocks.5.mlp.fc2,INT4__4to8,INT4,4,4,4to8,4,8,0.5,57.75,80.76,2.0600000000000023,1.9299999999999926,16.62308873422444,True,succeeded,/storage/users/pdarbani/Mehrshad/Transformer/v4.0/pretrained-isolation-framework/outputs/imagenetv2/deit_tiny/deit_tiny_imagenetv2_layerwise.json
deit_tiny_imagenetv2,23,blocks.5.mlp.fc2,INT4__dense,INT4,4,4,dense,,,0.0,57.68,80.9,2.1300000000000026,1.789999999999992,16.05467015132308,True,succeeded,/storage/users/pdarbani/Mehrshad/Transformer/v4.0/pretrained-isolation-framework/outputs/imagenetv2/deit_tiny/deit_tiny_imagenetv2_layerwise.json
deit_tiny_imagenetv2,23,blocks.5.mlp.fc2,INT6__2to4,INT6,6,6,2to4,2,4,0.5,59.1,82.23,0.7100000000000009,0.45999999999999375,16.332357462495565,True,succeeded,/storage/users/pdarbani/Mehrshad/Transformer/v4.0/pretrained-isolation-framework/outputs/imagenetv2/deit_tiny/deit_tiny_imagenetv2_layerwise.json
deit_tiny_imagenetv2,23,blocks.5.mlp.fc2,INT6__3to8,INT6,6,6,3to8,3,8,0.625,59.01,82.04,0.8000000000000043,0.6499999999999915,16.110436514019966,True,succeeded,/storage/users/pdarbani/Mehrshad/Transformer/v4.0/pretrained-isolation-framework/outputs/imagenetv2/deit_tiny/deit_tiny_imagenetv2_layerwise.json
deit_tiny_imagenetv2,23,blocks.5.mlp.fc2,INT6__4to8,INT6,6,6,4to8,4,8,0.5,59.43,82.27,0.38000000000000256,0.4200000000000017,16.380838500335813,True,succeeded,/storage/users/pdarbani/Mehrshad/Transformer/v4.0/pretrained-isolation-framework/outputs/imagenetv2/deit_tiny/deit_tiny_imagenetv2_layerwise.json
deit_tiny_imagenetv2,23,blocks.5.mlp.fc2,INT6__dense,INT6,6,6,dense,,,0.0,59.19,82.34,0.6200000000000045,0.3499999999999943,16.18512332625687,True,succeeded,/storage/users/pdarbani/Mehrshad/Transformer/v4.0/pretrained-isolation-framework/outputs/imagenetv2/deit_tiny/deit_tiny_imagenetv2_layerwise.json
deit_tiny_imagenetv2,23,blocks.5.mlp.fc2,INT8__2to4,INT8,8,8,2to4,2,4,0.5,59.28,82.42,0.5300000000000011,0.269999999999996,16.694958183914423,True,succeeded,/storage/users/pdarbani/Mehrshad/Transformer/v4.0/pretrained-isolation-framework/outputs/imagenetv2/deit_tiny/deit_tiny_imagenetv2_layerwise.json
deit_tiny_imagenetv2,23,blocks.5.mlp.fc2,INT8__3to8,INT8,8,8,3to8,3,8,0.625,59.45,82.32,0.35999999999999943,0.37000000000000455,15.856876034289598,True,succeeded,/storage/users/pdarbani/Mehrshad/Transformer/v4.0/pretrained-isolation-framework/outputs/imagenetv2/deit_tiny/deit_tiny_imagenetv2_layerwise.json
deit_tiny_imagenetv2,23,blocks.5.mlp.fc2,INT8__4to8,INT8,8,8,4to8,4,8,0.5,59.77,82.58,0.03999999999999915,0.10999999999999943,16.74434649758041,True,succeeded,/storage/users/pdarbani/Mehrshad/Transformer/v4.0/pretrained-isolation-framework/outputs/imagenetv2/deit_tiny/deit_tiny_imagenetv2_layerwise.json
deit_tiny_imagenetv2,23,blocks.5.mlp.fc2,INT8__dense,INT8,8,8,dense,,,0.0,59.78,82.79,0.030000000000001137,-0.10000000000000853,15.964469145983458,True,succeeded,/storage/users/pdarbani/Mehrshad/Transformer/v4.0/pretrained-isolation-framework/outputs/imagenetv2/deit_tiny/deit_tiny_imagenetv2_layerwise.json
deit_tiny_imagenetv2,24,blocks.6.attn.qkv,FP32__2to4,FP32,32,32,2to4,2,4,0.5,59.18,82.06,0.6300000000000026,0.6299999999999955,16.474567215889692,True,succeeded,/storage/users/pdarbani/Mehrshad/Transformer/v4.0/pretrained-isolation-framework/outputs/imagenetv2/deit_tiny/deit_tiny_imagenetv2_layerwise.json
deit_tiny_imagenetv2,24,blocks.6.attn.qkv,FP32__3to8,FP32,32,32,3to8,3,8,0.625,58.66,81.99,1.1500000000000057,0.7000000000000028,16.511058190837502,True,succeeded,/storage/users/pdarbani/Mehrshad/Transformer/v4.0/pretrained-isolation-framework/outputs/imagenetv2/deit_tiny/deit_tiny_imagenetv2_layerwise.json
deit_tiny_imagenetv2,24,blocks.6.attn.qkv,FP32__4to8,FP32,32,32,4to8,4,8,0.5,59.19,82.25,0.6200000000000045,0.4399999999999977,16.222492029890418,True,succeeded,/storage/users/pdarbani/Mehrshad/Transformer/v4.0/pretrained-isolation-framework/outputs/imagenetv2/deit_tiny/deit_tiny_imagenetv2_layerwise.json
deit_tiny_imagenetv2,24,blocks.6.attn.qkv,FP32__dense,FP32,32,32,dense,,,0.0,59.81,82.69,0.0,0.0,15.989773681387305,True,succeeded,/storage/users/pdarbani/Mehrshad/Transformer/v4.0/pretrained-isolation-framework/outputs/imagenetv2/deit_tiny/deit_tiny_imagenetv2_layerwise.json
deit_tiny_imagenetv2,24,blocks.6.attn.qkv,INT4__2to4,INT4,4,4,2to4,2,4,0.5,59.11,82.06,0.7000000000000028,0.6299999999999955,16.55684831738472,True,succeeded,/storage/users/pdarbani/Mehrshad/Transformer/v4.0/pretrained-isolation-framework/outputs/imagenetv2/deit_tiny/deit_tiny_imagenetv2_layerwise.json
deit_tiny_imagenetv2,24,blocks.6.attn.qkv,INT4__3to8,INT4,4,4,3to8,3,8,0.625,58.65,81.72,1.1600000000000037,0.9699999999999989,16.403496243059635,True,succeeded,/storage/users/pdarbani/Mehrshad/Transformer/v4.0/pretrained-isolation-framework/outputs/imagenetv2/deit_tiny/deit_tiny_imagenetv2_layerwise.json
deit_tiny_imagenetv2,24,blocks.6.attn.qkv,INT4__4to8,INT4,4,4,4to8,4,8,0.5,59.09,82.14,0.7199999999999989,0.5499999999999972,16.54674207419157,True,succeeded,/storage/users/pdarbani/Mehrshad/Transformer/v4.0/pretrained-isolation-framework/outputs/imagenetv2/deit_tiny/deit_tiny_imagenetv2_layerwise.json
deit_tiny_imagenetv2,24,blocks.6.attn.qkv,INT4__dense,INT4,4,4,dense,,,0.0,59.57,82.58,0.240000000000002,0.10999999999999943,16.319408245384693,True,succeeded,/storage/users/pdarbani/Mehrshad/Transformer/v4.0/pretrained-isolation-framework/outputs/imagenetv2/deit_tiny/deit_tiny_imagenetv2_layerwise.json
deit_tiny_imagenetv2,24,blocks.6.attn.qkv,INT6__2to4,INT6,6,6,2to4,2,4,0.5,59.29,82.16,0.5200000000000031,0.5300000000000011,16.379934197291732,True,succeeded,/storage/users/pdarbani/Mehrshad/Transformer/v4.0/pretrained-isolation-framework/outputs/imagenetv2/deit_tiny/deit_tiny_imagenetv2_layerwise.json
deit_tiny_imagenetv2,24,blocks.6.attn.qkv,INT6__3to8,INT6,6,6,3to8,3,8,0.625,58.73,81.93,1.0800000000000054,0.7599999999999909,15.748987577855587,True,succeeded,/storage/users/pdarbani/Mehrshad/Transformer/v4.0/pretrained-isolation-framework/outputs/imagenetv2/deit_tiny/deit_tiny_imagenetv2_layerwise.json
deit_tiny_imagenetv2,24,blocks.6.attn.qkv,INT6__4to8,INT6,6,6,4to8,4,8,0.5,59.2,82.23,0.6099999999999994,0.45999999999999375,17.303653499111533,True,succeeded,/storage/users/pdarbani/Mehrshad/Transformer/v4.0/pretrained-isolation-framework/outputs/imagenetv2/deit_tiny/deit_tiny_imagenetv2_layerwise.json
deit_tiny_imagenetv2,24,blocks.6.attn.qkv,INT6__dense,INT6,6,6,dense,,,0.0,59.87,82.71,-0.05999999999999517,-0.01999999999999602,16.21374211832881,True,succeeded,/storage/users/pdarbani/Mehrshad/Transformer/v4.0/pretrained-isolation-framework/outputs/imagenetv2/deit_tiny/deit_tiny_imagenetv2_layerwise.json
deit_tiny_imagenetv2,24,blocks.6.attn.qkv,INT8__2to4,INT8,8,8,2to4,2,4,0.5,59.22,82.08,0.5900000000000034,0.6099999999999994,17.193391701206565,True,succeeded,/storage/users/pdarbani/Mehrshad/Transformer/v4.0/pretrained-isolation-framework/outputs/imagenetv2/deit_tiny/deit_tiny_imagenetv2_layerwise.json
deit_tiny_imagenetv2,24,blocks.6.attn.qkv,INT8__3to8,INT8,8,8,3to8,3,8,0.625,58.67,81.98,1.1400000000000006,0.7099999999999937,16.065241249278188,True,succeeded,/storage/users/pdarbani/Mehrshad/Transformer/v4.0/pretrained-isolation-framework/outputs/imagenetv2/deit_tiny/deit_tiny_imagenetv2_layerwise.json
deit_tiny_imagenetv2,24,blocks.6.attn.qkv,INT8__4to8,INT8,8,8,4to8,4,8,0.5,59.13,82.26,0.6799999999999997,0.4299999999999926,16.541445199400187,True,succeeded,/storage/users/pdarbani/Mehrshad/Transformer/v4.0/pretrained-isolation-framework/outputs/imagenetv2/deit_tiny/deit_tiny_imagenetv2_layerwise.json
deit_tiny_imagenetv2,24,blocks.6.attn.qkv,INT8__dense,INT8,8,8,dense,,,0.0,59.79,82.69,0.020000000000003126,0.0,16.13129960373044,True,succeeded,/storage/users/pdarbani/Mehrshad/Transformer/v4.0/pretrained-isolation-framework/outputs/imagenetv2/deit_tiny/deit_tiny_imagenetv2_layerwise.json
deit_tiny_imagenetv2,25,blocks.6.attn.proj,FP32__2to4,FP32,32,32,2to4,2,4,0.5,59.13,82.49,0.6799999999999997,0.20000000000000284,16.416042348369956,True,succeeded,/storage/users/pdarbani/Mehrshad/Transformer/v4.0/pretrained-isolation-framework/outputs/imagenetv2/deit_tiny/deit_tiny_imagenetv2_layerwise.json
deit_tiny_imagenetv2,25,blocks.6.attn.proj,FP32__3to8,FP32,32,32,3to8,3,8,0.625,59.17,82.3,0.6400000000000006,0.39000000000000057,16.134754791855812,True,succeeded,/storage/users/pdarbani/Mehrshad/Transformer/v4.0/pretrained-isolation-framework/outputs/imagenetv2/deit_tiny/deit_tiny_imagenetv2_layerwise.json
deit_tiny_imagenetv2,25,blocks.6.attn.proj,FP32__4to8,FP32,32,32,4to8,4,8,0.5,59.26,82.61,0.5500000000000043,0.0799999999999983,16.61606944911182,True,succeeded,/storage/users/pdarbani/Mehrshad/Transformer/v4.0/pretrained-isolation-framework/outputs/imagenetv2/deit_tiny/deit_tiny_imagenetv2_layerwise.json
deit_tiny_imagenetv2,25,blocks.6.attn.proj,FP32__dense,FP32,32,32,dense,,,0.0,59.81,82.69,0.0,0.0,16.199226336553693,True,succeeded,/storage/users/pdarbani/Mehrshad/Transformer/v4.0/pretrained-isolation-framework/outputs/imagenetv2/deit_tiny/deit_tiny_imagenetv2_layerwise.json
deit_tiny_imagenetv2,25,blocks.6.attn.proj,INT4__2to4,INT4,4,4,2to4,2,4,0.5,58.91,82.15,0.9000000000000057,0.539999999999992,17.44721174798906,True,succeeded,/storage/users/pdarbani/Mehrshad/Transformer/v4.0/pretrained-isolation-framework/outputs/imagenetv2/deit_tiny/deit_tiny_imagenetv2_layerwise.json
deit_tiny_imagenetv2,25,blocks.6.attn.proj,INT4__3to8,INT4,4,4,3to8,3,8,0.625,58.86,82.17,0.9500000000000028,0.519999999999996,16.168227907270193,True,succeeded,/storage/users/pdarbani/Mehrshad/Transformer/v4.0/pretrained-isolation-framework/outputs/imagenetv2/deit_tiny/deit_tiny_imagenetv2_layerwise.json
deit_tiny_imagenetv2,25,blocks.6.attn.proj,INT4__4to8,INT4,4,4,4to8,4,8,0.5,59.31,82.27,0.5,0.4200000000000017,16.09619545377791,True,succeeded,/storage/users/pdarbani/Mehrshad/Transformer/v4.0/pretrained-isolation-framework/outputs/imagenetv2/deit_tiny/deit_tiny_imagenetv2_layerwise.json
deit_tiny_imagenetv2,25,blocks.6.attn.proj,INT4__dense,INT4,4,4,dense,,,0.0,59.47,82.32,0.3400000000000034,0.37000000000000455,16.788935642689466,True,succeeded,/storage/users/pdarbani/Mehrshad/Transformer/v4.0/pretrained-isolation-framework/outputs/imagenetv2/deit_tiny/deit_tiny_imagenetv2_layerwise.json
deit_tiny_imagenetv2,25,blocks.6.attn.proj,INT6__2to4,INT6,6,6,2to4,2,4,0.5,59.0,82.57,0.8100000000000023,0.12000000000000455,16.342959826812148,True,succeeded,/storage/users/pdarbani/Mehrshad/Transformer/v4.0/pretrained-isolation-framework/outputs/imagenetv2/deit_tiny/deit_tiny_imagenetv2_layerwise.json
deit_tiny_imagenetv2,25,blocks.6.attn.proj,INT6__3to8,INT6,6,6,3to8,3,8,0.625,59.01,82.29,0.8000000000000043,0.3999999999999915,16.038279749453068,True,succeeded,/storage/users/pdarbani/Mehrshad/Transformer/v4.0/pretrained-isolation-framework/outputs/imagenetv2/deit_tiny/deit_tiny_imagenetv2_layerwise.json
deit_tiny_imagenetv2,25,blocks.6.attn.proj,INT6__4to8,INT6,6,6,4to8,4,8,0.5,59.13,82.54,0.6799999999999997,0.14999999999999147,15.826141444966197,True,succeeded,/storage/users/pdarbani/Mehrshad/Transformer/v4.0/pretrained-isolation-framework/outputs/imagenetv2/deit_tiny/deit_tiny_imagenetv2_layerwise.json
deit_tiny_imagenetv2,25,blocks.6.attn.proj,INT6__dense,INT6,6,6,dense,,,0.0,59.77,82.69,0.03999999999999915,0.0,16.89275448396802,True,succeeded,/storage/users/pdarbani/Mehrshad/Transformer/v4.0/pretrained-isolation-framework/outputs/imagenetv2/deit_tiny/deit_tiny_imagenetv2_layerwise.json
deit_tiny_imagenetv2,25,blocks.6.attn.proj,INT8__2to4,INT8,8,8,2to4,2,4,0.5,59.14,82.51,0.6700000000000017,0.1799999999999926,17.36494330689311,True,succeeded,/storage/users/pdarbani/Mehrshad/Transformer/v4.0/pretrained-isolation-framework/outputs/imagenetv2/deit_tiny/deit_tiny_imagenetv2_layerwise.json
deit_tiny_imagenetv2,25,blocks.6.attn.proj,INT8__3to8,INT8,8,8,3to8,3,8,0.625,59.17,82.31,0.6400000000000006,0.37999999999999545,15.99950941093266,True,succeeded,/storage/users/pdarbani/Mehrshad/Transformer/v4.0/pretrained-isolation-framework/outputs/imagenetv2/deit_tiny/deit_tiny_imagenetv2_layerwise.json
deit_tiny_imagenetv2,25,blocks.6.attn.proj,INT8__4to8,INT8,8,8,4to8,4,8,0.5,59.29,82.62,0.5200000000000031,0.06999999999999318,16.378935120999813,True,succeeded,/storage/users/pdarbani/Mehrshad/Transformer/v4.0/pretrained-isolation-framework/outputs/imagenetv2/deit_tiny/deit_tiny_imagenetv2_layerwise.json
deit_tiny_imagenetv2,25,blocks.6.attn.proj,INT8__dense,INT8,8,8,dense,,,0.0,59.76,82.72,0.05000000000000426,-0.030000000000001137,15.951648006215692,True,succeeded,/storage/users/pdarbani/Mehrshad/Transformer/v4.0/pretrained-isolation-framework/outputs/imagenetv2/deit_tiny/deit_tiny_imagenetv2_layerwise.json
deit_tiny_imagenetv2,26,blocks.6.mlp.fc1,FP32__2to4,FP32,32,32,2to4,2,4,0.5,58.76,82.01,1.0500000000000043,0.6799999999999926,16.41762476041913,True,succeeded,/storage/users/pdarbani/Mehrshad/Transformer/v4.0/pretrained-isolation-framework/outputs/imagenetv2/deit_tiny/deit_tiny_imagenetv2_layerwise.json
deit_tiny_imagenetv2,26,blocks.6.mlp.fc1,FP32__3to8,FP32,32,32,3to8,3,8,0.625,58.18,81.7,1.6300000000000026,0.9899999999999949,16.02097800001502,True,succeeded,/storage/users/pdarbani/Mehrshad/Transformer/v4.0/pretrained-isolation-framework/outputs/imagenetv2/deit_tiny/deit_tiny_imagenetv2_layerwise.json
deit_tiny_imagenetv2,26,blocks.6.mlp.fc1,FP32__4to8,FP32,32,32,4to8,4,8,0.5,58.79,82.11,1.0200000000000031,0.5799999999999983,16.49063208140433,True,succeeded,/storage/users/pdarbani/Mehrshad/Transformer/v4.0/pretrained-isolation-framework/outputs/imagenetv2/deit_tiny/deit_tiny_imagenetv2_layerwise.json
deit_tiny_imagenetv2,26,blocks.6.mlp.fc1,FP32__dense,FP32,32,32,dense,,,0.0,59.81,82.69,0.0,0.0,16.886781530454755,True,succeeded,/storage/users/pdarbani/Mehrshad/Transformer/v4.0/pretrained-isolation-framework/outputs/imagenetv2/deit_tiny/deit_tiny_imagenetv2_layerwise.json
deit_tiny_imagenetv2,26,blocks.6.mlp.fc1,INT4__2to4,INT4,4,4,2to4,2,4,0.5,58.31,81.38,1.5,1.3100000000000023,16.388591419905424,True,succeeded,/storage/users/pdarbani/Mehrshad/Transformer/v4.0/pretrained-isolation-framework/outputs/imagenetv2/deit_tiny/deit_tiny_imagenetv2_layerwise.json
deit_tiny_imagenetv2,26,blocks.6.mlp.fc1,INT4__3to8,INT4,4,4,3to8,3,8,0.625,57.68,81.15,2.1300000000000026,1.539999999999992,16.387599935755134,True,succeeded,/storage/users/pdarbani/Mehrshad/Transformer/v4.0/pretrained-isolation-framework/outputs/imagenetv2/deit_tiny/deit_tiny_imagenetv2_layerwise.json
deit_tiny_imagenetv2,26,blocks.6.mlp.fc1,INT4__4to8,INT4,4,4,4to8,4,8,0.5,58.47,81.68,1.3400000000000034,1.009999999999991,16.895856514573097,True,succeeded,/storage/users/pdarbani/Mehrshad/Transformer/v4.0/pretrained-isolation-framework/outputs/imagenetv2/deit_tiny/deit_tiny_imagenetv2_layerwise.json
deit_tiny_imagenetv2,26,blocks.6.mlp.fc1,INT4__dense,INT4,4,4,dense,,,0.0,59.12,81.99,0.6900000000000048,0.7000000000000028,16.51488240249455,True,succeeded,/storage/users/pdarbani/Mehrshad/Transformer/v4.0/pretrained-isolation-framework/outputs/imagenetv2/deit_tiny/deit_tiny_imagenetv2_layerwise.json
deit_tiny_imagenetv2,26,blocks.6.mlp.fc1,INT6__2to4,INT6,6,6,2to4,2,4,0.5,58.76,82.14,1.0500000000000043,0.5499999999999972,16.25526301562786,True,succeeded,/storage/users/pdarbani/Mehrshad/Transformer/v4.0/pretrained-isolation-framework/outputs/imagenetv2/deit_tiny/deit_tiny_imagenetv2_layerwise.json
deit_tiny_imagenetv2,26,blocks.6.mlp.fc1,INT6__3to8,INT6,6,6,3to8,3,8,0.625,58.17,81.77,1.6400000000000006,0.9200000000000017,16.117197554558516,True,succeeded,/storage/users/pdarbani/Mehrshad/Transformer/v4.0/pretrained-isolation-framework/outputs/imagenetv2/deit_tiny/deit_tiny_imagenetv2_layerwise.json
deit_tiny_imagenetv2,26,blocks.6.mlp.fc1,INT6__4to8,INT6,6,6,4to8,4,8,0.5,58.79,82.21,1.0200000000000031,0.480000000000004,16.3668618965894,True,succeeded,/storage/users/pdarbani/Mehrshad/Transformer/v4.0/pretrained-isolation-framework/outputs/imagenetv2/deit_tiny/deit_tiny_imagenetv2_layerwise.json
deit_tiny_imagenetv2,26,blocks.6.mlp.fc1,INT6__dense,INT6,6,6,dense,,,0.0,59.71,82.73,0.10000000000000142,-0.04000000000000625,16.15258535183966,True,succeeded,/storage/users/pdarbani/Mehrshad/Transformer/v4.0/pretrained-isolation-framework/outputs/imagenetv2/deit_tiny/deit_tiny_imagenetv2_layerwise.json
deit_tiny_imagenetv2,26,blocks.6.mlp.fc1,INT8__2to4,INT8,8,8,2to4,2,4,0.5,58.8,82.06,1.0100000000000051,0.6299999999999955,16.973276996985078,True,succeeded,/storage/users/pdarbani/Mehrshad/Transformer/v4.0/pretrained-isolation-framework/outputs/imagenetv2/deit_tiny/deit_tiny_imagenetv2_layerwise.json
deit_tiny_imagenetv2,26,blocks.6.mlp.fc1,INT8__3to8,INT8,8,8,3to8,3,8,0.625,58.19,81.78,1.6200000000000045,0.9099999999999966,16.077700996771455,True,succeeded,/storage/users/pdarbani/Mehrshad/Transformer/v4.0/pretrained-isolation-framework/outputs/imagenetv2/deit_tiny/deit_tiny_imagenetv2_layerwise.json
deit_tiny_imagenetv2,26,blocks.6.mlp.fc1,INT8__4to8,INT8,8,8,4to8,4,8,0.5,58.75,82.1,1.0600000000000023,0.5900000000000034,16.415494611486793,True,succeeded,/storage/users/pdarbani/Mehrshad/Transformer/v4.0/pretrained-isolation-framework/outputs/imagenetv2/deit_tiny/deit_tiny_imagenetv2_layerwise.json
deit_tiny_imagenetv2,26,blocks.6.mlp.fc1,INT8__dense,INT8,8,8,dense,,,0.0,59.71,82.79,0.10000000000000142,-0.10000000000000853,16.29707519337535,True,succeeded,/storage/users/pdarbani/Mehrshad/Transformer/v4.0/pretrained-isolation-framework/outputs/imagenetv2/deit_tiny/deit_tiny_imagenetv2_layerwise.json
deit_tiny_imagenetv2,27,blocks.6.mlp.fc2,FP32__2to4,FP32,32,32,2to4,2,4,0.5,59.4,82.2,0.4100000000000037,0.4899999999999949,16.557165974751115,True,succeeded,/storage/users/pdarbani/Mehrshad/Transformer/v4.0/pretrained-isolation-framework/outputs/imagenetv2/deit_tiny/deit_tiny_imagenetv2_layerwise.json
deit_tiny_imagenetv2,27,blocks.6.mlp.fc2,FP32__3to8,FP32,32,32,3to8,3,8,0.625,59.21,82.16,0.6000000000000014,0.5300000000000011,16.229920065030456,True,succeeded,/storage/users/pdarbani/Mehrshad/Transformer/v4.0/pretrained-isolation-framework/outputs/imagenetv2/deit_tiny/deit_tiny_imagenetv2_layerwise.json
deit_tiny_imagenetv2,27,blocks.6.mlp.fc2,FP32__4to8,FP32,32,32,4to8,4,8,0.5,59.62,82.19,0.19000000000000483,0.5,16.654137399047613,True,succeeded,/storage/users/pdarbani/Mehrshad/Transformer/v4.0/pretrained-isolation-framework/outputs/imagenetv2/deit_tiny/deit_tiny_imagenetv2_layerwise.json
deit_tiny_imagenetv2,27,blocks.6.mlp.fc2,FP32__dense,FP32,32,32,dense,,,0.0,59.81,82.69,0.0,0.0,16.392946867272258,True,succeeded,/storage/users/pdarbani/Mehrshad/Transformer/v4.0/pretrained-isolation-framework/outputs/imagenetv2/deit_tiny/deit_tiny_imagenetv2_layerwise.json
deit_tiny_imagenetv2,27,blocks.6.mlp.fc2,INT4__2to4,INT4,4,4,2to4,2,4,0.5,57.51,80.36,2.3000000000000043,2.3299999999999983,16.38795943185687,True,succeeded,/storage/users/pdarbani/Mehrshad/Transformer/v4.0/pretrained-isolation-framework/outputs/imagenetv2/deit_tiny/deit_tiny_imagenetv2_layerwise.json
deit_tiny_imagenetv2,27,blocks.6.mlp.fc2,INT4__3to8,INT4,4,4,3to8,3,8,0.625,57.39,80.49,2.4200000000000017,2.200000000000003,16.664811361581087,True,succeeded,/storage/users/pdarbani/Mehrshad/Transformer/v4.0/pretrained-isolation-framework/outputs/imagenetv2/deit_tiny/deit_tiny_imagenetv2_layerwise.json
deit_tiny_imagenetv2,27,blocks.6.mlp.fc2,INT4__4to8,INT4,4,4,4to8,4,8,0.5,57.5,80.38,2.3100000000000023,2.3100000000000023,16.315358832478523,True,succeeded,/storage/users/pdarbani/Mehrshad/Transformer/v4.0/pretrained-isolation-framework/outputs/imagenetv2/deit_tiny/deit_tiny_imagenetv2_layerwise.json
deit_tiny_imagenetv2,27,blocks.6.mlp.fc2,INT4__dense,INT4,4,4,dense,,,0.0,57.47,80.77,2.3400000000000034,1.9200000000000017,15.60077135451138,True,succeeded,/storage/users/pdarbani/Mehrshad/Transformer/v4.0/pretrained-isolation-framework/outputs/imagenetv2/deit_tiny/deit_tiny_imagenetv2_layerwise.json
deit_tiny_imagenetv2,27,blocks.6.mlp.fc2,INT6__2to4,INT6,6,6,2to4,2,4,0.5,59.16,82.14,0.6500000000000057,0.5499999999999972,16.44325984083116,True,succeeded,/storage/users/pdarbani/Mehrshad/Transformer/v4.0/pretrained-isolation-framework/outputs/imagenetv2/deit_tiny/deit_tiny_imagenetv2_layerwise.json
deit_tiny_imagenetv2,27,blocks.6.mlp.fc2,INT6__3to8,INT6,6,6,3to8,3,8,0.625,59.02,81.93,0.7899999999999991,0.7599999999999909,16.579148814082146,True,succeeded,/storage/users/pdarbani/Mehrshad/Transformer/v4.0/pretrained-isolation-framework/outputs/imagenetv2/deit_tiny/deit_tiny_imagenetv2_layerwise.json
deit_tiny_imagenetv2,27,blocks.6.mlp.fc2,INT6__4to8,INT6,6,6,4to8,4,8,0.5,59.33,82.03,0.480000000000004,0.6599999999999966,16.594127057120204,True,succeeded,/storage/users/pdarbani/Mehrshad/Transformer/v4.0/pretrained-isolation-framework/outputs/imagenetv2/deit_tiny/deit_tiny_imagenetv2_layerwise.json
deit_tiny_imagenetv2,27,blocks.6.mlp.fc2,INT6__dense,INT6,6,6,dense,,,0.0,59.62,82.43,0.19000000000000483,0.2599999999999909,16.110483644530177,True,succeeded,/storage/users/pdarbani/Mehrshad/Transformer/v4.0/pretrained-isolation-framework/outputs/imagenetv2/deit_tiny/deit_tiny_imagenetv2_layerwise.json
deit_tiny_imagenetv2,27,blocks.6.mlp.fc2,INT8__2to4,INT8,8,8,2to4,2,4,0.5,59.38,82.22,0.4299999999999997,0.46999999999999886,18.229849657043815,True,succeeded,/storage/users/pdarbani/Mehrshad/Transformer/v4.0/pretrained-isolation-framework/outputs/imagenetv2/deit_tiny/deit_tiny_imagenetv2_layerwise.json
deit_tiny_imagenetv2,27,blocks.6.mlp.fc2,INT8__3to8,INT8,8,8,3to8,3,8,0.625,59.08,82.17,0.730000000000004,0.519999999999996,16.44627899862826,True,succeeded,/storage/users/pdarbani/Mehrshad/Transformer/v4.0/pretrained-isolation-framework/outputs/imagenetv2/deit_tiny/deit_tiny_imagenetv2_layerwise.json
deit_tiny_imagenetv2,27,blocks.6.mlp.fc2,INT8__4to8,INT8,8,8,4to8,4,8,0.5,59.62,82.23,0.19000000000000483,0.45999999999999375,17.22840091958642,True,succeeded,/storage/users/pdarbani/Mehrshad/Transformer/v4.0/pretrained-isolation-framework/outputs/imagenetv2/deit_tiny/deit_tiny_imagenetv2_layerwise.json
deit_tiny_imagenetv2,27,blocks.6.mlp.fc2,INT8__dense,INT8,8,8,dense,,,0.0,59.77,82.76,0.03999999999999915,-0.07000000000000739,15.85003444366157,True,succeeded,/storage/users/pdarbani/Mehrshad/Transformer/v4.0/pretrained-isolation-framework/outputs/imagenetv2/deit_tiny/deit_tiny_imagenetv2_layerwise.json
deit_tiny_imagenetv2,28,blocks.7.attn.qkv,FP32__2to4,FP32,32,32,2to4,2,4,0.5,59.17,82.33,0.6400000000000006,0.35999999999999943,16.661213556304574,True,succeeded,/storage/users/pdarbani/Mehrshad/Transformer/v4.0/pretrained-isolation-framework/outputs/imagenetv2/deit_tiny/deit_tiny_imagenetv2_layerwise.json
deit_tiny_imagenetv2,28,blocks.7.attn.qkv,FP32__3to8,FP32,32,32,3to8,3,8,0.625,58.89,82.12,0.9200000000000017,0.5699999999999932,15.912436973303556,True,succeeded,/storage/users/pdarbani/Mehrshad/Transformer/v4.0/pretrained-isolation-framework/outputs/imagenetv2/deit_tiny/deit_tiny_imagenetv2_layerwise.json
deit_tiny_imagenetv2,28,blocks.7.attn.qkv,FP32__4to8,FP32,32,32,4to8,4,8,0.5,59.3,82.31,0.5100000000000051,0.37999999999999545,16.32903390005231,True,succeeded,/storage/users/pdarbani/Mehrshad/Transformer/v4.0/pretrained-isolation-framework/outputs/imagenetv2/deit_tiny/deit_tiny_imagenetv2_layerwise.json
deit_tiny_imagenetv2,28,blocks.7.attn.qkv,FP32__dense,FP32,32,32,dense,,,0.0,59.81,82.69,0.0,0.0,15.908477323129773,True,succeeded,/storage/users/pdarbani/Mehrshad/Transformer/v4.0/pretrained-isolation-framework/outputs/imagenetv2/deit_tiny/deit_tiny_imagenetv2_layerwise.json
deit_tiny_imagenetv2,28,blocks.7.attn.qkv,INT4__2to4,INT4,4,4,2to4,2,4,0.5,59.05,82.25,0.7600000000000051,0.4399999999999977,17.05334759876132,True,succeeded,/storage/users/pdarbani/Mehrshad/Transformer/v4.0/pretrained-isolation-framework/outputs/imagenetv2/deit_tiny/deit_tiny_imagenetv2_layerwise.json
deit_tiny_imagenetv2,28,blocks.7.attn.qkv,INT4__3to8,INT4,4,4,3to8,3,8,0.625,58.93,82.2,0.8800000000000026,0.4899999999999949,15.973815007135272,True,succeeded,/storage/users/pdarbani/Mehrshad/Transformer/v4.0/pretrained-isolation-framework/outputs/imagenetv2/deit_tiny/deit_tiny_imagenetv2_layerwise.json
deit_tiny_imagenetv2,28,blocks.7.attn.qkv,INT4__4to8,INT4,4,4,4to8,4,8,0.5,59.37,82.44,0.44000000000000483,0.25,15.842920748516917,True,succeeded,/storage/users/pdarbani/Mehrshad/Transformer/v4.0/pretrained-isolation-framework/outputs/imagenetv2/deit_tiny/deit_tiny_imagenetv2_layerwise.json
deit_tiny_imagenetv2,28,blocks.7.attn.qkv,INT4__dense,INT4,4,4,dense,,,0.0,59.62,82.63,0.19000000000000483,0.060000000000002274,16.628389328718185,True,succeeded,/storage/users/pdarbani/Mehrshad/Transformer/v4.0/pretrained-isolation-framework/outputs/imagenetv2/deit_tiny/deit_tiny_imagenetv2_layerwise.json
deit_tiny_imagenetv2,28,blocks.7.attn.qkv,INT6__2to4,INT6,6,6,2to4,2,4,0.5,59.2,82.3,0.6099999999999994,0.39000000000000057,16.50530180707574,True,succeeded,/storage/users/pdarbani/Mehrshad/Transformer/v4.0/pretrained-isolation-framework/outputs/imagenetv2/deit_tiny/deit_tiny_imagenetv2_layerwise.json
deit_tiny_imagenetv2,28,blocks.7.attn.qkv,INT6__3to8,INT6,6,6,3to8,3,8,0.625,58.91,82.09,0.9000000000000057,0.5999999999999943,15.863710775971413,True,succeeded,/storage/users/pdarbani/Mehrshad/Transformer/v4.0/pretrained-isolation-framework/outputs/imagenetv2/deit_tiny/deit_tiny_imagenetv2_layerwise.json
deit_tiny_imagenetv2,28,blocks.7.attn.qkv,INT6__4to8,INT6,6,6,4to8,4,8,0.5,59.27,82.39,0.5399999999999991,0.29999999999999716,16.838730504736304,True,succeeded,/storage/users/pdarbani/Mehrshad/Transformer/v4.0/pretrained-isolation-framework/outputs/imagenetv2/deit_tiny/deit_tiny_imagenetv2_layerwise.json
deit_tiny_imagenetv2,28,blocks.7.attn.qkv,INT6__dense,INT6,6,6,dense,,,0.0,59.82,82.66,-0.00999999999999801,0.030000000000001137,16.249742893502116,True,succeeded,/storage/users/pdarbani/Mehrshad/Transformer/v4.0/pretrained-isolation-framework/outputs/imagenetv2/deit_tiny/deit_tiny_imagenetv2_layerwise.json
deit_tiny_imagenetv2,28,blocks.7.attn.qkv,INT8__2to4,INT8,8,8,2to4,2,4,0.5,59.16,82.3,0.6500000000000057,0.39000000000000057,16.60789049230516,True,succeeded,/storage/users/pdarbani/Mehrshad/Transformer/v4.0/pretrained-isolation-framework/outputs/imagenetv2/deit_tiny/deit_tiny_imagenetv2_layerwise.json
deit_tiny_imagenetv2,28,blocks.7.attn.qkv,INT8__3to8,INT8,8,8,3to8,3,8,0.625,58.87,82.11,0.9400000000000048,0.5799999999999983,16.356918562203646,True,succeeded,/storage/users/pdarbani/Mehrshad/Transformer/v4.0/pretrained-isolation-framework/outputs/imagenetv2/deit_tiny/deit_tiny_imagenetv2_layerwise.json
deit_tiny_imagenetv2,28,blocks.7.attn.qkv,INT8__4to8,INT8,8,8,4to8,4,8,0.5,59.31,82.33,0.5,0.35999999999999943,16.656361639499664,True,succeeded,/storage/users/pdarbani/Mehrshad/Transformer/v4.0/pretrained-isolation-framework/outputs/imagenetv2/deit_tiny/deit_tiny_imagenetv2_layerwise.json
deit_tiny_imagenetv2,28,blocks.7.attn.qkv,INT8__dense,INT8,8,8,dense,,,0.0,59.83,82.7,-0.01999999999999602,-0.010000000000005116,16.100835414603353,True,succeeded,/storage/users/pdarbani/Mehrshad/Transformer/v4.0/pretrained-isolation-framework/outputs/imagenetv2/deit_tiny/deit_tiny_imagenetv2_layerwise.json
deit_tiny_imagenetv2,29,blocks.7.attn.proj,FP32__2to4,FP32,32,32,2to4,2,4,0.5,59.44,82.57,0.37000000000000455,0.12000000000000455,16.725401097908616,True,succeeded,/storage/users/pdarbani/Mehrshad/Transformer/v4.0/pretrained-isolation-framework/outputs/imagenetv2/deit_tiny/deit_tiny_imagenetv2_layerwise.json
deit_tiny_imagenetv2,29,blocks.7.attn.proj,FP32__3to8,FP32,32,32,3to8,3,8,0.625,59.14,82.33,0.6700000000000017,0.35999999999999943,16.272465819492936,True,succeeded,/storage/users/pdarbani/Mehrshad/Transformer/v4.0/pretrained-isolation-framework/outputs/imagenetv2/deit_tiny/deit_tiny_imagenetv2_layerwise.json
deit_tiny_imagenetv2,29,blocks.7.attn.proj,FP32__4to8,FP32,32,32,4to8,4,8,0.5,59.51,82.51,0.30000000000000426,0.1799999999999926,16.181564066559076,True,succeeded,/storage/users/pdarbani/Mehrshad/Transformer/v4.0/pretrained-isolation-framework/outputs/imagenetv2/deit_tiny/deit_tiny_imagenetv2_layerwise.json
deit_tiny_imagenetv2,29,blocks.7.attn.proj,FP32__dense,FP32,32,32,dense,,,0.0,59.81,82.69,0.0,0.0,16.173008766025305,True,succeeded,/storage/users/pdarbani/Mehrshad/Transformer/v4.0/pretrained-isolation-framework/outputs/imagenetv2/deit_tiny/deit_tiny_imagenetv2_layerwise.json
deit_tiny_imagenetv2,29,blocks.7.attn.proj,INT4__2to4,INT4,4,4,2to4,2,4,0.5,59.49,82.44,0.3200000000000003,0.25,16.792796971276402,True,succeeded,/storage/users/pdarbani/Mehrshad/Transformer/v4.0/pretrained-isolation-framework/outputs/imagenetv2/deit_tiny/deit_tiny_imagenetv2_layerwise.json
deit_tiny_imagenetv2,29,blocks.7.attn.proj,INT4__3to8,INT4,4,4,3to8,3,8,0.625,59.04,82.16,0.7700000000000031,0.5300000000000011,16.122633334249258,True,succeeded,/storage/users/pdarbani/Mehrshad/Transformer/v4.0/pretrained-isolation-framework/outputs/imagenetv2/deit_tiny/deit_tiny_imagenetv2_layerwise.json
deit_tiny_imagenetv2,29,blocks.7.attn.proj,INT4__4to8,INT4,4,4,4to8,4,8,0.5,59.42,82.42,0.39000000000000057,0.269999999999996,16.34633962623775,True,succeeded,/storage/users/pdarbani/Mehrshad/Transformer/v4.0/pretrained-isolation-framework/outputs/imagenetv2/deit_tiny/deit_tiny_imagenetv2_layerwise.json
deit_tiny_imagenetv2,29,blocks.7.attn.proj,INT4__dense,INT4,4,4,dense,,,0.0,59.67,82.62,0.14000000000000057,0.06999999999999318,16.46706281416118,True,succeeded,/storage/users/pdarbani/Mehrshad/Transformer/v4.0/pretrained-isolation-framework/outputs/imagenetv2/deit_tiny/deit_tiny_imagenetv2_layerwise.json
deit_tiny_imagenetv2,29,blocks.7.attn.proj,INT6__2to4,INT6,6,6,2to4,2,4,0.5,59.55,82.57,0.2600000000000051,0.12000000000000455,16.612390069290996,True,succeeded,/storage/users/pdarbani/Mehrshad/Transformer/v4.0/pretrained-isolation-framework/outputs/imagenetv2/deit_tiny/deit_tiny_imagenetv2_layerwise.json
deit_tiny_imagenetv2,29,blocks.7.attn.proj,INT6__3to8,INT6,6,6,3to8,3,8,0.625,59.17,82.34,0.6400000000000006,0.3499999999999943,16.20916585996747,True,succeeded,/storage/users/pdarbani/Mehrshad/Transformer/v4.0/pretrained-isolation-framework/outputs/imagenetv2/deit_tiny/deit_tiny_imagenetv2_layerwise.json
deit_tiny_imagenetv2,29,blocks.7.attn.proj,INT6__4to8,INT6,6,6,4to8,4,8,0.5,59.47,82.51,0.3400000000000034,0.1799999999999926,16.61841331794858,True,succeeded,/storage/users/pdarbani/Mehrshad/Transformer/v4.0/pretrained-isolation-framework/outputs/imagenetv2/deit_tiny/deit_tiny_imagenetv2_layerwise.json
deit_tiny_imagenetv2,29,blocks.7.attn.proj,INT6__dense,INT6,6,6,dense,,,0.0,59.86,82.62,-0.04999999999999716,0.06999999999999318,16.2943892814219,True,succeeded,/storage/users/pdarbani/Mehrshad/Transformer/v4.0/pretrained-isolation-framework/outputs/imagenetv2/deit_tiny/deit_tiny_imagenetv2_layerwise.json
deit_tiny_imagenetv2,29,blocks.7.attn.proj,INT8__2to4,INT8,8,8,2to4,2,4,0.5,59.41,82.55,0.4000000000000057,0.14000000000000057,16.75855523534119,True,succeeded,/storage/users/pdarbani/Mehrshad/Transformer/v4.0/pretrained-isolation-framework/outputs/imagenetv2/deit_tiny/deit_tiny_imagenetv2_layerwise.json
deit_tiny_imagenetv2,29,blocks.7.attn.proj,INT8__3to8,INT8,8,8,3to8,3,8,0.625,59.14,82.33,0.6700000000000017,0.35999999999999943,16.4884420838207,True,succeeded,/storage/users/pdarbani/Mehrshad/Transformer/v4.0/pretrained-isolation-framework/outputs/imagenetv2/deit_tiny/deit_tiny_imagenetv2_layerwise.json
deit_tiny_imagenetv2,29,blocks.7.attn.proj,INT8__4to8,INT8,8,8,4to8,4,8,0.5,59.5,82.54,0.3100000000000023,0.14999999999999147,17.189590821042657,True,succeeded,/storage/users/pdarbani/Mehrshad/Transformer/v4.0/pretrained-isolation-framework/outputs/imagenetv2/deit_tiny/deit_tiny_imagenetv2_layerwise.json
deit_tiny_imagenetv2,29,blocks.7.attn.proj,INT8__dense,INT8,8,8,dense,,,0.0,59.79,82.68,0.020000000000003126,0.009999999999990905,15.891563966870308,True,succeeded,/storage/users/pdarbani/Mehrshad/Transformer/v4.0/pretrained-isolation-framework/outputs/imagenetv2/deit_tiny/deit_tiny_imagenetv2_layerwise.json
deit_tiny_imagenetv2,30,blocks.7.mlp.fc1,FP32__2to4,FP32,32,32,2to4,2,4,0.5,58.58,82.08,1.230000000000004,0.6099999999999994,16.81333345733583,True,succeeded,/storage/users/pdarbani/Mehrshad/Transformer/v4.0/pretrained-isolation-framework/outputs/imagenetv2/deit_tiny/deit_tiny_imagenetv2_layerwise.json
deit_tiny_imagenetv2,30,blocks.7.mlp.fc1,FP32__3to8,FP32,32,32,3to8,3,8,0.625,58.29,81.54,1.5200000000000031,1.1499999999999915,16.352635761722922,True,succeeded,/storage/users/pdarbani/Mehrshad/Transformer/v4.0/pretrained-isolation-framework/outputs/imagenetv2/deit_tiny/deit_tiny_imagenetv2_layerwise.json
deit_tiny_imagenetv2,30,blocks.7.mlp.fc1,FP32__4to8,FP32,32,32,4to8,4,8,0.5,58.92,82.11,0.8900000000000006,0.5799999999999983,16.691720705479383,True,succeeded,/storage/users/pdarbani/Mehrshad/Transformer/v4.0/pretrained-isolation-framework/outputs/imagenetv2/deit_tiny/deit_tiny_imagenetv2_layerwise.json
deit_tiny_imagenetv2,30,blocks.7.mlp.fc1,FP32__dense,FP32,32,32,dense,,,0.0,59.81,82.69,0.0,0.0,16.442310471087694,True,succeeded,/storage/users/pdarbani/Mehrshad/Transformer/v4.0/pretrained-isolation-framework/outputs/imagenetv2/deit_tiny/deit_tiny_imagenetv2_layerwise.json
deit_tiny_imagenetv2,30,blocks.7.mlp.fc1,INT4__2to4,INT4,4,4,2to4,2,4,0.5,57.95,81.37,1.8599999999999994,1.3199999999999932,16.385144896805286,True,succeeded,/storage/users/pdarbani/Mehrshad/Transformer/v4.0/pretrained-isolation-framework/outputs/imagenetv2/deit_tiny/deit_tiny_imagenetv2_layerwise.json
deit_tiny_imagenetv2,30,blocks.7.mlp.fc1,INT4__3to8,INT4,4,4,3to8,3,8,0.625,57.09,80.8,2.719999999999999,1.8900000000000006,16.34417074173689,True,succeeded,/storage/users/pdarbani/Mehrshad/Transformer/v4.0/pretrained-isolation-framework/outputs/imagenetv2/deit_tiny/deit_tiny_imagenetv2_layerwise.json
deit_tiny_imagenetv2,30,blocks.7.mlp.fc1,INT4__4to8,INT4,4,4,4to8,4,8,0.5,58.19,81.11,1.6200000000000045,1.5799999999999983,16.85728328861296,True,succeeded,/storage/users/pdarbani/Mehrshad/Transformer/v4.0/pretrained-isolation-framework/outputs/imagenetv2/deit_tiny/deit_tiny_imagenetv2_layerwise.json
deit_tiny_imagenetv2,30,blocks.7.mlp.fc1,INT4__dense,INT4,4,4,dense,,,0.0,59.18,81.77,0.6300000000000026,0.9200000000000017,16.24079475738108,True,succeeded,/storage/users/pdarbani/Mehrshad/Transformer/v4.0/pretrained-isolation-framework/outputs/imagenetv2/deit_tiny/deit_tiny_imagenetv2_layerwise.json
deit_tiny_imagenetv2,30,blocks.7.mlp.fc1,INT6__2to4,INT6,6,6,2to4,2,4,0.5,58.45,81.99,1.3599999999999994,0.7000000000000028,17.4020644556731,True,succeeded,/storage/users/pdarbani/Mehrshad/Transformer/v4.0/pretrained-isolation-framework/outputs/imagenetv2/deit_tiny/deit_tiny_imagenetv2_layerwise.json
deit_tiny_imagenetv2,30,blocks.7.mlp.fc1,INT6__3to8,INT6,6,6,3to8,3,8,0.625,58.25,81.54,1.5600000000000023,1.1499999999999915,15.949901605024934,True,succeeded,/storage/users/pdarbani/Mehrshad/Transformer/v4.0/pretrained-isolation-framework/outputs/imagenetv2/deit_tiny/deit_tiny_imagenetv2_layerwise.json
deit_tiny_imagenetv2,30,blocks.7.mlp.fc1,INT6__4to8,INT6,6,6,4to8,4,8,0.5,58.75,82.03,1.0600000000000023,0.6599999999999966,17.044518865644932,True,succeeded,/storage/users/pdarbani/Mehrshad/Transformer/v4.0/pretrained-isolation-framework/outputs/imagenetv2/deit_tiny/deit_tiny_imagenetv2_layerwise.json
deit_tiny_imagenetv2,30,blocks.7.mlp.fc1,INT6__dense,INT6,6,6,dense,,,0.0,59.67,82.55,0.14000000000000057,0.14000000000000057,15.894857274368405,True,succeeded,/storage/users/pdarbani/Mehrshad/Transformer/v4.0/pretrained-isolation-framework/outputs/imagenetv2/deit_tiny/deit_tiny_imagenetv2_layerwise.json
deit_tiny_imagenetv2,30,blocks.7.mlp.fc1,INT8__2to4,INT8,8,8,2to4,2,4,0.5,58.62,82.07,1.1900000000000048,0.6200000000000045,17.217567551881075,True,succeeded,/storage/users/pdarbani/Mehrshad/Transformer/v4.0/pretrained-isolation-framework/outputs/imagenetv2/deit_tiny/deit_tiny_imagenetv2_layerwise.json
deit_tiny_imagenetv2,30,blocks.7.mlp.fc1,INT8__3to8,INT8,8,8,3to8,3,8,0.625,58.21,81.51,1.6000000000000014,1.1799999999999926,16.410103963688016,True,succeeded,/storage/users/pdarbani/Mehrshad/Transformer/v4.0/pretrained-isolation-framework/outputs/imagenetv2/deit_tiny/deit_tiny_imagenetv2_layerwise.json
deit_tiny_imagenetv2,30,blocks.7.mlp.fc1,INT8__4to8,INT8,8,8,4to8,4,8,0.5,58.9,82.05,0.9100000000000037,0.6400000000000006,16.576279006898403,True,succeeded,/storage/users/pdarbani/Mehrshad/Transformer/v4.0/pretrained-isolation-framework/outputs/imagenetv2/deit_tiny/deit_tiny_imagenetv2_layerwise.json
deit_tiny_imagenetv2,30,blocks.7.mlp.fc1,INT8__dense,INT8,8,8,dense,,,0.0,59.77,82.68,0.03999999999999915,0.009999999999990905,15.957007493823767,True,succeeded,/storage/users/pdarbani/Mehrshad/Transformer/v4.0/pretrained-isolation-framework/outputs/imagenetv2/deit_tiny/deit_tiny_imagenetv2_layerwise.json
deit_tiny_imagenetv2,31,blocks.7.mlp.fc2,FP32__2to4,FP32,32,32,2to4,2,4,0.5,59.42,82.57,0.39000000000000057,0.12000000000000455,16.705771887674928,True,succeeded,/storage/users/pdarbani/Mehrshad/Transformer/v4.0/pretrained-isolation-framework/outputs/imagenetv2/deit_tiny/deit_tiny_imagenetv2_layerwise.json
deit_tiny_imagenetv2,31,blocks.7.mlp.fc2,FP32__3to8,FP32,32,32,3to8,3,8,0.625,59.43,82.39,0.38000000000000256,0.29999999999999716,16.299605088308454,True,succeeded,/storage/users/pdarbani/Mehrshad/Transformer/v4.0/pretrained-isolation-framework/outputs/imagenetv2/deit_tiny/deit_tiny_imagenetv2_layerwise.json
deit_tiny_imagenetv2,31,blocks.7.mlp.fc2,FP32__4to8,FP32,32,32,4to8,4,8,0.5,59.65,82.52,0.1600000000000037,0.1700000000000017,16.165132423862815,True,succeeded,/storage/users/pdarbani/Mehrshad/Transformer/v4.0/pretrained-isolation-framework/outputs/imagenetv2/deit_tiny/deit_tiny_imagenetv2_layerwise.json
deit_tiny_imagenetv2,31,blocks.7.mlp.fc2,FP32__dense,FP32,32,32,dense,,,0.0,59.81,82.69,0.0,0.0,16.14395414851606,True,succeeded,/storage/users/pdarbani/Mehrshad/Transformer/v4.0/pretrained-isolation-framework/outputs/imagenetv2/deit_tiny/deit_tiny_imagenetv2_layerwise.json
deit_tiny_imagenetv2,31,blocks.7.mlp.fc2,INT4__2to4,INT4,4,4,2to4,2,4,0.5,58.46,81.18,1.3500000000000014,1.509999999999991,16.55524843931198,True,succeeded,/storage/users/pdarbani/Mehrshad/Transformer/v4.0/pretrained-isolation-framework/outputs/imagenetv2/deit_tiny/deit_tiny_imagenetv2_layerwise.json
deit_tiny_imagenetv2,31,blocks.7.mlp.fc2,INT4__3to8,INT4,4,4,3to8,3,8,0.625,58.39,81.25,1.4200000000000017,1.4399999999999977,16.379176637157798,True,succeeded,/storage/users/pdarbani/Mehrshad/Transformer/v4.0/pretrained-isolation-framework/outputs/imagenetv2/deit_tiny/deit_tiny_imagenetv2_layerwise.json
deit_tiny_imagenetv2,31,blocks.7.mlp.fc2,INT4__4to8,INT4,4,4,4to8,4,8,0.5,58.47,81.12,1.3400000000000034,1.5699999999999932,16.35980693437159,True,succeeded,/storage/users/pdarbani/Mehrshad/Transformer/v4.0/pretrained-isolation-framework/outputs/imagenetv2/deit_tiny/deit_tiny_imagenetv2_layerwise.json
deit_tiny_imagenetv2,31,blocks.7.mlp.fc2,INT4__dense,INT4,4,4,dense,,,0.0,58.52,81.25,1.2899999999999991,1.4399999999999977,16.268092785030603,True,succeeded,/storage/users/pdarbani/Mehrshad/Transformer/v4.0/pretrained-isolation-framework/outputs/imagenetv2/deit_tiny/deit_tiny_imagenetv2_layerwise.json
deit_tiny_imagenetv2,31,blocks.7.mlp.fc2,INT6__2to4,INT6,6,6,2to4,2,4,0.5,59.51,82.3,0.30000000000000426,0.39000000000000057,16.847072606906295,True,succeeded,/storage/users/pdarbani/Mehrshad/Transformer/v4.0/pretrained-isolation-framework/outputs/imagenetv2/deit_tiny/deit_tiny_imagenetv2_layerwise.json
deit_tiny_imagenetv2,31,blocks.7.mlp.fc2,INT6__3to8,INT6,6,6,3to8,3,8,0.625,59.32,82.23,0.490000000000002,0.45999999999999375,16.423359118402004,True,succeeded,/storage/users/pdarbani/Mehrshad/Transformer/v4.0/pretrained-isolation-framework/outputs/imagenetv2/deit_tiny/deit_tiny_imagenetv2_layerwise.json
deit_tiny_imagenetv2,31,blocks.7.mlp.fc2,INT6__4to8,INT6,6,6,4to8,4,8,0.5,59.44,82.26,0.37000000000000455,0.4299999999999926,16.69543415121734,True,succeeded,/storage/users/pdarbani/Mehrshad/Transformer/v4.0/pretrained-isolation-framework/outputs/imagenetv2/deit_tiny/deit_tiny_imagenetv2_layerwise.json
deit_tiny_imagenetv2,31,blocks.7.mlp.fc2,INT6__dense,INT6,6,6,dense,,,0.0,59.43,82.27,0.38000000000000256,0.4200000000000017,16.288828628137708,True,succeeded,/storage/users/pdarbani/Mehrshad/Transformer/v4.0/pretrained-isolation-framework/outputs/imagenetv2/deit_tiny/deit_tiny_imagenetv2_layerwise.json
deit_tiny_imagenetv2,31,blocks.7.mlp.fc2,INT8__2to4,INT8,8,8,2to4,2,4,0.5,59.4,82.49,0.4100000000000037,0.20000000000000284,16.79824030585587,True,succeeded,/storage/users/pdarbani/Mehrshad/Transformer/v4.0/pretrained-isolation-framework/outputs/imagenetv2/deit_tiny/deit_tiny_imagenetv2_layerwise.json
deit_tiny_imagenetv2,31,blocks.7.mlp.fc2,INT8__3to8,INT8,8,8,3to8,3,8,0.625,59.23,82.39,0.5800000000000054,0.29999999999999716,15.940054351463914,True,succeeded,/storage/users/pdarbani/Mehrshad/Transformer/v4.0/pretrained-isolation-framework/outputs/imagenetv2/deit_tiny/deit_tiny_imagenetv2_layerwise.json
deit_tiny_imagenetv2,31,blocks.7.mlp.fc2,INT8__4to8,INT8,8,8,4to8,4,8,0.5,59.59,82.55,0.21999999999999886,0.14000000000000057,17.192245000973344,True,succeeded,/storage/users/pdarbani/Mehrshad/Transformer/v4.0/pretrained-isolation-framework/outputs/imagenetv2/deit_tiny/deit_tiny_imagenetv2_layerwise.json
deit_tiny_imagenetv2,31,blocks.7.mlp.fc2,INT8__dense,INT8,8,8,dense,,,0.0,59.83,82.69,-0.01999999999999602,0.0,16.440253905951977,True,succeeded,/storage/users/pdarbani/Mehrshad/Transformer/v4.0/pretrained-isolation-framework/outputs/imagenetv2/deit_tiny/deit_tiny_imagenetv2_layerwise.json
deit_tiny_imagenetv2,32,blocks.8.attn.qkv,FP32__2to4,FP32,32,32,2to4,2,4,0.5,59.44,82.56,0.37000000000000455,0.12999999999999545,17.00105299241841,True,succeeded,/storage/users/pdarbani/Mehrshad/Transformer/v4.0/pretrained-isolation-framework/outputs/imagenetv2/deit_tiny/deit_tiny_imagenetv2_layerwise.json
deit_tiny_imagenetv2,32,blocks.8.attn.qkv,FP32__3to8,FP32,32,32,3to8,3,8,0.625,59.2,82.3,0.6099999999999994,0.39000000000000057,16.166408577933908,True,succeeded,/storage/users/pdarbani/Mehrshad/Transformer/v4.0/pretrained-isolation-framework/outputs/imagenetv2/deit_tiny/deit_tiny_imagenetv2_layerwise.json
deit_tiny_imagenetv2,32,blocks.8.attn.qkv,FP32__4to8,FP32,32,32,4to8,4,8,0.5,59.37,82.41,0.44000000000000483,0.28000000000000114,16.872701501473784,True,succeeded,/storage/users/pdarbani/Mehrshad/Transformer/v4.0/pretrained-isolation-framework/outputs/imagenetv2/deit_tiny/deit_tiny_imagenetv2_layerwise.json
deit_tiny_imagenetv2,32,blocks.8.attn.qkv,FP32__dense,FP32,32,32,dense,,,0.0,59.81,82.69,0.0,0.0,16.279475079849362,True,succeeded,/storage/users/pdarbani/Mehrshad/Transformer/v4.0/pretrained-isolation-framework/outputs/imagenetv2/deit_tiny/deit_tiny_imagenetv2_layerwise.json
deit_tiny_imagenetv2,32,blocks.8.attn.qkv,INT4__2to4,INT4,4,4,2to4,2,4,0.5,59.43,82.5,0.38000000000000256,0.18999999999999773,16.826505359262228,True,succeeded,/storage/users/pdarbani/Mehrshad/Transformer/v4.0/pretrained-isolation-framework/outputs/imagenetv2/deit_tiny/deit_tiny_imagenetv2_layerwise.json
deit_tiny_imagenetv2,32,blocks.8.attn.qkv,INT4__3to8,INT4,4,4,3to8,3,8,0.625,59.27,82.25,0.5399999999999991,0.4399999999999977,16.176257150247693,True,succeeded,/storage/users/pdarbani/Mehrshad/Transformer/v4.0/pretrained-isolation-framework/outputs/imagenetv2/deit_tiny/deit_tiny_imagenetv2_layerwise.json
deit_tiny_imagenetv2,32,blocks.8.attn.qkv,INT4__4to8,INT4,4,4,4to8,4,8,0.5,59.48,82.54,0.3300000000000054,0.14999999999999147,16.364852787926793,True,succeeded,/storage/users/pdarbani/Mehrshad/Transformer/v4.0/pretrained-isolation-framework/outputs/imagenetv2/deit_tiny/deit_tiny_imagenetv2_layerwise.json
deit_tiny_imagenetv2,32,blocks.8.attn.qkv,INT4__dense,INT4,4,4,dense,,,0.0,59.52,82.55,0.28999999999999915,0.14000000000000057,16.43098682537675,True,succeeded,/storage/users/pdarbani/Mehrshad/Transformer/v4.0/pretrained-isolation-framework/outputs/imagenetv2/deit_tiny/deit_tiny_imagenetv2_layerwise.json
deit_tiny_imagenetv2,32,blocks.8.attn.qkv,INT6__2to4,INT6,6,6,2to4,2,4,0.5,59.37,82.57,0.44000000000000483,0.12000000000000455,16.182177796959877,True,succeeded,/storage/users/pdarbani/Mehrshad/Transformer/v4.0/pretrained-isolation-framework/outputs/imagenetv2/deit_tiny/deit_tiny_imagenetv2_layerwise.json
deit_tiny_imagenetv2,32,blocks.8.attn.qkv,INT6__3to8,INT6,6,6,3to8,3,8,0.625,59.17,82.27,0.6400000000000006,0.4200000000000017,16.125820629298687,True,succeeded,/storage/users/pdarbani/Mehrshad/Transformer/v4.0/pretrained-isolation-framework/outputs/imagenetv2/deit_tiny/deit_tiny_imagenetv2_layerwise.json
deit_tiny_imagenetv2,32,blocks.8.attn.qkv,INT6__4to8,INT6,6,6,4to8,4,8,0.5,59.48,82.45,0.3300000000000054,0.23999999999999488,16.780329402536154,True,succeeded,/storage/users/pdarbani/Mehrshad/Transformer/v4.0/pretrained-isolation-framework/outputs/imagenetv2/deit_tiny/deit_tiny_imagenetv2_layerwise.json
deit_tiny_imagenetv2,32,blocks.8.attn.qkv,INT6__dense,INT6,6,6,dense,,,0.0,59.72,82.71,0.09000000000000341,-0.01999999999999602,16.324799729511142,True,succeeded,/storage/users/pdarbani/Mehrshad/Transformer/v4.0/pretrained-isolation-framework/outputs/imagenetv2/deit_tiny/deit_tiny_imagenetv2_layerwise.json
deit_tiny_imagenetv2,32,blocks.8.attn.qkv,INT8__2to4,INT8,8,8,2to4,2,4,0.5,59.45,82.6,0.35999999999999943,0.09000000000000341,16.576281460002065,True,succeeded,/storage/users/pdarbani/Mehrshad/Transformer/v4.0/pretrained-isolation-framework/outputs/imagenetv2/deit_tiny/deit_tiny_imagenetv2_layerwise.json
deit_tiny_imagenetv2,32,blocks.8.attn.qkv,INT8__3to8,INT8,8,8,3to8,3,8,0.625,59.16,82.34,0.6500000000000057,0.3499999999999943,16.098776238039136,True,succeeded,/storage/users/pdarbani/Mehrshad/Transformer/v4.0/pretrained-isolation-framework/outputs/imagenetv2/deit_tiny/deit_tiny_imagenetv2_layerwise.json
deit_tiny_imagenetv2,32,blocks.8.attn.qkv,INT8__4to8,INT8,8,8,4to8,4,8,0.5,59.36,82.42,0.45000000000000284,0.269999999999996,17.48998921737075,True,succeeded,/storage/users/pdarbani/Mehrshad/Transformer/v4.0/pretrained-isolation-framework/outputs/imagenetv2/deit_tiny/deit_tiny_imagenetv2_layerwise.json
deit_tiny_imagenetv2,32,blocks.8.attn.qkv,INT8__dense,INT8,8,8,dense,,,0.0,59.8,82.7,0.010000000000005116,-0.010000000000005116,16.27773416787386,True,succeeded,/storage/users/pdarbani/Mehrshad/Transformer/v4.0/pretrained-isolation-framework/outputs/imagenetv2/deit_tiny/deit_tiny_imagenetv2_layerwise.json
deit_tiny_imagenetv2,33,blocks.8.attn.proj,FP32__2to4,FP32,32,32,2to4,2,4,0.5,59.46,82.46,0.3500000000000014,0.23000000000000398,16.89881800301373,True,succeeded,/storage/users/pdarbani/Mehrshad/Transformer/v4.0/pretrained-isolation-framework/outputs/imagenetv2/deit_tiny/deit_tiny_imagenetv2_layerwise.json
deit_tiny_imagenetv2,33,blocks.8.attn.proj,FP32__3to8,FP32,32,32,3to8,3,8,0.625,59.23,82.41,0.5800000000000054,0.28000000000000114,15.83572830632329,True,succeeded,/storage/users/pdarbani/Mehrshad/Transformer/v4.0/pretrained-isolation-framework/outputs/imagenetv2/deit_tiny/deit_tiny_imagenetv2_layerwise.json
deit_tiny_imagenetv2,33,blocks.8.attn.proj,FP32__4to8,FP32,32,32,4to8,4,8,0.5,59.62,82.47,0.19000000000000483,0.21999999999999886,16.360335163772106,True,succeeded,/storage/users/pdarbani/Mehrshad/Transformer/v4.0/pretrained-isolation-framework/outputs/imagenetv2/deit_tiny/deit_tiny_imagenetv2_layerwise.json
deit_tiny_imagenetv2,33,blocks.8.attn.proj,FP32__dense,FP32,32,32,dense,,,0.0,59.81,82.69,0.0,0.0,16.08912285231054,True,succeeded,/storage/users/pdarbani/Mehrshad/Transformer/v4.0/pretrained-isolation-framework/outputs/imagenetv2/deit_tiny/deit_tiny_imagenetv2_layerwise.json
deit_tiny_imagenetv2,33,blocks.8.attn.proj,INT4__2to4,INT4,4,4,2to4,2,4,0.5,59.34,82.27,0.46999999999999886,0.4200000000000017,16.667801240459085,True,succeeded,/storage/users/pdarbani/Mehrshad/Transformer/v4.0/pretrained-isolation-framework/outputs/imagenetv2/deit_tiny/deit_tiny_imagenetv2_layerwise.json
deit_tiny_imagenetv2,33,blocks.8.attn.proj,INT4__3to8,INT4,4,4,3to8,3,8,0.625,59.18,82.23,0.6300000000000026,0.45999999999999375,16.11023940704763,True,succeeded,/storage/users/pdarbani/Mehrshad/Transformer/v4.0/pretrained-isolation-framework/outputs/imagenetv2/deit_tiny/deit_tiny_imagenetv2_layerwise.json
deit_tiny_imagenetv2,33,blocks.8.attn.proj,INT4__4to8,INT4,4,4,4to8,4,8,0.5,59.52,82.37,0.28999999999999915,0.3199999999999932,16.503458769991994,True,succeeded,/storage/users/pdarbani/Mehrshad/Transformer/v4.0/pretrained-isolation-framework/outputs/imagenetv2/deit_tiny/deit_tiny_imagenetv2_layerwise.json
deit_tiny_imagenetv2,33,blocks.8.attn.proj,INT4__dense,INT4,4,4,dense,,,0.0,59.6,82.44,0.21000000000000085,0.25,16.057253239676356,True,succeeded,/storage/users/pdarbani/Mehrshad/Transformer/v4.0/pretrained-isolation-framework/outputs/imagenetv2/deit_tiny/deit_tiny_imagenetv2_layerwise.json
deit_tiny_imagenetv2,33,blocks.8.attn.proj,INT6__2to4,INT6,6,6,2to4,2,4,0.5,59.24,82.65,0.5700000000000003,0.03999999999999204,16.60865280404687,True,succeeded,/storage/users/pdarbani/Mehrshad/Transformer/v4.0/pretrained-isolation-framework/outputs/imagenetv2/deit_tiny/deit_tiny_imagenetv2_layerwise.json
deit_tiny_imagenetv2,33,blocks.8.attn.proj,INT6__3to8,INT6,6,6,3to8,3,8,0.625,59.18,82.51,0.6300000000000026,0.1799999999999926,16.46710871346295,True,succeeded,/storage/users/pdarbani/Mehrshad/Transformer/v4.0/pretrained-isolation-framework/outputs/imagenetv2/deit_tiny/deit_tiny_imagenetv2_layerwise.json
deit_tiny_imagenetv2,33,blocks.8.attn.proj,INT6__4to8,INT6,6,6,4to8,4,8,0.5,59.49,82.47,0.3200000000000003,0.21999999999999886,16.23180507682264,True,succeeded,/storage/users/pdarbani/Mehrshad/Transformer/v4.0/pretrained-isolation-framework/outputs/imagenetv2/deit_tiny/deit_tiny_imagenetv2_layerwise.json
deit_tiny_imagenetv2,33,blocks.8.attn.proj,INT6__dense,INT6,6,6,dense,,,0.0,59.75,82.73,0.060000000000002274,-0.04000000000000625,16.180839110165834,True,succeeded,/storage/users/pdarbani/Mehrshad/Transformer/v4.0/pretrained-isolation-framework/outputs/imagenetv2/deit_tiny/deit_tiny_imagenetv2_layerwise.json
deit_tiny_imagenetv2,33,blocks.8.attn.proj,INT8__2to4,INT8,8,8,2to4,2,4,0.5,59.4,82.5,0.4100000000000037,0.18999999999999773,16.990647055208683,True,succeeded,/storage/users/pdarbani/Mehrshad/Transformer/v4.0/pretrained-isolation-framework/outputs/imagenetv2/deit_tiny/deit_tiny_imagenetv2_layerwise.json
deit_tiny_imagenetv2,33,blocks.8.attn.proj,INT8__3to8,INT8,8,8,3to8,3,8,0.625,59.17,82.36,0.6400000000000006,0.3299999999999983,16.590719003230333,True,succeeded,/storage/users/pdarbani/Mehrshad/Transformer/v4.0/pretrained-isolation-framework/outputs/imagenetv2/deit_tiny/deit_tiny_imagenetv2_layerwise.json
deit_tiny_imagenetv2,33,blocks.8.attn.proj,INT8__4to8,INT8,8,8,4to8,4,8,0.5,59.63,82.45,0.17999999999999972,0.23999999999999488,16.772559460252523,True,succeeded,/storage/users/pdarbani/Mehrshad/Transformer/v4.0/pretrained-isolation-framework/outputs/imagenetv2/deit_tiny/deit_tiny_imagenetv2_layerwise.json
deit_tiny_imagenetv2,33,blocks.8.attn.proj,INT8__dense,INT8,8,8,dense,,,0.0,59.83,82.69,-0.01999999999999602,0.0,16.143974533304572,True,succeeded,/storage/users/pdarbani/Mehrshad/Transformer/v4.0/pretrained-isolation-framework/outputs/imagenetv2/deit_tiny/deit_tiny_imagenetv2_layerwise.json
deit_tiny_imagenetv2,34,blocks.8.mlp.fc1,FP32__2to4,FP32,32,32,2to4,2,4,0.5,58.96,82.0,0.8500000000000014,0.6899999999999977,16.796710224822164,True,succeeded,/storage/users/pdarbani/Mehrshad/Transformer/v4.0/pretrained-isolation-framework/outputs/imagenetv2/deit_tiny/deit_tiny_imagenetv2_layerwise.json
deit_tiny_imagenetv2,34,blocks.8.mlp.fc1,FP32__3to8,FP32,32,32,3to8,3,8,0.625,58.28,81.64,1.5300000000000011,1.0499999999999972,16.476655397564173,True,succeeded,/storage/users/pdarbani/Mehrshad/Transformer/v4.0/pretrained-isolation-framework/outputs/imagenetv2/deit_tiny/deit_tiny_imagenetv2_layerwise.json
deit_tiny_imagenetv2,34,blocks.8.mlp.fc1,FP32__4to8,FP32,32,32,4to8,4,8,0.5,59.08,82.15,0.730000000000004,0.539999999999992,16.65638310648501,True,succeeded,/storage/users/pdarbani/Mehrshad/Transformer/v4.0/pretrained-isolation-framework/outputs/imagenetv2/deit_tiny/deit_tiny_imagenetv2_layerwise.json
deit_tiny_imagenetv2,34,blocks.8.mlp.fc1,FP32__dense,FP32,32,32,dense,,,0.0,59.81,82.69,0.0,0.0,16.18161248974502,True,succeeded,/storage/users/pdarbani/Mehrshad/Transformer/v4.0/pretrained-isolation-framework/outputs/imagenetv2/deit_tiny/deit_tiny_imagenetv2_layerwise.json
deit_tiny_imagenetv2,34,blocks.8.mlp.fc1,INT4__2to4,INT4,4,4,2to4,2,4,0.5,57.33,80.73,2.480000000000004,1.9599999999999937,19.755455031991005,True,succeeded,/storage/users/pdarbani/Mehrshad/Transformer/v4.0/pretrained-isolation-framework/outputs/imagenetv2/deit_tiny/deit_tiny_imagenetv2_layerwise.json
deit_tiny_imagenetv2,34,blocks.8.mlp.fc1,INT4__3to8,INT4,4,4,3to8,3,8,0.625,56.09,79.72,3.719999999999999,2.969999999999999,15.355113793164492,True,succeeded,/storage/users/pdarbani/Mehrshad/Transformer/v4.0/pretrained-isolation-framework/outputs/imagenetv2/deit_tiny/deit_tiny_imagenetv2_layerwise.json
deit_tiny_imagenetv2,34,blocks.8.mlp.fc1,INT4__4to8,INT4,4,4,4to8,4,8,0.5,57.48,80.98,2.3300000000000054,1.7099999999999937,15.383979557082057,True,succeeded,/storage/users/pdarbani/Mehrshad/Transformer/v4.0/pretrained-isolation-framework/outputs/imagenetv2/deit_tiny/deit_tiny_imagenetv2_layerwise.json
deit_tiny_imagenetv2,34,blocks.8.mlp.fc1,INT4__dense,INT4,4,4,dense,,,0.0,58.62,81.71,1.1900000000000048,0.980000000000004,16.84466479718685,True,succeeded,/storage/users/pdarbani/Mehrshad/Transformer/v4.0/pretrained-isolation-framework/outputs/imagenetv2/deit_tiny/deit_tiny_imagenetv2_layerwise.json
deit_tiny_imagenetv2,34,blocks.8.mlp.fc1,INT6__2to4,INT6,6,6,2to4,2,4,0.5,58.76,82.01,1.0500000000000043,0.6799999999999926,16.790266973897815,True,succeeded,/storage/users/pdarbani/Mehrshad/Transformer/v4.0/pretrained-isolation-framework/outputs/imagenetv2/deit_tiny/deit_tiny_imagenetv2_layerwise.json
deit_tiny_imagenetv2,34,blocks.8.mlp.fc1,INT6__3to8,INT6,6,6,3to8,3,8,0.625,58.25,81.68,1.5600000000000023,1.009999999999991,16.03179299272597,True,succeeded,/storage/users/pdarbani/Mehrshad/Transformer/v4.0/pretrained-isolation-framework/outputs/imagenetv2/deit_tiny/deit_tiny_imagenetv2_layerwise.json
deit_tiny_imagenetv2,34,blocks.8.mlp.fc1,INT6__4to8,INT6,6,6,4to8,4,8,0.5,58.95,82.1,0.8599999999999994,0.5900000000000034,16.2507406193763,True,succeeded,/storage/users/pdarbani/Mehrshad/Transformer/v4.0/pretrained-isolation-framework/outputs/imagenetv2/deit_tiny/deit_tiny_imagenetv2_layerwise.json
deit_tiny_imagenetv2,34,blocks.8.mlp.fc1,INT6__dense,INT6,6,6,dense,,,0.0,59.72,82.72,0.09000000000000341,-0.030000000000001137,15.84539976902306,True,succeeded,/storage/users/pdarbani/Mehrshad/Transformer/v4.0/pretrained-isolation-framework/outputs/imagenetv2/deit_tiny/deit_tiny_imagenetv2_layerwise.json
deit_tiny_imagenetv2,34,blocks.8.mlp.fc1,INT8__2to4,INT8,8,8,2to4,2,4,0.5,58.91,82.02,0.9000000000000057,0.6700000000000017,16.30707338452339,True,succeeded,/storage/users/pdarbani/Mehrshad/Transformer/v4.0/pretrained-isolation-framework/outputs/imagenetv2/deit_tiny/deit_tiny_imagenetv2_layerwise.json
deit_tiny_imagenetv2,34,blocks.8.mlp.fc1,INT8__3to8,INT8,8,8,3to8,3,8,0.625,58.27,81.65,1.5399999999999991,1.039999999999992,16.67368279211223,True,succeeded,/storage/users/pdarbani/Mehrshad/Transformer/v4.0/pretrained-isolation-framework/outputs/imagenetv2/deit_tiny/deit_tiny_imagenetv2_layerwise.json
deit_tiny_imagenetv2,34,blocks.8.mlp.fc1,INT8__4to8,INT8,8,8,4to8,4,8,0.5,59.07,82.12,0.740000000000002,0.5699999999999932,16.761518757790327,True,succeeded,/storage/users/pdarbani/Mehrshad/Transformer/v4.0/pretrained-isolation-framework/outputs/imagenetv2/deit_tiny/deit_tiny_imagenetv2_layerwise.json
deit_tiny_imagenetv2,34,blocks.8.mlp.fc1,INT8__dense,INT8,8,8,dense,,,0.0,59.8,82.71,0.010000000000005116,-0.01999999999999602,16.01346836797893,True,succeeded,/storage/users/pdarbani/Mehrshad/Transformer/v4.0/pretrained-isolation-framework/outputs/imagenetv2/deit_tiny/deit_tiny_imagenetv2_layerwise.json
deit_tiny_imagenetv2,35,blocks.8.mlp.fc2,FP32__2to4,FP32,32,32,2to4,2,4,0.5,59.67,82.73,0.14000000000000057,-0.04000000000000625,15.668918583542109,True,succeeded,/storage/users/pdarbani/Mehrshad/Transformer/v4.0/pretrained-isolation-framework/outputs/imagenetv2/deit_tiny/deit_tiny_imagenetv2_layerwise.json
deit_tiny_imagenetv2,35,blocks.8.mlp.fc2,FP32__3to8,FP32,32,32,3to8,3,8,0.625,59.33,82.58,0.480000000000004,0.10999999999999943,15.245141534134746,True,succeeded,/storage/users/pdarbani/Mehrshad/Transformer/v4.0/pretrained-isolation-framework/outputs/imagenetv2/deit_tiny/deit_tiny_imagenetv2_layerwise.json
deit_tiny_imagenetv2,35,blocks.8.mlp.fc2,FP32__4to8,FP32,32,32,4to8,4,8,0.5,59.6,82.66,0.21000000000000085,0.030000000000001137,15.929831441491842,True,succeeded,/storage/users/pdarbani/Mehrshad/Transformer/v4.0/pretrained-isolation-framework/outputs/imagenetv2/deit_tiny/deit_tiny_imagenetv2_layerwise.json
deit_tiny_imagenetv2,35,blocks.8.mlp.fc2,FP32__dense,FP32,32,32,dense,,,0.0,59.81,82.69,0.0,0.0,15.482923448085785,True,succeeded,/storage/users/pdarbani/Mehrshad/Transformer/v4.0/pretrained-isolation-framework/outputs/imagenetv2/deit_tiny/deit_tiny_imagenetv2_layerwise.json
deit_tiny_imagenetv2,35,blocks.8.mlp.fc2,INT4__2to4,INT4,4,4,2to4,2,4,0.5,59.05,82.34,0.7600000000000051,0.3499999999999943,15.897869190201163,True,succeeded,/storage/users/pdarbani/Mehrshad/Transformer/v4.0/pretrained-isolation-framework/outputs/imagenetv2/deit_tiny/deit_tiny_imagenetv2_layerwise.json
deit_tiny_imagenetv2,35,blocks.8.mlp.fc2,INT4__3to8,INT4,4,4,3to8,3,8,0.625,59.16,82.31,0.6500000000000057,0.37999999999999545,15.581282254308462,True,succeeded,/storage/users/pdarbani/Mehrshad/Transformer/v4.0/pretrained-isolation-framework/outputs/imagenetv2/deit_tiny/deit_tiny_imagenetv2_layerwise.json
deit_tiny_imagenetv2,35,blocks.8.mlp.fc2,INT4__4to8,INT4,4,4,4to8,4,8,0.5,59.24,82.3,0.5700000000000003,0.39000000000000057,15.978747660294175,True,succeeded,/storage/users/pdarbani/Mehrshad/Transformer/v4.0/pretrained-isolation-framework/outputs/imagenetv2/deit_tiny/deit_tiny_imagenetv2_layerwise.json
deit_tiny_imagenetv2,35,blocks.8.mlp.fc2,INT4__dense,INT4,4,4,dense,,,0.0,59.38,82.22,0.4299999999999997,0.46999999999999886,15.738364657387137,True,succeeded,/storage/users/pdarbani/Mehrshad/Transformer/v4.0/pretrained-isolation-framework/outputs/imagenetv2/deit_tiny/deit_tiny_imagenetv2_layerwise.json
deit_tiny_imagenetv2,35,blocks.8.mlp.fc2,INT6__2to4,INT6,6,6,2to4,2,4,0.5,59.46,82.4,0.3500000000000014,0.28999999999999204,15.550218004733324,True,succeeded,/storage/users/pdarbani/Mehrshad/Transformer/v4.0/pretrained-isolation-framework/outputs/imagenetv2/deit_tiny/deit_tiny_imagenetv2_layerwise.json
deit_tiny_imagenetv2,35,blocks.8.mlp.fc2,INT6__3to8,INT6,6,6,3to8,3,8,0.625,59.31,82.38,0.5,0.3100000000000023,15.29284730926156,True,succeeded,/storage/users/pdarbani/Mehrshad/Transformer/v4.0/pretrained-isolation-framework/outputs/imagenetv2/deit_tiny/deit_tiny_imagenetv2_layerwise.json
deit_tiny_imagenetv2,35,blocks.8.mlp.fc2,INT6__4to8,INT6,6,6,4to8,4,8,0.5,59.39,82.32,0.4200000000000017,0.37000000000000455,15.36785719357431,True,succeeded,/storage/users/pdarbani/Mehrshad/Transformer/v4.0/pretrained-isolation-framework/outputs/imagenetv2/deit_tiny/deit_tiny_imagenetv2_layerwise.json
deit_tiny_imagenetv2,35,blocks.8.mlp.fc2,INT6__dense,INT6,6,6,dense,,,0.0,59.37,82.39,0.44000000000000483,0.29999999999999716,15.848808154463768,True,succeeded,/storage/users/pdarbani/Mehrshad/Transformer/v4.0/pretrained-isolation-framework/outputs/imagenetv2/deit_tiny/deit_tiny_imagenetv2_layerwise.json
deit_tiny_imagenetv2,35,blocks.8.mlp.fc2,INT8__2to4,INT8,8,8,2to4,2,4,0.5,59.82,82.65,-0.00999999999999801,0.03999999999999204,15.531276045367122,True,succeeded,/storage/users/pdarbani/Mehrshad/Transformer/v4.0/pretrained-isolation-framework/outputs/imagenetv2/deit_tiny/deit_tiny_imagenetv2_layerwise.json
deit_tiny_imagenetv2,35,blocks.8.mlp.fc2,INT8__3to8,INT8,8,8,3to8,3,8,0.625,59.38,82.64,0.4299999999999997,0.04999999999999716,15.468605730682611,True,succeeded,/storage/users/pdarbani/Mehrshad/Transformer/v4.0/pretrained-isolation-framework/outputs/imagenetv2/deit_tiny/deit_tiny_imagenetv2_layerwise.json
deit_tiny_imagenetv2,35,blocks.8.mlp.fc2,INT8__4to8,INT8,8,8,4to8,4,8,0.5,59.82,82.61,-0.00999999999999801,0.0799999999999983,15.818529119715095,True,succeeded,/storage/users/pdarbani/Mehrshad/Transformer/v4.0/pretrained-isolation-framework/outputs/imagenetv2/deit_tiny/deit_tiny_imagenetv2_layerwise.json
deit_tiny_imagenetv2,35,blocks.8.mlp.fc2,INT8__dense,INT8,8,8,dense,,,0.0,59.91,82.69,-0.09999999999999432,0.0,15.551119623705745,True,succeeded,/storage/users/pdarbani/Mehrshad/Transformer/v4.0/pretrained-isolation-framework/outputs/imagenetv2/deit_tiny/deit_tiny_imagenetv2_layerwise.json
deit_tiny_imagenetv2,36,blocks.9.attn.qkv,FP32__2to4,FP32,32,32,2to4,2,4,0.5,59.37,82.38,0.44000000000000483,0.3100000000000023,15.468709047883749,True,succeeded,/storage/users/pdarbani/Mehrshad/Transformer/v4.0/pretrained-isolation-framework/outputs/imagenetv2/deit_tiny/deit_tiny_imagenetv2_layerwise.json
deit_tiny_imagenetv2,36,blocks.9.attn.qkv,FP32__3to8,FP32,32,32,3to8,3,8,0.625,59.24,82.22,0.5700000000000003,0.46999999999999886,15.268032340332866,True,succeeded,/storage/users/pdarbani/Mehrshad/Transformer/v4.0/pretrained-isolation-framework/outputs/imagenetv2/deit_tiny/deit_tiny_imagenetv2_layerwise.json
deit_tiny_imagenetv2,36,blocks.9.attn.qkv,FP32__4to8,FP32,32,32,4to8,4,8,0.5,59.47,82.46,0.3400000000000034,0.23000000000000398,15.712307868525386,True,succeeded,/storage/users/pdarbani/Mehrshad/Transformer/v4.0/pretrained-isolation-framework/outputs/imagenetv2/deit_tiny/deit_tiny_imagenetv2_layerwise.json
deit_tiny_imagenetv2,36,blocks.9.attn.qkv,FP32__dense,FP32,32,32,dense,,,0.0,59.81,82.69,0.0,0.0,15.692994626238942,True,succeeded,/storage/users/pdarbani/Mehrshad/Transformer/v4.0/pretrained-isolation-framework/outputs/imagenetv2/deit_tiny/deit_tiny_imagenetv2_layerwise.json
deit_tiny_imagenetv2,36,blocks.9.attn.qkv,INT4__2to4,INT4,4,4,2to4,2,4,0.5,59.23,82.33,0.5800000000000054,0.35999999999999943,15.566211381927133,True,succeeded,/storage/users/pdarbani/Mehrshad/Transformer/v4.0/pretrained-isolation-framework/outputs/imagenetv2/deit_tiny/deit_tiny_imagenetv2_layerwise.json
deit_tiny_imagenetv2,36,blocks.9.attn.qkv,INT4__3to8,INT4,4,4,3to8,3,8,0.625,59.15,82.26,0.6600000000000037,0.4299999999999926,15.410547189414501,True,succeeded,/storage/users/pdarbani/Mehrshad/Transformer/v4.0/pretrained-isolation-framework/outputs/imagenetv2/deit_tiny/deit_tiny_imagenetv2_layerwise.json
deit_tiny_imagenetv2,36,blocks.9.attn.qkv,INT4__4to8,INT4,4,4,4to8,4,8,0.5,59.25,82.37,0.5600000000000023,0.3199999999999932,15.662123987451196,True,succeeded,/storage/users/pdarbani/Mehrshad/Transformer/v4.0/pretrained-isolation-framework/outputs/imagenetv2/deit_tiny/deit_tiny_imagenetv2_layerwise.json
deit_tiny_imagenetv2,36,blocks.9.attn.qkv,INT4__dense,INT4,4,4,dense,,,0.0,59.66,82.55,0.15000000000000568,0.14000000000000057,15.35840279608965,True,succeeded,/storage/users/pdarbani/Mehrshad/Transformer/v4.0/pretrained-isolation-framework/outputs/imagenetv2/deit_tiny/deit_tiny_imagenetv2_layerwise.json
deit_tiny_imagenetv2,36,blocks.9.attn.qkv,INT6__2to4,INT6,6,6,2to4,2,4,0.5,59.4,82.38,0.4100000000000037,0.3100000000000023,16.087747905403376,True,succeeded,/storage/users/pdarbani/Mehrshad/Transformer/v4.0/pretrained-isolation-framework/outputs/imagenetv2/deit_tiny/deit_tiny_imagenetv2_layerwise.json
deit_tiny_imagenetv2,36,blocks.9.attn.qkv,INT6__3to8,INT6,6,6,3to8,3,8,0.625,59.3,82.23,0.5100000000000051,0.45999999999999375,15.502848966047168,True,succeeded,/storage/users/pdarbani/Mehrshad/Transformer/v4.0/pretrained-isolation-framework/outputs/imagenetv2/deit_tiny/deit_tiny_imagenetv2_layerwise.json
deit_tiny_imagenetv2,36,blocks.9.attn.qkv,INT6__4to8,INT6,6,6,4to8,4,8,0.5,59.53,82.46,0.28000000000000114,0.23000000000000398,15.64325686916709,True,succeeded,/storage/users/pdarbani/Mehrshad/Transformer/v4.0/pretrained-isolation-framework/outputs/imagenetv2/deit_tiny/deit_tiny_imagenetv2_layerwise.json
deit_tiny_imagenetv2,36,blocks.9.attn.qkv,INT6__dense,INT6,6,6,dense,,,0.0,59.71,82.65,0.10000000000000142,0.03999999999999204,15.363089157268405,True,succeeded,/storage/users/pdarbani/Mehrshad/Transformer/v4.0/pretrained-isolation-framework/outputs/imagenetv2/deit_tiny/deit_tiny_imagenetv2_layerwise.json
deit_tiny_imagenetv2,36,blocks.9.attn.qkv,INT8__2to4,INT8,8,8,2to4,2,4,0.5,59.42,82.41,0.39000000000000057,0.28000000000000114,15.960393741726875,True,succeeded,/storage/users/pdarbani/Mehrshad/Transformer/v4.0/pretrained-isolation-framework/outputs/imagenetv2/deit_tiny/deit_tiny_imagenetv2_layerwise.json
deit_tiny_imagenetv2,36,blocks.9.attn.qkv,INT8__3to8,INT8,8,8,3to8,3,8,0.625,59.29,82.21,0.5200000000000031,0.480000000000004,15.689118621870875,True,succeeded,/storage/users/pdarbani/Mehrshad/Transformer/v4.0/pretrained-isolation-framework/outputs/imagenetv2/deit_tiny/deit_tiny_imagenetv2_layerwise.json
deit_tiny_imagenetv2,36,blocks.9.attn.qkv,INT8__4to8,INT8,8,8,4to8,4,8,0.5,59.43,82.43,0.38000000000000256,0.2599999999999909,16.00060917250812,True,succeeded,/storage/users/pdarbani/Mehrshad/Transformer/v4.0/pretrained-isolation-framework/outputs/imagenetv2/deit_tiny/deit_tiny_imagenetv2_layerwise.json
deit_tiny_imagenetv2,36,blocks.9.attn.qkv,INT8__dense,INT8,8,8,dense,,,0.0,59.78,82.73,0.030000000000001137,-0.04000000000000625,15.515706274658442,True,succeeded,/storage/users/pdarbani/Mehrshad/Transformer/v4.0/pretrained-isolation-framework/outputs/imagenetv2/deit_tiny/deit_tiny_imagenetv2_layerwise.json
deit_tiny_imagenetv2,37,blocks.9.attn.proj,FP32__2to4,FP32,32,32,2to4,2,4,0.5,59.47,82.66,0.3400000000000034,0.030000000000001137,15.828015524893999,True,succeeded,/storage/users/pdarbani/Mehrshad/Transformer/v4.0/pretrained-isolation-framework/outputs/imagenetv2/deit_tiny/deit_tiny_imagenetv2_layerwise.json
deit_tiny_imagenetv2,37,blocks.9.attn.proj,FP32__3to8,FP32,32,32,3to8,3,8,0.625,59.45,82.37,0.35999999999999943,0.3199999999999932,15.510652486234903,True,succeeded,/storage/users/pdarbani/Mehrshad/Transformer/v4.0/pretrained-isolation-framework/outputs/imagenetv2/deit_tiny/deit_tiny_imagenetv2_layerwise.json
deit_tiny_imagenetv2,37,blocks.9.attn.proj,FP32__4to8,FP32,32,32,4to8,4,8,0.5,59.28,82.55,0.5300000000000011,0.14000000000000057,15.404504280537367,True,succeeded,/storage/users/pdarbani/Mehrshad/Transformer/v4.0/pretrained-isolation-framework/outputs/imagenetv2/deit_tiny/deit_tiny_imagenetv2_layerwise.json
deit_tiny_imagenetv2,37,blocks.9.attn.proj,FP32__dense,FP32,32,32,dense,,,0.0,59.81,82.69,0.0,0.0,15.428664403036237,True,succeeded,/storage/users/pdarbani/Mehrshad/Transformer/v4.0/pretrained-isolation-framework/outputs/imagenetv2/deit_tiny/deit_tiny_imagenetv2_layerwise.json
deit_tiny_imagenetv2,37,blocks.9.attn.proj,INT4__2to4,INT4,4,4,2to4,2,4,0.5,59.06,82.42,0.75,0.269999999999996,16.20748728327453,True,succeeded,/storage/users/pdarbani/Mehrshad/Transformer/v4.0/pretrained-isolation-framework/outputs/imagenetv2/deit_tiny/deit_tiny_imagenetv2_layerwise.json
deit_tiny_imagenetv2,37,blocks.9.attn.proj,INT4__3to8,INT4,4,4,3to8,3,8,0.625,59.18,82.3,0.6300000000000026,0.39000000000000057,15.561110511422157,True,succeeded,/storage/users/pdarbani/Mehrshad/Transformer/v4.0/pretrained-isolation-framework/outputs/imagenetv2/deit_tiny/deit_tiny_imagenetv2_layerwise.json
deit_tiny_imagenetv2,37,blocks.9.attn.proj,INT4__4to8,INT4,4,4,4to8,4,8,0.5,59.14,82.5,0.6700000000000017,0.18999999999999773,15.792190318927169,True,succeeded,/storage/users/pdarbani/Mehrshad/Transformer/v4.0/pretrained-isolation-framework/outputs/imagenetv2/deit_tiny/deit_tiny_imagenetv2_layerwise.json
deit_tiny_imagenetv2,37,blocks.9.attn.proj,INT4__dense,INT4,4,4,dense,,,0.0,59.25,82.7,0.5600000000000023,-0.010000000000005116,15.571908168494701,True,succeeded,/storage/users/pdarbani/Mehrshad/Transformer/v4.0/pretrained-isolation-framework/outputs/imagenetv2/deit_tiny/deit_tiny_imagenetv2_layerwise.json
deit_tiny_imagenetv2,37,blocks.9.attn.proj,INT6__2to4,INT6,6,6,2to4,2,4,0.5,59.5,82.67,0.3100000000000023,0.01999999999999602,15.319899687543511,True,succeeded,/storage/users/pdarbani/Mehrshad/Transformer/v4.0/pretrained-isolation-framework/outputs/imagenetv2/deit_tiny/deit_tiny_imagenetv2_layerwise.json
deit_tiny_imagenetv2,37,blocks.9.attn.proj,INT6__3to8,INT6,6,6,3to8,3,8,0.625,59.25,82.41,0.5600000000000023,0.28000000000000114,15.389658752828836,True,succeeded,/storage/users/pdarbani/Mehrshad/Transformer/v4.0/pretrained-isolation-framework/outputs/imagenetv2/deit_tiny/deit_tiny_imagenetv2_layerwise.json
deit_tiny_imagenetv2,37,blocks.9.attn.proj,INT6__4to8,INT6,6,6,4to8,4,8,0.5,59.28,82.49,0.5300000000000011,0.20000000000000284,15.410994064062834,True,succeeded,/storage/users/pdarbani/Mehrshad/Transformer/v4.0/pretrained-isolation-framework/outputs/imagenetv2/deit_tiny/deit_tiny_imagenetv2_layerwise.json
deit_tiny_imagenetv2,37,blocks.9.attn.proj,INT6__dense,INT6,6,6,dense,,,0.0,59.76,82.68,0.05000000000000426,0.009999999999990905,15.780652465298772,True,succeeded,/storage/users/pdarbani/Mehrshad/Transformer/v4.0/pretrained-isolation-framework/outputs/imagenetv2/deit_tiny/deit_tiny_imagenetv2_layerwise.json
deit_tiny_imagenetv2,37,blocks.9.attn.proj,INT8__2to4,INT8,8,8,2to4,2,4,0.5,59.5,82.63,0.3100000000000023,0.060000000000002274,15.863317295908928,True,succeeded,/storage/users/pdarbani/Mehrshad/Transformer/v4.0/pretrained-isolation-framework/outputs/imagenetv2/deit_tiny/deit_tiny_imagenetv2_layerwise.json
deit_tiny_imagenetv2,37,blocks.9.attn.proj,INT8__3to8,INT8,8,8,3to8,3,8,0.625,59.46,82.35,0.3500000000000014,0.3400000000000034,15.481094777584076,True,succeeded,/storage/users/pdarbani/Mehrshad/Transformer/v4.0/pretrained-isolation-framework/outputs/imagenetv2/deit_tiny/deit_tiny_imagenetv2_layerwise.json
deit_tiny_imagenetv2,37,blocks.9.attn.proj,INT8__4to8,INT8,8,8,4to8,4,8,0.5,59.29,82.51,0.5200000000000031,0.1799999999999926,15.50145285576582,True,succeeded,/storage/users/pdarbani/Mehrshad/Transformer/v4.0/pretrained-isolation-framework/outputs/imagenetv2/deit_tiny/deit_tiny_imagenetv2_layerwise.json
deit_tiny_imagenetv2,37,blocks.9.attn.proj,INT8__dense,INT8,8,8,dense,,,0.0,59.8,82.68,0.010000000000005116,0.009999999999990905,16.023712804540992,True,succeeded,/storage/users/pdarbani/Mehrshad/Transformer/v4.0/pretrained-isolation-framework/outputs/imagenetv2/deit_tiny/deit_tiny_imagenetv2_layerwise.json
deit_tiny_imagenetv2,38,blocks.9.mlp.fc1,FP32__2to4,FP32,32,32,2to4,2,4,0.5,59.34,82.31,0.46999999999999886,0.37999999999999545,15.380268048495054,True,succeeded,/storage/users/pdarbani/Mehrshad/Transformer/v4.0/pretrained-isolation-framework/outputs/imagenetv2/deit_tiny/deit_tiny_imagenetv2_layerwise.json
deit_tiny_imagenetv2,38,blocks.9.mlp.fc1,FP32__3to8,FP32,32,32,3to8,3,8,0.625,59.05,82.28,0.7600000000000051,0.4099999999999966,15.329990938305855,True,succeeded,/storage/users/pdarbani/Mehrshad/Transformer/v4.0/pretrained-isolation-framework/outputs/imagenetv2/deit_tiny/deit_tiny_imagenetv2_layerwise.json
deit_tiny_imagenetv2,38,blocks.9.mlp.fc1,FP32__4to8,FP32,32,32,4to8,4,8,0.5,59.38,82.29,0.4299999999999997,0.3999999999999915,15.456583445891738,True,succeeded,/storage/users/pdarbani/Mehrshad/Transformer/v4.0/pretrained-isolation-framework/outputs/imagenetv2/deit_tiny/deit_tiny_imagenetv2_layerwise.json
deit_tiny_imagenetv2,38,blocks.9.mlp.fc1,FP32__dense,FP32,32,32,dense,,,0.0,59.81,82.69,0.0,0.0,15.68086345680058,True,succeeded,/storage/users/pdarbani/Mehrshad/Transformer/v4.0/pretrained-isolation-framework/outputs/imagenetv2/deit_tiny/deit_tiny_imagenetv2_layerwise.json
deit_tiny_imagenetv2,38,blocks.9.mlp.fc1,INT4__2to4,INT4,4,4,2to4,2,4,0.5,58.74,82.02,1.0700000000000003,0.6700000000000017,15.482490718364716,True,succeeded,/storage/users/pdarbani/Mehrshad/Transformer/v4.0/pretrained-isolation-framework/outputs/imagenetv2/deit_tiny/deit_tiny_imagenetv2_layerwise.json
deit_tiny_imagenetv2,38,blocks.9.mlp.fc1,INT4__3to8,INT4,4,4,3to8,3,8,0.625,58.61,81.99,1.2000000000000028,0.7000000000000028,15.44781700707972,True,succeeded,/storage/users/pdarbani/Mehrshad/Transformer/v4.0/pretrained-isolation-framework/outputs/imagenetv2/deit_tiny/deit_tiny_imagenetv2_layerwise.json
deit_tiny_imagenetv2,38,blocks.9.mlp.fc1,INT4__4to8,INT4,4,4,4to8,4,8,0.5,58.91,82.1,0.9000000000000057,0.5900000000000034,15.395529413595796,True,succeeded,/storage/users/pdarbani/Mehrshad/Transformer/v4.0/pretrained-isolation-framework/outputs/imagenetv2/deit_tiny/deit_tiny_imagenetv2_layerwise.json
deit_tiny_imagenetv2,38,blocks.9.mlp.fc1,INT4__dense,INT4,4,4,dense,,,0.0,58.98,82.19,0.8300000000000054,0.5,15.172996105626225,True,succeeded,/storage/users/pdarbani/Mehrshad/Transformer/v4.0/pretrained-isolation-framework/outputs/imagenetv2/deit_tiny/deit_tiny_imagenetv2_layerwise.json
deit_tiny_imagenetv2,38,blocks.9.mlp.fc1,INT6__2to4,INT6,6,6,2to4,2,4,0.5,59.15,82.22,0.6600000000000037,0.46999999999999886,15.763420686125755,True,succeeded,/storage/users/pdarbani/Mehrshad/Transformer/v4.0/pretrained-isolation-framework/outputs/imagenetv2/deit_tiny/deit_tiny_imagenetv2_layerwise.json
deit_tiny_imagenetv2,38,blocks.9.mlp.fc1,INT6__3to8,INT6,6,6,3to8,3,8,0.625,59.08,82.19,0.730000000000004,0.5,15.039164416491985,True,succeeded,/storage/users/pdarbani/Mehrshad/Transformer/v4.0/pretrained-isolation-framework/outputs/imagenetv2/deit_tiny/deit_tiny_imagenetv2_layerwise.json
deit_tiny_imagenetv2,38,blocks.9.mlp.fc1,INT6__4to8,INT6,6,6,4to8,4,8,0.5,59.31,82.33,0.5,0.35999999999999943,15.122765962034464,True,succeeded,/storage/users/pdarbani/Mehrshad/Transformer/v4.0/pretrained-isolation-framework/outputs/imagenetv2/deit_tiny/deit_tiny_imagenetv2_layerwise.json
deit_tiny_imagenetv2,38,blocks.9.mlp.fc1,INT6__dense,INT6,6,6,dense,,,0.0,59.7,82.72,0.10999999999999943,-0.030000000000001137,15.355798436328769,True,succeeded,/storage/users/pdarbani/Mehrshad/Transformer/v4.0/pretrained-isolation-framework/outputs/imagenetv2/deit_tiny/deit_tiny_imagenetv2_layerwise.json
deit_tiny_imagenetv2,38,blocks.9.mlp.fc1,INT8__2to4,INT8,8,8,2to4,2,4,0.5,59.31,82.33,0.5,0.35999999999999943,15.655107045546174,True,succeeded,/storage/users/pdarbani/Mehrshad/Transformer/v4.0/pretrained-isolation-framework/outputs/imagenetv2/deit_tiny/deit_tiny_imagenetv2_layerwise.json
deit_tiny_imagenetv2,38,blocks.9.mlp.fc1,INT8__3to8,INT8,8,8,3to8,3,8,0.625,59.1,82.28,0.7100000000000009,0.4099999999999966,15.808297608047724,True,succeeded,/storage/users/pdarbani/Mehrshad/Transformer/v4.0/pretrained-isolation-framework/outputs/imagenetv2/deit_tiny/deit_tiny_imagenetv2_layerwise.json
deit_tiny_imagenetv2,38,blocks.9.mlp.fc1,INT8__4to8,INT8,8,8,4to8,4,8,0.5,59.33,82.31,0.480000000000004,0.37999999999999545,15.730166871100664,True,succeeded,/storage/users/pdarbani/Mehrshad/Transformer/v4.0/pretrained-isolation-framework/outputs/imagenetv2/deit_tiny/deit_tiny_imagenetv2_layerwise.json
deit_tiny_imagenetv2,38,blocks.9.mlp.fc1,INT8__dense,INT8,8,8,dense,,,0.0,59.79,82.75,0.020000000000003126,-0.060000000000002274,15.139840215444565,True,succeeded,/storage/users/pdarbani/Mehrshad/Transformer/v4.0/pretrained-isolation-framework/outputs/imagenetv2/deit_tiny/deit_tiny_imagenetv2_layerwise.json
deit_tiny_imagenetv2,39,blocks.9.mlp.fc2,FP32__2to4,FP32,32,32,2to4,2,4,0.5,59.75,82.54,0.060000000000002274,0.14999999999999147,15.64147831313312,True,succeeded,/storage/users/pdarbani/Mehrshad/Transformer/v4.0/pretrained-isolation-framework/outputs/imagenetv2/deit_tiny/deit_tiny_imagenetv2_layerwise.json
deit_tiny_imagenetv2,39,blocks.9.mlp.fc2,FP32__3to8,FP32,32,32,3to8,3,8,0.625,59.52,82.63,0.28999999999999915,0.060000000000002274,15.397411935031414,True,succeeded,/storage/users/pdarbani/Mehrshad/Transformer/v4.0/pretrained-isolation-framework/outputs/imagenetv2/deit_tiny/deit_tiny_imagenetv2_layerwise.json
deit_tiny_imagenetv2,39,blocks.9.mlp.fc2,FP32__4to8,FP32,32,32,4to8,4,8,0.5,59.67,82.65,0.14000000000000057,0.03999999999999204,15.480989033356309,True,succeeded,/storage/users/pdarbani/Mehrshad/Transformer/v4.0/pretrained-isolation-framework/outputs/imagenetv2/deit_tiny/deit_tiny_imagenetv2_layerwise.json
deit_tiny_imagenetv2,39,blocks.9.mlp.fc2,FP32__dense,FP32,32,32,dense,,,0.0,59.81,82.69,0.0,0.0,15.632826181128621,True,succeeded,/storage/users/pdarbani/Mehrshad/Transformer/v4.0/pretrained-isolation-framework/outputs/imagenetv2/deit_tiny/deit_tiny_imagenetv2_layerwise.json
deit_tiny_imagenetv2,39,blocks.9.mlp.fc2,INT4__2to4,INT4,4,4,2to4,2,4,0.5,59.23,82.32,0.5800000000000054,0.37000000000000455,15.736897610127926,True,succeeded,/storage/users/pdarbani/Mehrshad/Transformer/v4.0/pretrained-isolation-framework/outputs/imagenetv2/deit_tiny/deit_tiny_imagenetv2_layerwise.json
deit_tiny_imagenetv2,39,blocks.9.mlp.fc2,INT4__3to8,INT4,4,4,3to8,3,8,0.625,59.38,82.32,0.4299999999999997,0.37000000000000455,15.67448502779007,True,succeeded,/storage/users/pdarbani/Mehrshad/Transformer/v4.0/pretrained-isolation-framework/outputs/imagenetv2/deit_tiny/deit_tiny_imagenetv2_layerwise.json
deit_tiny_imagenetv2,39,blocks.9.mlp.fc2,INT4__4to8,INT4,4,4,4to8,4,8,0.5,59.29,82.4,0.5200000000000031,0.28999999999999204,15.759177381172776,True,succeeded,/storage/users/pdarbani/Mehrshad/Transformer/v4.0/pretrained-isolation-framework/outputs/imagenetv2/deit_tiny/deit_tiny_imagenetv2_layerwise.json
deit_tiny_imagenetv2,39,blocks.9.mlp.fc2,INT4__dense,INT4,4,4,dense,,,0.0,59.3,82.45,0.5100000000000051,0.23999999999999488,15.670022245496511,True,succeeded,/storage/users/pdarbani/Mehrshad/Transformer/v4.0/pretrained-isolation-framework/outputs/imagenetv2/deit_tiny/deit_tiny_imagenetv2_layerwise.json
deit_tiny_imagenetv2,39,blocks.9.mlp.fc2,INT6__2to4,INT6,6,6,2to4,2,4,0.5,59.56,82.46,0.25,0.23000000000000398,15.2229891307652,True,succeeded,/storage/users/pdarbani/Mehrshad/Transformer/v4.0/pretrained-isolation-framework/outputs/imagenetv2/deit_tiny/deit_tiny_imagenetv2_layerwise.json
deit_tiny_imagenetv2,39,blocks.9.mlp.fc2,INT6__3to8,INT6,6,6,3to8,3,8,0.625,59.36,82.42,0.45000000000000284,0.269999999999996,15.698376284912229,True,succeeded,/storage/users/pdarbani/Mehrshad/Transformer/v4.0/pretrained-isolation-framework/outputs/imagenetv2/deit_tiny/deit_tiny_imagenetv2_layerwise.json
deit_tiny_imagenetv2,39,blocks.9.mlp.fc2,INT6__4to8,INT6,6,6,4to8,4,8,0.5,59.56,82.61,0.25,0.0799999999999983,15.381278429180384,True,succeeded,/storage/users/pdarbani/Mehrshad/Transformer/v4.0/pretrained-isolation-framework/outputs/imagenetv2/deit_tiny/deit_tiny_imagenetv2_layerwise.json
deit_tiny_imagenetv2,39,blocks.9.mlp.fc2,INT6__dense,INT6,6,6,dense,,,0.0,59.56,82.44,0.25,0.25,15.44639891013503,True,succeeded,/storage/users/pdarbani/Mehrshad/Transformer/v4.0/pretrained-isolation-framework/outputs/imagenetv2/deit_tiny/deit_tiny_imagenetv2_layerwise.json
deit_tiny_imagenetv2,39,blocks.9.mlp.fc2,INT8__2to4,INT8,8,8,2to4,2,4,0.5,59.68,82.51,0.13000000000000256,0.1799999999999926,15.478939194232225,True,succeeded,/storage/users/pdarbani/Mehrshad/Transformer/v4.0/pretrained-isolation-framework/outputs/imagenetv2/deit_tiny/deit_tiny_imagenetv2_layerwise.json
deit_tiny_imagenetv2,39,blocks.9.mlp.fc2,INT8__3to8,INT8,8,8,3to8,3,8,0.625,59.52,82.67,0.28999999999999915,0.01999999999999602,15.24082513153553,True,succeeded,/storage/users/pdarbani/Mehrshad/Transformer/v4.0/pretrained-isolation-framework/outputs/imagenetv2/deit_tiny/deit_tiny_imagenetv2_layerwise.json
deit_tiny_imagenetv2,39,blocks.9.mlp.fc2,INT8__4to8,INT8,8,8,4to8,4,8,0.5,59.56,82.67,0.25,0.01999999999999602,15.69862206466496,True,succeeded,/storage/users/pdarbani/Mehrshad/Transformer/v4.0/pretrained-isolation-framework/outputs/imagenetv2/deit_tiny/deit_tiny_imagenetv2_layerwise.json
deit_tiny_imagenetv2,39,blocks.9.mlp.fc2,INT8__dense,INT8,8,8,dense,,,0.0,59.65,82.62,0.1600000000000037,0.06999999999999318,15.352245060727,True,succeeded,/storage/users/pdarbani/Mehrshad/Transformer/v4.0/pretrained-isolation-framework/outputs/imagenetv2/deit_tiny/deit_tiny_imagenetv2_layerwise.json
deit_tiny_imagenetv2,40,blocks.10.attn.qkv,FP32__2to4,FP32,32,32,2to4,2,4,0.5,59.45,82.36,0.35999999999999943,0.3299999999999983,15.5279107876122,True,succeeded,/storage/users/pdarbani/Mehrshad/Transformer/v4.0/pretrained-isolation-framework/outputs/imagenetv2/deit_tiny/deit_tiny_imagenetv2_layerwise.json
deit_tiny_imagenetv2,40,blocks.10.attn.qkv,FP32__3to8,FP32,32,32,3to8,3,8,0.625,59.41,82.26,0.4000000000000057,0.4299999999999926,15.455273093655705,True,succeeded,/storage/users/pdarbani/Mehrshad/Transformer/v4.0/pretrained-isolation-framework/outputs/imagenetv2/deit_tiny/deit_tiny_imagenetv2_layerwise.json
deit_tiny_imagenetv2,40,blocks.10.attn.qkv,FP32__4to8,FP32,32,32,4to8,4,8,0.5,59.56,82.35,0.25,0.3400000000000034,15.350143924355507,True,succeeded,/storage/users/pdarbani/Mehrshad/Transformer/v4.0/pretrained-isolation-framework/outputs/imagenetv2/deit_tiny/deit_tiny_imagenetv2_layerwise.json
deit_tiny_imagenetv2,40,blocks.10.attn.qkv,FP32__dense,FP32,32,32,dense,,,0.0,59.81,82.69,0.0,0.0,15.286594178527594,True,succeeded,/storage/users/pdarbani/Mehrshad/Transformer/v4.0/pretrained-isolation-framework/outputs/imagenetv2/deit_tiny/deit_tiny_imagenetv2_layerwise.json
deit_tiny_imagenetv2,40,blocks.10.attn.qkv,INT4__2to4,INT4,4,4,2to4,2,4,0.5,59.52,82.31,0.28999999999999915,0.37999999999999545,15.462964104488492,True,succeeded,/storage/users/pdarbani/Mehrshad/Transformer/v4.0/pretrained-isolation-framework/outputs/imagenetv2/deit_tiny/deit_tiny_imagenetv2_layerwise.json
deit_tiny_imagenetv2,40,blocks.10.attn.qkv,INT4__3to8,INT4,4,4,3to8,3,8,0.625,59.48,82.24,0.3300000000000054,0.45000000000000284,15.703430758789182,True,succeeded,/storage/users/pdarbani/Mehrshad/Transformer/v4.0/pretrained-isolation-framework/outputs/imagenetv2/deit_tiny/deit_tiny_imagenetv2_layerwise.json
deit_tiny_imagenetv2,40,blocks.10.attn.qkv,INT4__4to8,INT4,4,4,4to8,4,8,0.5,59.45,82.24,0.35999999999999943,0.45000000000000284,15.772907810285687,True,succeeded,/storage/users/pdarbani/Mehrshad/Transformer/v4.0/pretrained-isolation-framework/outputs/imagenetv2/deit_tiny/deit_tiny_imagenetv2_layerwise.json
deit_tiny_imagenetv2,40,blocks.10.attn.qkv,INT4__dense,INT4,4,4,dense,,,0.0,59.67,82.58,0.14000000000000057,0.10999999999999943,15.420587494969368,True,succeeded,/storage/users/pdarbani/Mehrshad/Transformer/v4.0/pretrained-isolation-framework/outputs/imagenetv2/deit_tiny/deit_tiny_imagenetv2_layerwise.json
deit_tiny_imagenetv2,40,blocks.10.attn.qkv,INT6__2to4,INT6,6,6,2to4,2,4,0.5,59.46,82.45,0.3500000000000014,0.23999999999999488,15.692787386476994,True,succeeded,/storage/users/pdarbani/Mehrshad/Transformer/v4.0/pretrained-isolation-framework/outputs/imagenetv2/deit_tiny/deit_tiny_imagenetv2_layerwise.json
deit_tiny_imagenetv2,40,blocks.10.attn.qkv,INT6__3to8,INT6,6,6,3to8,3,8,0.625,59.49,82.3,0.3200000000000003,0.39000000000000057,15.739280540496111,True,succeeded,/storage/users/pdarbani/Mehrshad/Transformer/v4.0/pretrained-isolation-framework/outputs/imagenetv2/deit_tiny/deit_tiny_imagenetv2_layerwise.json
deit_tiny_imagenetv2,40,blocks.10.attn.qkv,INT6__4to8,INT6,6,6,4to8,4,8,0.5,59.51,82.32,0.30000000000000426,0.37000000000000455,15.594179511070251,True,succeeded,/storage/users/pdarbani/Mehrshad/Transformer/v4.0/pretrained-isolation-framework/outputs/imagenetv2/deit_tiny/deit_tiny_imagenetv2_layerwise.json
deit_tiny_imagenetv2,40,blocks.10.attn.qkv,INT6__dense,INT6,6,6,dense,,,0.0,59.76,82.67,0.05000000000000426,0.01999999999999602,15.200087556615472,True,succeeded,/storage/users/pdarbani/Mehrshad/Transformer/v4.0/pretrained-isolation-framework/outputs/imagenetv2/deit_tiny/deit_tiny_imagenetv2_layerwise.json
deit_tiny_imagenetv2,40,blocks.10.attn.qkv,INT8__2to4,INT8,8,8,2to4,2,4,0.5,59.45,82.33,0.35999999999999943,0.35999999999999943,15.497384082525969,True,succeeded,/storage/users/pdarbani/Mehrshad/Transformer/v4.0/pretrained-isolation-framework/outputs/imagenetv2/deit_tiny/deit_tiny_imagenetv2_layerwise.json
deit_tiny_imagenetv2,40,blocks.10.attn.qkv,INT8__3to8,INT8,8,8,3to8,3,8,0.625,59.38,82.21,0.4299999999999997,0.480000000000004,15.501794200390577,True,succeeded,/storage/users/pdarbani/Mehrshad/Transformer/v4.0/pretrained-isolation-framework/outputs/imagenetv2/deit_tiny/deit_tiny_imagenetv2_layerwise.json
deit_tiny_imagenetv2,40,blocks.10.attn.qkv,INT8__4to8,INT8,8,8,4to8,4,8,0.5,59.52,82.33,0.28999999999999915,0.35999999999999943,15.555061496794224,True,succeeded,/storage/users/pdarbani/Mehrshad/Transformer/v4.0/pretrained-isolation-framework/outputs/imagenetv2/deit_tiny/deit_tiny_imagenetv2_layerwise.json
deit_tiny_imagenetv2,40,blocks.10.attn.qkv,INT8__dense,INT8,8,8,dense,,,0.0,59.81,82.69,0.0,0.0,15.603262921795249,True,succeeded,/storage/users/pdarbani/Mehrshad/Transformer/v4.0/pretrained-isolation-framework/outputs/imagenetv2/deit_tiny/deit_tiny_imagenetv2_layerwise.json
deit_tiny_imagenetv2,41,blocks.10.attn.proj,FP32__2to4,FP32,32,32,2to4,2,4,0.5,59.65,82.68,0.1600000000000037,0.009999999999990905,15.079997094348073,True,succeeded,/storage/users/pdarbani/Mehrshad/Transformer/v4.0/pretrained-isolation-framework/outputs/imagenetv2/deit_tiny/deit_tiny_imagenetv2_layerwise.json
deit_tiny_imagenetv2,41,blocks.10.attn.proj,FP32__3to8,FP32,32,32,3to8,3,8,0.625,59.61,82.62,0.20000000000000284,0.06999999999999318,15.819926213473082,True,succeeded,/storage/users/pdarbani/Mehrshad/Transformer/v4.0/pretrained-isolation-framework/outputs/imagenetv2/deit_tiny/deit_tiny_imagenetv2_layerwise.json
deit_tiny_imagenetv2,41,blocks.10.attn.proj,FP32__4to8,FP32,32,32,4to8,4,8,0.5,59.7,82.58,0.10999999999999943,0.10999999999999943,15.760675666853786,True,succeeded,/storage/users/pdarbani/Mehrshad/Transformer/v4.0/pretrained-isolation-framework/outputs/imagenetv2/deit_tiny/deit_tiny_imagenetv2_layerwise.json
deit_tiny_imagenetv2,41,blocks.10.attn.proj,FP32__dense,FP32,32,32,dense,,,0.0,59.81,82.69,0.0,0.0,15.458207424730062,True,succeeded,/storage/users/pdarbani/Mehrshad/Transformer/v4.0/pretrained-isolation-framework/outputs/imagenetv2/deit_tiny/deit_tiny_imagenetv2_layerwise.json
deit_tiny_imagenetv2,41,blocks.10.attn.proj,INT4__2to4,INT4,4,4,2to4,2,4,0.5,59.35,82.44,0.46000000000000085,0.25,15.52019851654768,True,succeeded,/storage/users/pdarbani/Mehrshad/Transformer/v4.0/pretrained-isolation-framework/outputs/imagenetv2/deit_tiny/deit_tiny_imagenetv2_layerwise.json
deit_tiny_imagenetv2,41,blocks.10.attn.proj,INT4__3to8,INT4,4,4,3to8,3,8,0.625,59.46,82.21,0.3500000000000014,0.480000000000004,15.39095314592123,True,succeeded,/storage/users/pdarbani/Mehrshad/Transformer/v4.0/pretrained-isolation-framework/outputs/imagenetv2/deit_tiny/deit_tiny_imagenetv2_layerwise.json
deit_tiny_imagenetv2,41,blocks.10.attn.proj,INT4__4to8,INT4,4,4,4to8,4,8,0.5,59.52,82.33,0.28999999999999915,0.35999999999999943,15.525323163717985,True,succeeded,/storage/users/pdarbani/Mehrshad/Transformer/v4.0/pretrained-isolation-framework/outputs/imagenetv2/deit_tiny/deit_tiny_imagenetv2_layerwise.json
deit_tiny_imagenetv2,41,blocks.10.attn.proj,INT4__dense,INT4,4,4,dense,,,0.0,59.69,82.46,0.12000000000000455,0.23000000000000398,15.195623200386763,True,succeeded,/storage/users/pdarbani/Mehrshad/Transformer/v4.0/pretrained-isolation-framework/outputs/imagenetv2/deit_tiny/deit_tiny_imagenetv2_layerwise.json
deit_tiny_imagenetv2,41,blocks.10.attn.proj,INT6__2to4,INT6,6,6,2to4,2,4,0.5,59.52,82.64,0.28999999999999915,0.04999999999999716,15.73941469937563,True,succeeded,/storage/users/pdarbani/Mehrshad/Transformer/v4.0/pretrained-isolation-framework/outputs/imagenetv2/deit_tiny/deit_tiny_imagenetv2_layerwise.json
deit_tiny_imagenetv2,41,blocks.10.attn.proj,INT6__3to8,INT6,6,6,3to8,3,8,0.625,59.64,82.57,0.1700000000000017,0.12000000000000455,15.634781740605831,True,succeeded,/storage/users/pdarbani/Mehrshad/Transformer/v4.0/pretrained-isolation-framework/outputs/imagenetv2/deit_tiny/deit_tiny_imagenetv2_layerwise.json
deit_tiny_imagenetv2,41,blocks.10.attn.proj,INT6__4to8,INT6,6,6,4to8,4,8,0.5,59.75,82.53,0.060000000000002274,0.1599999999999966,15.546133110299706,True,succeeded,/storage/users/pdarbani/Mehrshad/Transformer/v4.0/pretrained-isolation-framework/outputs/imagenetv2/deit_tiny/deit_tiny_imagenetv2_layerwise.json
deit_tiny_imagenetv2,41,blocks.10.attn.proj,INT6__dense,INT6,6,6,dense,,,0.0,59.8,82.61,0.010000000000005116,0.0799999999999983,15.350067196413875,True,succeeded,/storage/users/pdarbani/Mehrshad/Transformer/v4.0/pretrained-isolation-framework/outputs/imagenetv2/deit_tiny/deit_tiny_imagenetv2_layerwise.json
deit_tiny_imagenetv2,41,blocks.10.attn.proj,INT8__2to4,INT8,8,8,2to4,2,4,0.5,59.64,82.67,0.1700000000000017,0.01999999999999602,15.543969742953777,True,succeeded,/storage/users/pdarbani/Mehrshad/Transformer/v4.0/pretrained-isolation-framework/outputs/imagenetv2/deit_tiny/deit_tiny_imagenetv2_layerwise.json
deit_tiny_imagenetv2,41,blocks.10.attn.proj,INT8__3to8,INT8,8,8,3to8,3,8,0.625,59.6,82.59,0.21000000000000085,0.09999999999999432,15.877923529595137,True,succeeded,/storage/users/pdarbani/Mehrshad/Transformer/v4.0/pretrained-isolation-framework/outputs/imagenetv2/deit_tiny/deit_tiny_imagenetv2_layerwise.json
deit_tiny_imagenetv2,41,blocks.10.attn.proj,INT8__4to8,INT8,8,8,4to8,4,8,0.5,59.67,82.63,0.14000000000000057,0.060000000000002274,15.41133202984929,True,succeeded,/storage/users/pdarbani/Mehrshad/Transformer/v4.0/pretrained-isolation-framework/outputs/imagenetv2/deit_tiny/deit_tiny_imagenetv2_layerwise.json
deit_tiny_imagenetv2,41,blocks.10.attn.proj,INT8__dense,INT8,8,8,dense,,,0.0,59.75,82.68,0.060000000000002274,0.009999999999990905,15.736789299175143,True,succeeded,/storage/users/pdarbani/Mehrshad/Transformer/v4.0/pretrained-isolation-framework/outputs/imagenetv2/deit_tiny/deit_tiny_imagenetv2_layerwise.json
deit_tiny_imagenetv2,42,blocks.10.mlp.fc1,FP32__2to4,FP32,32,32,2to4,2,4,0.5,59.84,82.76,-0.030000000000001137,-0.07000000000000739,15.482275102287531,True,succeeded,/storage/users/pdarbani/Mehrshad/Transformer/v4.0/pretrained-isolation-framework/outputs/imagenetv2/deit_tiny/deit_tiny_imagenetv2_layerwise.json
deit_tiny_imagenetv2,42,blocks.10.mlp.fc1,FP32__3to8,FP32,32,32,3to8,3,8,0.625,59.56,82.54,0.25,0.14999999999999147,16.05668070539832,True,succeeded,/storage/users/pdarbani/Mehrshad/Transformer/v4.0/pretrained-isolation-framework/outputs/imagenetv2/deit_tiny/deit_tiny_imagenetv2_layerwise.json
deit_tiny_imagenetv2,42,blocks.10.mlp.fc1,FP32__4to8,FP32,32,32,4to8,4,8,0.5,59.75,82.67,0.060000000000002274,0.01999999999999602,15.665617918595672,True,succeeded,/storage/users/pdarbani/Mehrshad/Transformer/v4.0/pretrained-isolation-framework/outputs/imagenetv2/deit_tiny/deit_tiny_imagenetv2_layerwise.json
deit_tiny_imagenetv2,42,blocks.10.mlp.fc1,FP32__dense,FP32,32,32,dense,,,0.0,59.81,82.69,0.0,0.0,15.491152727976441,True,succeeded,/storage/users/pdarbani/Mehrshad/Transformer/v4.0/pretrained-isolation-framework/outputs/imagenetv2/deit_tiny/deit_tiny_imagenetv2_layerwise.json
deit_tiny_imagenetv2,42,blocks.10.mlp.fc1,INT4__2to4,INT4,4,4,2to4,2,4,0.5,59.32,82.41,0.490000000000002,0.28000000000000114,15.200404535979033,True,succeeded,/storage/users/pdarbani/Mehrshad/Transformer/v4.0/pretrained-isolation-framework/outputs/imagenetv2/deit_tiny/deit_tiny_imagenetv2_layerwise.json
deit_tiny_imagenetv2,42,blocks.10.mlp.fc1,INT4__3to8,INT4,4,4,3to8,3,8,0.625,59.16,82.43,0.6500000000000057,0.2599999999999909,15.096691193059087,True,succeeded,/storage/users/pdarbani/Mehrshad/Transformer/v4.0/pretrained-isolation-framework/outputs/imagenetv2/deit_tiny/deit_tiny_imagenetv2_layerwise.json
deit_tiny_imagenetv2,42,blocks.10.mlp.fc1,INT4__4to8,INT4,4,4,4to8,4,8,0.5,59.17,82.6,0.6400000000000006,0.09000000000000341,15.444290166720748,True,succeeded,/storage/users/pdarbani/Mehrshad/Transformer/v4.0/pretrained-isolation-framework/outputs/imagenetv2/deit_tiny/deit_tiny_imagenetv2_layerwise.json
deit_tiny_imagenetv2,42,blocks.10.mlp.fc1,INT4__dense,INT4,4,4,dense,,,0.0,59.16,82.36,0.6500000000000057,0.3299999999999983,15.61023267917335,True,succeeded,/storage/users/pdarbani/Mehrshad/Transformer/v4.0/pretrained-isolation-framework/outputs/imagenetv2/deit_tiny/deit_tiny_imagenetv2_layerwise.json
deit_tiny_imagenetv2,42,blocks.10.mlp.fc1,INT6__2to4,INT6,6,6,2to4,2,4,0.5,59.8,82.65,0.010000000000005116,0.03999999999999204,15.72158375568688,True,succeeded,/storage/users/pdarbani/Mehrshad/Transformer/v4.0/pretrained-isolation-framework/outputs/imagenetv2/deit_tiny/deit_tiny_imagenetv2_layerwise.json
deit_tiny_imagenetv2,42,blocks.10.mlp.fc1,INT6__3to8,INT6,6,6,3to8,3,8,0.625,59.5,82.51,0.3100000000000023,0.1799999999999926,15.119262646883726,True,succeeded,/storage/users/pdarbani/Mehrshad/Transformer/v4.0/pretrained-isolation-framework/outputs/imagenetv2/deit_tiny/deit_tiny_imagenetv2_layerwise.json
deit_tiny_imagenetv2,42,blocks.10.mlp.fc1,INT6__4to8,INT6,6,6,4to8,4,8,0.5,59.73,82.64,0.0800000000000054,0.04999999999999716,15.323174191638827,True,succeeded,/storage/users/pdarbani/Mehrshad/Transformer/v4.0/pretrained-isolation-framework/outputs/imagenetv2/deit_tiny/deit_tiny_imagenetv2_layerwise.json
deit_tiny_imagenetv2,42,blocks.10.mlp.fc1,INT6__dense,INT6,6,6,dense,,,0.0,59.76,82.62,0.05000000000000426,0.06999999999999318,15.10464490763843,True,succeeded,/storage/users/pdarbani/Mehrshad/Transformer/v4.0/pretrained-isolation-framework/outputs/imagenetv2/deit_tiny/deit_tiny_imagenetv2_layerwise.json
deit_tiny_imagenetv2,42,blocks.10.mlp.fc1,INT8__2to4,INT8,8,8,2to4,2,4,0.5,59.77,82.66,0.03999999999999915,0.030000000000001137,15.42816562578082,True,succeeded,/storage/users/pdarbani/Mehrshad/Transformer/v4.0/pretrained-isolation-framework/outputs/imagenetv2/deit_tiny/deit_tiny_imagenetv2_layerwise.json
deit_tiny_imagenetv2,42,blocks.10.mlp.fc1,INT8__3to8,INT8,8,8,3to8,3,8,0.625,59.55,82.61,0.2600000000000051,0.0799999999999983,15.19916519895196,True,succeeded,/storage/users/pdarbani/Mehrshad/Transformer/v4.0/pretrained-isolation-framework/outputs/imagenetv2/deit_tiny/deit_tiny_imagenetv2_layerwise.json
deit_tiny_imagenetv2,42,blocks.10.mlp.fc1,INT8__4to8,INT8,8,8,4to8,4,8,0.5,59.76,82.72,0.05000000000000426,-0.030000000000001137,15.71896780282259,True,succeeded,/storage/users/pdarbani/Mehrshad/Transformer/v4.0/pretrained-isolation-framework/outputs/imagenetv2/deit_tiny/deit_tiny_imagenetv2_layerwise.json
deit_tiny_imagenetv2,42,blocks.10.mlp.fc1,INT8__dense,INT8,8,8,dense,,,0.0,59.83,82.68,-0.01999999999999602,0.009999999999990905,15.241176882758737,True,succeeded,/storage/users/pdarbani/Mehrshad/Transformer/v4.0/pretrained-isolation-framework/outputs/imagenetv2/deit_tiny/deit_tiny_imagenetv2_layerwise.json
deit_tiny_imagenetv2,43,blocks.10.mlp.fc2,FP32__2to4,FP32,32,32,2to4,2,4,0.5,59.74,82.59,0.07000000000000028,0.09999999999999432,15.66468720138073,True,succeeded,/storage/users/pdarbani/Mehrshad/Transformer/v4.0/pretrained-isolation-framework/outputs/imagenetv2/deit_tiny/deit_tiny_imagenetv2_layerwise.json
deit_tiny_imagenetv2,43,blocks.10.mlp.fc2,FP32__3to8,FP32,32,32,3to8,3,8,0.625,59.71,82.57,0.10000000000000142,0.12000000000000455,15.754863871261477,True,succeeded,/storage/users/pdarbani/Mehrshad/Transformer/v4.0/pretrained-isolation-framework/outputs/imagenetv2/deit_tiny/deit_tiny_imagenetv2_layerwise.json
deit_tiny_imagenetv2,43,blocks.10.mlp.fc2,FP32__4to8,FP32,32,32,4to8,4,8,0.5,59.54,82.7,0.2700000000000031,-0.010000000000005116,15.232892137020826,True,succeeded,/storage/users/pdarbani/Mehrshad/Transformer/v4.0/pretrained-isolation-framework/outputs/imagenetv2/deit_tiny/deit_tiny_imagenetv2_layerwise.json
deit_tiny_imagenetv2,43,blocks.10.mlp.fc2,FP32__dense,FP32,32,32,dense,,,0.0,59.81,82.69,0.0,0.0,15.749893991276622,True,succeeded,/storage/users/pdarbani/Mehrshad/Transformer/v4.0/pretrained-isolation-framework/outputs/imagenetv2/deit_tiny/deit_tiny_imagenetv2_layerwise.json
deit_tiny_imagenetv2,43,blocks.10.mlp.fc2,INT4__2to4,INT4,4,4,2to4,2,4,0.5,59.17,82.46,0.6400000000000006,0.23000000000000398,15.33936065249145,True,succeeded,/storage/users/pdarbani/Mehrshad/Transformer/v4.0/pretrained-isolation-framework/outputs/imagenetv2/deit_tiny/deit_tiny_imagenetv2_layerwise.json
deit_tiny_imagenetv2,43,blocks.10.mlp.fc2,INT4__3to8,INT4,4,4,3to8,3,8,0.625,59.08,82.43,0.730000000000004,0.2599999999999909,15.062338035553694,True,succeeded,/storage/users/pdarbani/Mehrshad/Transformer/v4.0/pretrained-isolation-framework/outputs/imagenetv2/deit_tiny/deit_tiny_imagenetv2_layerwise.json
deit_tiny_imagenetv2,43,blocks.10.mlp.fc2,INT4__4to8,INT4,4,4,4to8,4,8,0.5,59.04,82.3,0.7700000000000031,0.39000000000000057,15.7908951677382,True,succeeded,/storage/users/pdarbani/Mehrshad/Transformer/v4.0/pretrained-isolation-framework/outputs/imagenetv2/deit_tiny/deit_tiny_imagenetv2_layerwise.json
deit_tiny_imagenetv2,43,blocks.10.mlp.fc2,INT4__dense,INT4,4,4,dense,,,0.0,59.07,82.37,0.740000000000002,0.3199999999999932,15.896594939753413,True,succeeded,/storage/users/pdarbani/Mehrshad/Transformer/v4.0/pretrained-isolation-framework/outputs/imagenetv2/deit_tiny/deit_tiny_imagenetv2_layerwise.json
deit_tiny_imagenetv2,43,blocks.10.mlp.fc2,INT6__2to4,INT6,6,6,2to4,2,4,0.5,59.55,82.34,0.2600000000000051,0.3499999999999943,15.313096076250076,True,succeeded,/storage/users/pdarbani/Mehrshad/Transformer/v4.0/pretrained-isolation-framework/outputs/imagenetv2/deit_tiny/deit_tiny_imagenetv2_layerwise.json
deit_tiny_imagenetv2,43,blocks.10.mlp.fc2,INT6__3to8,INT6,6,6,3to8,3,8,0.625,59.44,82.37,0.37000000000000455,0.3199999999999932,15.753713440150023,True,succeeded,/storage/users/pdarbani/Mehrshad/Transformer/v4.0/pretrained-isolation-framework/outputs/imagenetv2/deit_tiny/deit_tiny_imagenetv2_layerwise.json
deit_tiny_imagenetv2,43,blocks.10.mlp.fc2,INT6__4to8,INT6,6,6,4to8,4,8,0.5,59.41,82.44,0.4000000000000057,0.25,15.476357594132423,True,succeeded,/storage/users/pdarbani/Mehrshad/Transformer/v4.0/pretrained-isolation-framework/outputs/imagenetv2/deit_tiny/deit_tiny_imagenetv2_layerwise.json
deit_tiny_imagenetv2,43,blocks.10.mlp.fc2,INT6__dense,INT6,6,6,dense,,,0.0,59.61,82.59,0.20000000000000284,0.09999999999999432,15.917694455012679,True,succeeded,/storage/users/pdarbani/Mehrshad/Transformer/v4.0/pretrained-isolation-framework/outputs/imagenetv2/deit_tiny/deit_tiny_imagenetv2_layerwise.json
deit_tiny_imagenetv2,43,blocks.10.mlp.fc2,INT8__2to4,INT8,8,8,2to4,2,4,0.5,59.74,82.56,0.07000000000000028,0.12999999999999545,15.523649588227272,True,succeeded,/storage/users/pdarbani/Mehrshad/Transformer/v4.0/pretrained-isolation-framework/outputs/imagenetv2/deit_tiny/deit_tiny_imagenetv2_layerwise.json
deit_tiny_imagenetv2,43,blocks.10.mlp.fc2,INT8__3to8,INT8,8,8,3to8,3,8,0.625,59.68,82.6,0.13000000000000256,0.09000000000000341,15.771219631657004,True,succeeded,/storage/users/pdarbani/Mehrshad/Transformer/v4.0/pretrained-isolation-framework/outputs/imagenetv2/deit_tiny/deit_tiny_imagenetv2_layerwise.json
deit_tiny_imagenetv2,43,blocks.10.mlp.fc2,INT8__4to8,INT8,8,8,4to8,4,8,0.5,59.6,82.57,0.21000000000000085,0.12000000000000455,15.908954843878746,True,succeeded,/storage/users/pdarbani/Mehrshad/Transformer/v4.0/pretrained-isolation-framework/outputs/imagenetv2/deit_tiny/deit_tiny_imagenetv2_layerwise.json
deit_tiny_imagenetv2,43,blocks.10.mlp.fc2,INT8__dense,INT8,8,8,dense,,,0.0,59.79,82.65,0.020000000000003126,0.03999999999999204,15.555942952632904,True,succeeded,/storage/users/pdarbani/Mehrshad/Transformer/v4.0/pretrained-isolation-framework/outputs/imagenetv2/deit_tiny/deit_tiny_imagenetv2_layerwise.json
deit_tiny_imagenetv2,44,blocks.11.attn.qkv,FP32__2to4,FP32,32,32,2to4,2,4,0.5,59.26,82.44,0.5500000000000043,0.25,15.593090895563364,True,succeeded,/storage/users/pdarbani/Mehrshad/Transformer/v4.0/pretrained-isolation-framework/outputs/imagenetv2/deit_tiny/deit_tiny_imagenetv2_layerwise.json
deit_tiny_imagenetv2,44,blocks.11.attn.qkv,FP32__3to8,FP32,32,32,3to8,3,8,0.625,59.08,82.33,0.730000000000004,0.35999999999999943,15.198753107339144,True,succeeded,/storage/users/pdarbani/Mehrshad/Transformer/v4.0/pretrained-isolation-framework/outputs/imagenetv2/deit_tiny/deit_tiny_imagenetv2_layerwise.json
deit_tiny_imagenetv2,44,blocks.11.attn.qkv,FP32__4to8,FP32,32,32,4to8,4,8,0.5,59.5,82.56,0.3100000000000023,0.12999999999999545,15.506991874426603,True,succeeded,/storage/users/pdarbani/Mehrshad/Transformer/v4.0/pretrained-isolation-framework/outputs/imagenetv2/deit_tiny/deit_tiny_imagenetv2_layerwise.json
deit_tiny_imagenetv2,44,blocks.11.attn.qkv,FP32__dense,FP32,32,32,dense,,,0.0,59.81,82.69,0.0,0.0,15.600143749266863,True,succeeded,/storage/users/pdarbani/Mehrshad/Transformer/v4.0/pretrained-isolation-framework/outputs/imagenetv2/deit_tiny/deit_tiny_imagenetv2_layerwise.json
deit_tiny_imagenetv2,44,blocks.11.attn.qkv,INT4__2to4,INT4,4,4,2to4,2,4,0.5,59.15,82.29,0.6600000000000037,0.3999999999999915,15.99944270402193,True,succeeded,/storage/users/pdarbani/Mehrshad/Transformer/v4.0/pretrained-isolation-framework/outputs/imagenetv2/deit_tiny/deit_tiny_imagenetv2_layerwise.json
deit_tiny_imagenetv2,44,blocks.11.attn.qkv,INT4__3to8,INT4,4,4,3to8,3,8,0.625,58.97,82.41,0.8400000000000034,0.28000000000000114,15.471857573837042,True,succeeded,/storage/users/pdarbani/Mehrshad/Transformer/v4.0/pretrained-isolation-framework/outputs/imagenetv2/deit_tiny/deit_tiny_imagenetv2_layerwise.json
deit_tiny_imagenetv2,44,blocks.11.attn.qkv,INT4__4to8,INT4,4,4,4to8,4,8,0.5,59.39,82.39,0.4200000000000017,0.29999999999999716,15.777175111696124,True,succeeded,/storage/users/pdarbani/Mehrshad/Transformer/v4.0/pretrained-isolation-framework/outputs/imagenetv2/deit_tiny/deit_tiny_imagenetv2_layerwise.json
deit_tiny_imagenetv2,44,blocks.11.attn.qkv,INT4__dense,INT4,4,4,dense,,,0.0,59.39,82.67,0.4200000000000017,0.01999999999999602,15.427990708500147,True,succeeded,/storage/users/pdarbani/Mehrshad/Transformer/v4.0/pretrained-isolation-framework/outputs/imagenetv2/deit_tiny/deit_tiny_imagenetv2_layerwise.json
deit_tiny_imagenetv2,44,blocks.11.attn.qkv,INT6__2to4,INT6,6,6,2to4,2,4,0.5,59.23,82.39,0.5800000000000054,0.29999999999999716,15.435986028984189,True,succeeded,/storage/users/pdarbani/Mehrshad/Transformer/v4.0/pretrained-isolation-framework/outputs/imagenetv2/deit_tiny/deit_tiny_imagenetv2_layerwise.json
deit_tiny_imagenetv2,44,blocks.11.attn.qkv,INT6__3to8,INT6,6,6,3to8,3,8,0.625,59.14,82.35,0.6700000000000017,0.3400000000000034,15.721927430480719,True,succeeded,/storage/users/pdarbani/Mehrshad/Transformer/v4.0/pretrained-isolation-framework/outputs/imagenetv2/deit_tiny/deit_tiny_imagenetv2_layerwise.json
deit_tiny_imagenetv2,44,blocks.11.attn.qkv,INT6__4to8,INT6,6,6,4to8,4,8,0.5,59.43,82.55,0.38000000000000256,0.14000000000000057,15.351837199181318,True,succeeded,/storage/users/pdarbani/Mehrshad/Transformer/v4.0/pretrained-isolation-framework/outputs/imagenetv2/deit_tiny/deit_tiny_imagenetv2_layerwise.json
deit_tiny_imagenetv2,44,blocks.11.attn.qkv,INT6__dense,INT6,6,6,dense,,,0.0,59.74,82.74,0.07000000000000028,-0.04999999999999716,15.459871172904968,True,succeeded,/storage/users/pdarbani/Mehrshad/Transformer/v4.0/pretrained-isolation-framework/outputs/imagenetv2/deit_tiny/deit_tiny_imagenetv2_layerwise.json
deit_tiny_imagenetv2,44,blocks.11.attn.qkv,INT8__2to4,INT8,8,8,2to4,2,4,0.5,59.25,82.4,0.5600000000000023,0.28999999999999204,15.376289183273911,True,succeeded,/storage/users/pdarbani/Mehrshad/Transformer/v4.0/pretrained-isolation-framework/outputs/imagenetv2/deit_tiny/deit_tiny_imagenetv2_layerwise.json
deit_tiny_imagenetv2,44,blocks.11.attn.qkv,INT8__3to8,INT8,8,8,3to8,3,8,0.625,59.1,82.31,0.7100000000000009,0.37999999999999545,15.439167438074946,True,succeeded,/storage/users/pdarbani/Mehrshad/Transformer/v4.0/pretrained-isolation-framework/outputs/imagenetv2/deit_tiny/deit_tiny_imagenetv2_layerwise.json
deit_tiny_imagenetv2,44,blocks.11.attn.qkv,INT8__4to8,INT8,8,8,4to8,4,8,0.5,59.46,82.55,0.3500000000000014,0.14000000000000057,15.89239925518632,True,succeeded,/storage/users/pdarbani/Mehrshad/Transformer/v4.0/pretrained-isolation-framework/outputs/imagenetv2/deit_tiny/deit_tiny_imagenetv2_layerwise.json
deit_tiny_imagenetv2,44,blocks.11.attn.qkv,INT8__dense,INT8,8,8,dense,,,0.0,59.82,82.71,-0.00999999999999801,-0.01999999999999602,15.472955979406834,True,succeeded,/storage/users/pdarbani/Mehrshad/Transformer/v4.0/pretrained-isolation-framework/outputs/imagenetv2/deit_tiny/deit_tiny_imagenetv2_layerwise.json
deit_tiny_imagenetv2,45,blocks.11.attn.proj,FP32__2to4,FP32,32,32,2to4,2,4,0.5,59.41,82.71,0.4000000000000057,-0.01999999999999602,15.808086698874831,True,succeeded,/storage/users/pdarbani/Mehrshad/Transformer/v4.0/pretrained-isolation-framework/outputs/imagenetv2/deit_tiny/deit_tiny_imagenetv2_layerwise.json
deit_tiny_imagenetv2,45,blocks.11.attn.proj,FP32__3to8,FP32,32,32,3to8,3,8,0.625,59.41,82.58,0.4000000000000057,0.10999999999999943,15.334727365523577,True,succeeded,/storage/users/pdarbani/Mehrshad/Transformer/v4.0/pretrained-isolation-framework/outputs/imagenetv2/deit_tiny/deit_tiny_imagenetv2_layerwise.json
deit_tiny_imagenetv2,45,blocks.11.attn.proj,FP32__4to8,FP32,32,32,4to8,4,8,0.5,59.47,82.61,0.3400000000000034,0.0799999999999983,15.761590950191021,True,succeeded,/storage/users/pdarbani/Mehrshad/Transformer/v4.0/pretrained-isolation-framework/outputs/imagenetv2/deit_tiny/deit_tiny_imagenetv2_layerwise.json
deit_tiny_imagenetv2,45,blocks.11.attn.proj,FP32__dense,FP32,32,32,dense,,,0.0,59.81,82.69,0.0,0.0,15.489842059090734,True,succeeded,/storage/users/pdarbani/Mehrshad/Transformer/v4.0/pretrained-isolation-framework/outputs/imagenetv2/deit_tiny/deit_tiny_imagenetv2_layerwise.json
deit_tiny_imagenetv2,45,blocks.11.attn.proj,INT4__2to4,INT4,4,4,2to4,2,4,0.5,59.46,82.42,0.3500000000000014,0.269999999999996,15.658547585830092,True,succeeded,/storage/users/pdarbani/Mehrshad/Transformer/v4.0/pretrained-isolation-framework/outputs/imagenetv2/deit_tiny/deit_tiny_imagenetv2_layerwise.json
deit_tiny_imagenetv2,45,blocks.11.attn.proj,INT4__3to8,INT4,4,4,3to8,3,8,0.625,59.43,82.38,0.38000000000000256,0.3100000000000023,15.417821533977985,True,succeeded,/storage/users/pdarbani/Mehrshad/Transformer/v4.0/pretrained-isolation-framework/outputs/imagenetv2/deit_tiny/deit_tiny_imagenetv2_layerwise.json
deit_tiny_imagenetv2,45,blocks.11.attn.proj,INT4__4to8,INT4,4,4,4to8,4,8,0.5,59.54,82.37,0.2700000000000031,0.3199999999999932,15.295977747067809,True,succeeded,/storage/users/pdarbani/Mehrshad/Transformer/v4.0/pretrained-isolation-framework/outputs/imagenetv2/deit_tiny/deit_tiny_imagenetv2_layerwise.json
deit_tiny_imagenetv2,45,blocks.11.attn.proj,INT4__dense,INT4,4,4,dense,,,0.0,59.64,82.49,0.1700000000000017,0.20000000000000284,15.62536553107202,True,succeeded,/storage/users/pdarbani/Mehrshad/Transformer/v4.0/pretrained-isolation-framework/outputs/imagenetv2/deit_tiny/deit_tiny_imagenetv2_layerwise.json
deit_tiny_imagenetv2,45,blocks.11.attn.proj,INT6__2to4,INT6,6,6,2to4,2,4,0.5,59.41,82.64,0.4000000000000057,0.04999999999999716,15.356447983533144,True,succeeded,/storage/users/pdarbani/Mehrshad/Transformer/v4.0/pretrained-isolation-framework/outputs/imagenetv2/deit_tiny/deit_tiny_imagenetv2_layerwise.json
deit_tiny_imagenetv2,45,blocks.11.attn.proj,INT6__3to8,INT6,6,6,3to8,3,8,0.625,59.4,82.47,0.4100000000000037,0.21999999999999886,15.81428537890315,True,succeeded,/storage/users/pdarbani/Mehrshad/Transformer/v4.0/pretrained-isolation-framework/outputs/imagenetv2/deit_tiny/deit_tiny_imagenetv2_layerwise.json
deit_tiny_imagenetv2,45,blocks.11.attn.proj,INT6__4to8,INT6,6,6,4to8,4,8,0.5,59.42,82.53,0.39000000000000057,0.1599999999999966,15.307770719751716,True,succeeded,/storage/users/pdarbani/Mehrshad/Transformer/v4.0/pretrained-isolation-framework/outputs/imagenetv2/deit_tiny/deit_tiny_imagenetv2_layerwise.json
deit_tiny_imagenetv2,45,blocks.11.attn.proj,INT6__dense,INT6,6,6,dense,,,0.0,59.74,82.62,0.07000000000000028,0.06999999999999318,15.40217617712915,True,succeeded,/storage/users/pdarbani/Mehrshad/Transformer/v4.0/pretrained-isolation-framework/outputs/imagenetv2/deit_tiny/deit_tiny_imagenetv2_layerwise.json
deit_tiny_imagenetv2,45,blocks.11.attn.proj,INT8__2to4,INT8,8,8,2to4,2,4,0.5,59.47,82.74,0.3400000000000034,-0.04999999999999716,15.560460090637207,True,succeeded,/storage/users/pdarbani/Mehrshad/Transformer/v4.0/pretrained-isolation-framework/outputs/imagenetv2/deit_tiny/deit_tiny_imagenetv2_layerwise.json
deit_tiny_imagenetv2,45,blocks.11.attn.proj,INT8__3to8,INT8,8,8,3to8,3,8,0.625,59.34,82.52,0.46999999999999886,0.1700000000000017,15.450475363060832,True,succeeded,/storage/users/pdarbani/Mehrshad/Transformer/v4.0/pretrained-isolation-framework/outputs/imagenetv2/deit_tiny/deit_tiny_imagenetv2_layerwise.json
deit_tiny_imagenetv2,45,blocks.11.attn.proj,INT8__4to8,INT8,8,8,4to8,4,8,0.5,59.49,82.61,0.3200000000000003,0.0799999999999983,15.505192132666707,True,succeeded,/storage/users/pdarbani/Mehrshad/Transformer/v4.0/pretrained-isolation-framework/outputs/imagenetv2/deit_tiny/deit_tiny_imagenetv2_layerwise.json
deit_tiny_imagenetv2,45,blocks.11.attn.proj,INT8__dense,INT8,8,8,dense,,,0.0,59.78,82.72,0.030000000000001137,-0.030000000000001137,15.695255374535918,True,succeeded,/storage/users/pdarbani/Mehrshad/Transformer/v4.0/pretrained-isolation-framework/outputs/imagenetv2/deit_tiny/deit_tiny_imagenetv2_layerwise.json
deit_tiny_imagenetv2,46,blocks.11.mlp.fc1,FP32__2to4,FP32,32,32,2to4,2,4,0.5,59.4,82.72,0.4100000000000037,-0.030000000000001137,15.487553870305419,True,succeeded,/storage/users/pdarbani/Mehrshad/Transformer/v4.0/pretrained-isolation-framework/outputs/imagenetv2/deit_tiny/deit_tiny_imagenetv2_layerwise.json
deit_tiny_imagenetv2,46,blocks.11.mlp.fc1,FP32__3to8,FP32,32,32,3to8,3,8,0.625,59.32,82.66,0.490000000000002,0.030000000000001137,15.409984044730663,True,succeeded,/storage/users/pdarbani/Mehrshad/Transformer/v4.0/pretrained-isolation-framework/outputs/imagenetv2/deit_tiny/deit_tiny_imagenetv2_layerwise.json
deit_tiny_imagenetv2,46,blocks.11.mlp.fc1,FP32__4to8,FP32,32,32,4to8,4,8,0.5,59.48,82.66,0.3300000000000054,0.030000000000001137,15.67452665232122,True,succeeded,/storage/users/pdarbani/Mehrshad/Transformer/v4.0/pretrained-isolation-framework/outputs/imagenetv2/deit_tiny/deit_tiny_imagenetv2_layerwise.json
deit_tiny_imagenetv2,46,blocks.11.mlp.fc1,FP32__dense,FP32,32,32,dense,,,0.0,59.81,82.69,0.0,0.0,15.340581515803933,True,succeeded,/storage/users/pdarbani/Mehrshad/Transformer/v4.0/pretrained-isolation-framework/outputs/imagenetv2/deit_tiny/deit_tiny_imagenetv2_layerwise.json
deit_tiny_imagenetv2,46,blocks.11.mlp.fc1,INT4__2to4,INT4,4,4,2to4,2,4,0.5,59.49,82.53,0.3200000000000003,0.1599999999999966,15.108702503144741,True,succeeded,/storage/users/pdarbani/Mehrshad/Transformer/v4.0/pretrained-isolation-framework/outputs/imagenetv2/deit_tiny/deit_tiny_imagenetv2_layerwise.json
deit_tiny_imagenetv2,46,blocks.11.mlp.fc1,INT4__3to8,INT4,4,4,3to8,3,8,0.625,59.15,82.5,0.6600000000000037,0.18999999999999773,15.31075955554843,True,succeeded,/storage/users/pdarbani/Mehrshad/Transformer/v4.0/pretrained-isolation-framework/outputs/imagenetv2/deit_tiny/deit_tiny_imagenetv2_layerwise.json
deit_tiny_imagenetv2,46,blocks.11.mlp.fc1,INT4__4to8,INT4,4,4,4to8,4,8,0.5,59.52,82.61,0.28999999999999915,0.0799999999999983,15.561913521960378,True,succeeded,/storage/users/pdarbani/Mehrshad/Transformer/v4.0/pretrained-isolation-framework/outputs/imagenetv2/deit_tiny/deit_tiny_imagenetv2_layerwise.json
deit_tiny_imagenetv2,46,blocks.11.mlp.fc1,INT4__dense,INT4,4,4,dense,,,0.0,59.69,82.56,0.12000000000000455,0.12999999999999545,15.298903008922935,True,succeeded,/storage/users/pdarbani/Mehrshad/Transformer/v4.0/pretrained-isolation-framework/outputs/imagenetv2/deit_tiny/deit_tiny_imagenetv2_layerwise.json
deit_tiny_imagenetv2,46,blocks.11.mlp.fc1,INT6__2to4,INT6,6,6,2to4,2,4,0.5,59.49,82.7,0.3200000000000003,-0.010000000000005116,15.558346159756184,True,succeeded,/storage/users/pdarbani/Mehrshad/Transformer/v4.0/pretrained-isolation-framework/outputs/imagenetv2/deit_tiny/deit_tiny_imagenetv2_layerwise.json
deit_tiny_imagenetv2,46,blocks.11.mlp.fc1,INT6__3to8,INT6,6,6,3to8,3,8,0.625,59.45,82.67,0.35999999999999943,0.01999999999999602,15.669648468494415,True,succeeded,/storage/users/pdarbani/Mehrshad/Transformer/v4.0/pretrained-isolation-framework/outputs/imagenetv2/deit_tiny/deit_tiny_imagenetv2_layerwise.json
deit_tiny_imagenetv2,46,blocks.11.mlp.fc1,INT6__4to8,INT6,6,6,4to8,4,8,0.5,59.43,82.65,0.38000000000000256,0.03999999999999204,15.683358561247587,True,succeeded,/storage/users/pdarbani/Mehrshad/Transformer/v4.0/pretrained-isolation-framework/outputs/imagenetv2/deit_tiny/deit_tiny_imagenetv2_layerwise.json
deit_tiny_imagenetv2,46,blocks.11.mlp.fc1,INT6__dense,INT6,6,6,dense,,,0.0,59.79,82.68,0.020000000000003126,0.009999999999990905,15.293914280831814,True,succeeded,/storage/users/pdarbani/Mehrshad/Transformer/v4.0/pretrained-isolation-framework/outputs/imagenetv2/deit_tiny/deit_tiny_imagenetv2_layerwise.json
deit_tiny_imagenetv2,46,blocks.11.mlp.fc1,INT8__2to4,INT8,8,8,2to4,2,4,0.5,59.43,82.7,0.38000000000000256,-0.010000000000005116,15.43500148691237,True,succeeded,/storage/users/pdarbani/Mehrshad/Transformer/v4.0/pretrained-isolation-framework/outputs/imagenetv2/deit_tiny/deit_tiny_imagenetv2_layerwise.json
deit_tiny_imagenetv2,46,blocks.11.mlp.fc1,INT8__3to8,INT8,8,8,3to8,3,8,0.625,59.35,82.67,0.46000000000000085,0.01999999999999602,15.712870299816132,True,succeeded,/storage/users/pdarbani/Mehrshad/Transformer/v4.0/pretrained-isolation-framework/outputs/imagenetv2/deit_tiny/deit_tiny_imagenetv2_layerwise.json
deit_tiny_imagenetv2,46,blocks.11.mlp.fc1,INT8__4to8,INT8,8,8,4to8,4,8,0.5,59.51,82.65,0.30000000000000426,0.03999999999999204,16.165446976199746,True,succeeded,/storage/users/pdarbani/Mehrshad/Transformer/v4.0/pretrained-isolation-framework/outputs/imagenetv2/deit_tiny/deit_tiny_imagenetv2_layerwise.json
deit_tiny_imagenetv2,46,blocks.11.mlp.fc1,INT8__dense,INT8,8,8,dense,,,0.0,59.83,82.67,-0.01999999999999602,0.01999999999999602,15.633801322430372,True,succeeded,/storage/users/pdarbani/Mehrshad/Transformer/v4.0/pretrained-isolation-framework/outputs/imagenetv2/deit_tiny/deit_tiny_imagenetv2_layerwise.json
deit_tiny_imagenetv2,47,blocks.11.mlp.fc2,FP32__2to4,FP32,32,32,2to4,2,4,0.5,59.63,82.68,0.17999999999999972,0.009999999999990905,15.581404957920313,True,succeeded,/storage/users/pdarbani/Mehrshad/Transformer/v4.0/pretrained-isolation-framework/outputs/imagenetv2/deit_tiny/deit_tiny_imagenetv2_layerwise.json
deit_tiny_imagenetv2,47,blocks.11.mlp.fc2,FP32__3to8,FP32,32,32,3to8,3,8,0.625,59.67,82.54,0.14000000000000057,0.14999999999999147,15.71302686072886,True,succeeded,/storage/users/pdarbani/Mehrshad/Transformer/v4.0/pretrained-isolation-framework/outputs/imagenetv2/deit_tiny/deit_tiny_imagenetv2_layerwise.json
deit_tiny_imagenetv2,47,blocks.11.mlp.fc2,FP32__4to8,FP32,32,32,4to8,4,8,0.5,59.64,82.59,0.1700000000000017,0.09999999999999432,15.197661960497499,True,succeeded,/storage/users/pdarbani/Mehrshad/Transformer/v4.0/pretrained-isolation-framework/outputs/imagenetv2/deit_tiny/deit_tiny_imagenetv2_layerwise.json
deit_tiny_imagenetv2,47,blocks.11.mlp.fc2,FP32__dense,FP32,32,32,dense,,,0.0,59.81,82.69,0.0,0.0,15.531041184440255,True,succeeded,/storage/users/pdarbani/Mehrshad/Transformer/v4.0/pretrained-isolation-framework/outputs/imagenetv2/deit_tiny/deit_tiny_imagenetv2_layerwise.json
deit_tiny_imagenetv2,47,blocks.11.mlp.fc2,INT4__2to4,INT4,4,4,2to4,2,4,0.5,59.72,82.49,0.09000000000000341,0.20000000000000284,15.317949971184134,True,succeeded,/storage/users/pdarbani/Mehrshad/Transformer/v4.0/pretrained-isolation-framework/outputs/imagenetv2/deit_tiny/deit_tiny_imagenetv2_layerwise.json
deit_tiny_imagenetv2,47,blocks.11.mlp.fc2,INT4__3to8,INT4,4,4,3to8,3,8,0.625,59.62,82.47,0.19000000000000483,0.21999999999999886,15.460990885272622,True,succeeded,/storage/users/pdarbani/Mehrshad/Transformer/v4.0/pretrained-isolation-framework/outputs/imagenetv2/deit_tiny/deit_tiny_imagenetv2_layerwise.json
deit_tiny_imagenetv2,47,blocks.11.mlp.fc2,INT4__4to8,INT4,4,4,4to8,4,8,0.5,59.75,82.48,0.060000000000002274,0.20999999999999375,15.57104449160397,True,succeeded,/storage/users/pdarbani/Mehrshad/Transformer/v4.0/pretrained-isolation-framework/outputs/imagenetv2/deit_tiny/deit_tiny_imagenetv2_layerwise.json
deit_tiny_imagenetv2,47,blocks.11.mlp.fc2,INT4__dense,INT4,4,4,dense,,,0.0,59.77,82.45,0.03999999999999915,0.23999999999999488,15.377762265503407,True,succeeded,/storage/users/pdarbani/Mehrshad/Transformer/v4.0/pretrained-isolation-framework/outputs/imagenetv2/deit_tiny/deit_tiny_imagenetv2_layerwise.json
deit_tiny_imagenetv2,47,blocks.11.mlp.fc2,INT6__2to4,INT6,6,6,2to4,2,4,0.5,59.43,82.6,0.38000000000000256,0.09000000000000341,15.662432933226228,True,succeeded,/storage/users/pdarbani/Mehrshad/Transformer/v4.0/pretrained-isolation-framework/outputs/imagenetv2/deit_tiny/deit_tiny_imagenetv2_layerwise.json
deit_tiny_imagenetv2,47,blocks.11.mlp.fc2,INT6__3to8,INT6,6,6,3to8,3,8,0.625,59.47,82.48,0.3400000000000034,0.20999999999999375,15.861450035125017,True,succeeded,/storage/users/pdarbani/Mehrshad/Transformer/v4.0/pretrained-isolation-framework/outputs/imagenetv2/deit_tiny/deit_tiny_imagenetv2_layerwise.json
deit_tiny_imagenetv2,47,blocks.11.mlp.fc2,INT6__4to8,INT6,6,6,4to8,4,8,0.5,59.39,82.59,0.4200000000000017,0.09999999999999432,15.557021610438824,True,succeeded,/storage/users/pdarbani/Mehrshad/Transformer/v4.0/pretrained-isolation-framework/outputs/imagenetv2/deit_tiny/deit_tiny_imagenetv2_layerwise.json
deit_tiny_imagenetv2,47,blocks.11.mlp.fc2,INT6__dense,INT6,6,6,dense,,,0.0,59.67,82.6,0.14000000000000057,0.09000000000000341,15.502097493037581,True,succeeded,/storage/users/pdarbani/Mehrshad/Transformer/v4.0/pretrained-isolation-framework/outputs/imagenetv2/deit_tiny/deit_tiny_imagenetv2_layerwise.json
deit_tiny_imagenetv2,47,blocks.11.mlp.fc2,INT8__2to4,INT8,8,8,2to4,2,4,0.5,59.61,82.61,0.20000000000000284,0.0799999999999983,15.418438371270895,True,succeeded,/storage/users/pdarbani/Mehrshad/Transformer/v4.0/pretrained-isolation-framework/outputs/imagenetv2/deit_tiny/deit_tiny_imagenetv2_layerwise.json
deit_tiny_imagenetv2,47,blocks.11.mlp.fc2,INT8__3to8,INT8,8,8,3to8,3,8,0.625,59.6,82.61,0.21000000000000085,0.0799999999999983,15.650147000327706,True,succeeded,/storage/users/pdarbani/Mehrshad/Transformer/v4.0/pretrained-isolation-framework/outputs/imagenetv2/deit_tiny/deit_tiny_imagenetv2_layerwise.json
deit_tiny_imagenetv2,47,blocks.11.mlp.fc2,INT8__4to8,INT8,8,8,4to8,4,8,0.5,59.67,82.61,0.14000000000000057,0.0799999999999983,15.68026439845562,True,succeeded,/storage/users/pdarbani/Mehrshad/Transformer/v4.0/pretrained-isolation-framework/outputs/imagenetv2/deit_tiny/deit_tiny_imagenetv2_layerwise.json
deit_tiny_imagenetv2,47,blocks.11.mlp.fc2,INT8__dense,INT8,8,8,dense,,,0.0,59.77,82.73,0.03999999999999915,-0.04000000000000625,15.296229241415858,True,succeeded,/storage/users/pdarbani/Mehrshad/Transformer/v4.0/pretrained-isolation-framework/outputs/imagenetv2/deit_tiny/deit_tiny_imagenetv2_layerwise.json
resnet18_imagenetv2,0,layer1.0.conv1,FP32__2to4,FP32,32,32,2to4,2,4,0.5,44.2,67.52,15.18,13.41000000000001,14.559902437031269,True,succeeded,/storage/users/pdarbani/Mehrshad/Transformer/v4.0/pretrained-isolation-framework/outputs/imagenetv2/resnet18/resnet18_imagenetv2_layerwise.json
resnet18_imagenetv2,0,layer1.0.conv1,FP32__3to8,FP32,32,32,3to8,3,8,0.625,39.14,62.54,20.240000000000002,18.390000000000008,14.295848272740841,True,succeeded,/storage/users/pdarbani/Mehrshad/Transformer/v4.0/pretrained-isolation-framework/outputs/imagenetv2/resnet18/resnet18_imagenetv2_layerwise.json
resnet18_imagenetv2,0,layer1.0.conv1,FP32__4to8,FP32,32,32,4to8,4,8,0.5,49.82,73.27,9.560000000000002,7.660000000000011,14.63285898603499,True,succeeded,/storage/users/pdarbani/Mehrshad/Transformer/v4.0/pretrained-isolation-framework/outputs/imagenetv2/resnet18/resnet18_imagenetv2_layerwise.json
resnet18_imagenetv2,0,layer1.0.conv1,FP32__dense,FP32,32,32,dense,,,0.0,59.38,80.93,0.0,0.0,14.399646073579788,True,succeeded,/storage/users/pdarbani/Mehrshad/Transformer/v4.0/pretrained-isolation-framework/outputs/imagenetv2/resnet18/resnet18_imagenetv2_layerwise.json
resnet18_imagenetv2,0,layer1.0.conv1,INT4__2to4,INT4,4,4,2to4,2,4,0.5,7.85,15.44,51.53,65.49000000000001,14.637399850413203,True,succeeded,/storage/users/pdarbani/Mehrshad/Transformer/v4.0/pretrained-isolation-framework/outputs/imagenetv2/resnet18/resnet18_imagenetv2_layerwise.json
resnet18_imagenetv2,0,layer1.0.conv1,INT4__3to8,INT4,4,4,3to8,3,8,0.625,7.51,14.89,51.870000000000005,66.04,14.270074075087905,True,succeeded,/storage/users/pdarbani/Mehrshad/Transformer/v4.0/pretrained-isolation-framework/outputs/imagenetv2/resnet18/resnet18_imagenetv2_layerwise.json
resnet18_imagenetv2,0,layer1.0.conv1,INT4__4to8,INT4,4,4,4to8,4,8,0.5,6.02,12.09,53.36,68.84,14.620546828955412,True,succeeded,/storage/users/pdarbani/Mehrshad/Transformer/v4.0/pretrained-isolation-framework/outputs/imagenetv2/resnet18/resnet18_imagenetv2_layerwise.json
resnet18_imagenetv2,0,layer1.0.conv1,INT4__dense,INT4,4,4,dense,,,0.0,5.8,12.13,53.580000000000005,68.80000000000001,14.341522557660937,True,succeeded,/storage/users/pdarbani/Mehrshad/Transformer/v4.0/pretrained-isolation-framework/outputs/imagenetv2/resnet18/resnet18_imagenetv2_layerwise.json
resnet18_imagenetv2,0,layer1.0.conv1,INT6__2to4,INT6,6,6,2to4,2,4,0.5,45.75,68.61,13.630000000000003,12.320000000000007,14.418478343635798,True,succeeded,/storage/users/pdarbani/Mehrshad/Transformer/v4.0/pretrained-isolation-framework/outputs/imagenetv2/resnet18/resnet18_imagenetv2_layerwise.json
resnet18_imagenetv2,0,layer1.0.conv1,INT6__3to8,INT6,6,6,3to8,3,8,0.625,40.29,63.45,19.090000000000003,17.480000000000004,14.707569940015674,True,succeeded,/storage/users/pdarbani/Mehrshad/Transformer/v4.0/pretrained-isolation-framework/outputs/imagenetv2/resnet18/resnet18_imagenetv2_layerwise.json
resnet18_imagenetv2,0,layer1.0.conv1,INT6__4to8,INT6,6,6,4to8,4,8,0.5,49.68,72.97,9.700000000000003,7.960000000000008,14.401767555624247,True,succeeded,/storage/users/pdarbani/Mehrshad/Transformer/v4.0/pretrained-isolation-framework/outputs/imagenetv2/resnet18/resnet18_imagenetv2_layerwise.json
resnet18_imagenetv2,0,layer1.0.conv1,INT6__dense,INT6,6,6,dense,,,0.0,55.33,77.96,4.050000000000004,2.970000000000013,14.238364925608039,True,succeeded,/storage/users/pdarbani/Mehrshad/Transformer/v4.0/pretrained-isolation-framework/outputs/imagenetv2/resnet18/resnet18_imagenetv2_layerwise.json
resnet18_imagenetv2,0,layer1.0.conv1,INT8__2to4,INT8,8,8,2to4,2,4,0.5,44.75,67.79,14.630000000000003,13.14,14.976825395599008,True,succeeded,/storage/users/pdarbani/Mehrshad/Transformer/v4.0/pretrained-isolation-framework/outputs/imagenetv2/resnet18/resnet18_imagenetv2_layerwise.json
resnet18_imagenetv2,0,layer1.0.conv1,INT8__3to8,INT8,8,8,3to8,3,8,0.625,38.62,62.29,20.760000000000005,18.640000000000008,14.291471403092146,True,succeeded,/storage/users/pdarbani/Mehrshad/Transformer/v4.0/pretrained-isolation-framework/outputs/imagenetv2/resnet18/resnet18_imagenetv2_layerwise.json
resnet18_imagenetv2,0,layer1.0.conv1,INT8__4to8,INT8,8,8,4to8,4,8,0.5,49.57,73.1,9.810000000000002,7.8300000000000125,14.56978039816022,True,succeeded,/storage/users/pdarbani/Mehrshad/Transformer/v4.0/pretrained-isolation-framework/outputs/imagenetv2/resnet18/resnet18_imagenetv2_layerwise.json
resnet18_imagenetv2,0,layer1.0.conv1,INT8__dense,INT8,8,8,dense,,,0.0,59.22,81.0,0.1600000000000037,-0.06999999999999318,14.555028634145856,True,succeeded,/storage/users/pdarbani/Mehrshad/Transformer/v4.0/pretrained-isolation-framework/outputs/imagenetv2/resnet18/resnet18_imagenetv2_layerwise.json
resnet18_imagenetv2,1,layer1.0.conv2,FP32__2to4,FP32,32,32,2to4,2,4,0.5,51.48,74.04,7.900000000000006,6.890000000000001,14.459260439500213,True,succeeded,/storage/users/pdarbani/Mehrshad/Transformer/v4.0/pretrained-isolation-framework/outputs/imagenetv2/resnet18/resnet18_imagenetv2_layerwise.json
resnet18_imagenetv2,1,layer1.0.conv2,FP32__3to8,FP32,32,32,3to8,3,8,0.625,46.71,69.5,12.670000000000002,11.430000000000007,14.372452875599265,True,succeeded,/storage/users/pdarbani/Mehrshad/Transformer/v4.0/pretrained-isolation-framework/outputs/imagenetv2/resnet18/resnet18_imagenetv2_layerwise.json
resnet18_imagenetv2,1,layer1.0.conv2,FP32__4to8,FP32,32,32,4to8,4,8,0.5,52.79,75.37,6.590000000000003,5.560000000000002,14.533334696665406,True,succeeded,/storage/users/pdarbani/Mehrshad/Transformer/v4.0/pretrained-isolation-framework/outputs/imagenetv2/resnet18/resnet18_imagenetv2_layerwise.json
resnet18_imagenetv2,1,layer1.0.conv2,FP32__dense,FP32,32,32,dense,,,0.0,59.38,80.93,0.0,0.0,14.651968313381076,True,succeeded,/storage/users/pdarbani/Mehrshad/Transformer/v4.0/pretrained-isolation-framework/outputs/imagenetv2/resnet18/resnet18_imagenetv2_layerwise.json
resnet18_imagenetv2,1,layer1.0.conv2,INT4__2to4,INT4,4,4,2to4,2,4,0.5,42.19,64.84,17.190000000000005,16.090000000000003,14.478621248155832,True,succeeded,/storage/users/pdarbani/Mehrshad/Transformer/v4.0/pretrained-isolation-framework/outputs/imagenetv2/resnet18/resnet18_imagenetv2_layerwise.json
resnet18_imagenetv2,1,layer1.0.conv2,INT4__3to8,INT4,4,4,3to8,3,8,0.625,33.88,55.95,25.5,24.980000000000004,14.487638056278229,True,succeeded,/storage/users/pdarbani/Mehrshad/Transformer/v4.0/pretrained-isolation-framework/outputs/imagenetv2/resnet18/resnet18_imagenetv2_layerwise.json
resnet18_imagenetv2,1,layer1.0.conv2,INT4__4to8,INT4,4,4,4to8,4,8,0.5,40.47,63.69,18.910000000000004,17.24000000000001,14.318945648148656,True,succeeded,/storage/users/pdarbani/Mehrshad/Transformer/v4.0/pretrained-isolation-framework/outputs/imagenetv2/resnet18/resnet18_imagenetv2_layerwise.json
resnet18_imagenetv2,1,layer1.0.conv2,INT4__dense,INT4,4,4,dense,,,0.0,44.08,66.9,15.300000000000004,14.030000000000001,14.371831780299544,True,succeeded,/storage/users/pdarbani/Mehrshad/Transformer/v4.0/pretrained-isolation-framework/outputs/imagenetv2/resnet18/resnet18_imagenetv2_layerwise.json
resnet18_imagenetv2,1,layer1.0.conv2,INT6__2to4,INT6,6,6,2to4,2,4,0.5,51.0,73.72,8.380000000000003,7.210000000000008,14.469906033948064,True,succeeded,/storage/users/pdarbani/Mehrshad/Transformer/v4.0/pretrained-isolation-framework/outputs/imagenetv2/resnet18/resnet18_imagenetv2_layerwise.json
resnet18_imagenetv2,1,layer1.0.conv2,INT6__3to8,INT6,6,6,3to8,3,8,0.625,46.38,69.65,13.0,11.280000000000001,14.333665765821934,True,succeeded,/storage/users/pdarbani/Mehrshad/Transformer/v4.0/pretrained-isolation-framework/outputs/imagenetv2/resnet18/resnet18_imagenetv2_layerwise.json
resnet18_imagenetv2,1,layer1.0.conv2,INT6__4to8,INT6,6,6,4to8,4,8,0.5,53.1,75.72,6.280000000000001,5.210000000000008,14.637616479769349,True,succeeded,/storage/users/pdarbani/Mehrshad/Transformer/v4.0/pretrained-isolation-framework/outputs/imagenetv2/resnet18/resnet18_imagenetv2_layerwise.json
resnet18_imagenetv2,1,layer1.0.conv2,INT6__dense,INT6,6,6,dense,,,0.0,58.66,80.9,0.720000000000006,0.030000000000001137,14.18758999928832,True,succeeded,/storage/users/pdarbani/Mehrshad/Transformer/v4.0/pretrained-isolation-framework/outputs/imagenetv2/resnet18/resnet18_imagenetv2_layerwise.json
resnet18_imagenetv2,1,layer1.0.conv2,INT8__2to4,INT8,8,8,2to4,2,4,0.5,51.47,73.91,7.910000000000004,7.02000000000001,14.440282918512821,True,succeeded,/storage/users/pdarbani/Mehrshad/Transformer/v4.0/pretrained-isolation-framework/outputs/imagenetv2/resnet18/resnet18_imagenetv2_layerwise.json
resnet18_imagenetv2,1,layer1.0.conv2,INT8__3to8,INT8,8,8,3to8,3,8,0.625,46.56,69.49,12.82,11.440000000000012,14.35041443258524,True,succeeded,/storage/users/pdarbani/Mehrshad/Transformer/v4.0/pretrained-isolation-framework/outputs/imagenetv2/resnet18/resnet18_imagenetv2_layerwise.json
resnet18_imagenetv2,1,layer1.0.conv2,INT8__4to8,INT8,8,8,4to8,4,8,0.5,52.69,75.34,6.690000000000005,5.590000000000003,14.204027423635125,True,succeeded,/storage/users/pdarbani/Mehrshad/Transformer/v4.0/pretrained-isolation-framework/outputs/imagenetv2/resnet18/resnet18_imagenetv2_layerwise.json
resnet18_imagenetv2,1,layer1.0.conv2,INT8__dense,INT8,8,8,dense,,,0.0,59.39,81.03,-0.00999999999999801,-0.09999999999999432,14.46461751498282,True,succeeded,/storage/users/pdarbani/Mehrshad/Transformer/v4.0/pretrained-isolation-framework/outputs/imagenetv2/resnet18/resnet18_imagenetv2_layerwise.json
resnet18_imagenetv2,2,layer1.1.conv1,FP32__2to4,FP32,32,32,2to4,2,4,0.5,33.32,54.43,26.060000000000002,26.500000000000007,14.429435202851892,True,succeeded,/storage/users/pdarbani/Mehrshad/Transformer/v4.0/pretrained-isolation-framework/outputs/imagenetv2/resnet18/resnet18_imagenetv2_layerwise.json
resnet18_imagenetv2,2,layer1.1.conv1,FP32__3to8,FP32,32,32,3to8,3,8,0.625,30.36,51.17,29.020000000000003,29.760000000000005,14.280416902154684,True,succeeded,/storage/users/pdarbani/Mehrshad/Transformer/v4.0/pretrained-isolation-framework/outputs/imagenetv2/resnet18/resnet18_imagenetv2_layerwise.json
resnet18_imagenetv2,2,layer1.1.conv1,FP32__4to8,FP32,32,32,4to8,4,8,0.5,44.63,66.61,14.75,14.320000000000007,14.447073873132467,True,succeeded,/storage/users/pdarbani/Mehrshad/Transformer/v4.0/pretrained-isolation-framework/outputs/imagenetv2/resnet18/resnet18_imagenetv2_layerwise.json
resnet18_imagenetv2,2,layer1.1.conv1,FP32__dense,FP32,32,32,dense,,,0.0,59.38,80.93,0.0,0.0,14.525527099147439,True,succeeded,/storage/users/pdarbani/Mehrshad/Transformer/v4.0/pretrained-isolation-framework/outputs/imagenetv2/resnet18/resnet18_imagenetv2_layerwise.json
resnet18_imagenetv2,2,layer1.1.conv1,INT4__2to4,INT4,4,4,2to4,2,4,0.5,12.92,25.48,46.46,55.45,14.92826373130083,True,succeeded,/storage/users/pdarbani/Mehrshad/Transformer/v4.0/pretrained-isolation-framework/outputs/imagenetv2/resnet18/resnet18_imagenetv2_layerwise.json
resnet18_imagenetv2,2,layer1.1.conv1,INT4__3to8,INT4,4,4,3to8,3,8,0.625,24.65,43.84,34.730000000000004,37.09,14.542729757726192,True,succeeded,/storage/users/pdarbani/Mehrshad/Transformer/v4.0/pretrained-isolation-framework/outputs/imagenetv2/resnet18/resnet18_imagenetv2_layerwise.json
resnet18_imagenetv2,2,layer1.1.conv1,INT4__4to8,INT4,4,4,4to8,4,8,0.5,27.72,47.72,31.660000000000004,33.21000000000001,14.347426686435938,True,succeeded,/storage/users/pdarbani/Mehrshad/Transformer/v4.0/pretrained-isolation-framework/outputs/imagenetv2/resnet18/resnet18_imagenetv2_layerwise.json
resnet18_imagenetv2,2,layer1.1.conv1,INT4__dense,INT4,4,4,dense,,,0.0,23.53,42.11,35.85,38.82000000000001,14.551643040031195,True,succeeded,/storage/users/pdarbani/Mehrshad/Transformer/v4.0/pretrained-isolation-framework/outputs/imagenetv2/resnet18/resnet18_imagenetv2_layerwise.json
resnet18_imagenetv2,2,layer1.1.conv1,INT6__2to4,INT6,6,6,2to4,2,4,0.5,32.7,53.34,26.68,27.590000000000003,14.335193270817399,True,succeeded,/storage/users/pdarbani/Mehrshad/Transformer/v4.0/pretrained-isolation-framework/outputs/imagenetv2/resnet18/resnet18_imagenetv2_layerwise.json
resnet18_imagenetv2,2,layer1.1.conv1,INT6__3to8,INT6,6,6,3to8,3,8,0.625,30.32,50.73,29.060000000000002,30.20000000000001,14.47185343876481,True,succeeded,/storage/users/pdarbani/Mehrshad/Transformer/v4.0/pretrained-isolation-framework/outputs/imagenetv2/resnet18/resnet18_imagenetv2_layerwise.json
resnet18_imagenetv2,2,layer1.1.conv1,INT6__4to8,INT6,6,6,4to8,4,8,0.5,45.7,68.25,13.68,12.680000000000007,14.305266542360187,True,succeeded,/storage/users/pdarbani/Mehrshad/Transformer/v4.0/pretrained-isolation-framework/outputs/imagenetv2/resnet18/resnet18_imagenetv2_layerwise.json
resnet18_imagenetv2,2,layer1.1.conv1,INT6__dense,INT6,6,6,dense,,,0.0,58.65,80.37,0.730000000000004,0.5600000000000023,14.429492525756359,True,succeeded,/storage/users/pdarbani/Mehrshad/Transformer/v4.0/pretrained-isolation-framework/outputs/imagenetv2/resnet18/resnet18_imagenetv2_layerwise.json
resnet18_imagenetv2,2,layer1.1.conv1,INT8__2to4,INT8,8,8,2to4,2,4,0.5,33.28,54.51,26.1,26.42000000000001,14.387247832491994,True,succeeded,/storage/users/pdarbani/Mehrshad/Transformer/v4.0/pretrained-isolation-framework/outputs/imagenetv2/resnet18/resnet18_imagenetv2_layerwise.json
resnet18_imagenetv2,2,layer1.1.conv1,INT8__3to8,INT8,8,8,3to8,3,8,0.625,30.13,50.82,29.250000000000004,30.110000000000007,14.30569719709456,True,succeeded,/storage/users/pdarbani/Mehrshad/Transformer/v4.0/pretrained-isolation-framework/outputs/imagenetv2/resnet18/resnet18_imagenetv2_layerwise.json
resnet18_imagenetv2,2,layer1.1.conv1,INT8__4to8,INT8,8,8,4to8,4,8,0.5,44.48,66.6,14.900000000000006,14.330000000000013,14.44807754456997,True,succeeded,/storage/users/pdarbani/Mehrshad/Transformer/v4.0/pretrained-isolation-framework/outputs/imagenetv2/resnet18/resnet18_imagenetv2_layerwise.json
resnet18_imagenetv2,2,layer1.1.conv1,INT8__dense,INT8,8,8,dense,,,0.0,59.26,81.0,0.12000000000000455,-0.06999999999999318,14.493505161255598,True,succeeded,/storage/users/pdarbani/Mehrshad/Transformer/v4.0/pretrained-isolation-framework/outputs/imagenetv2/resnet18/resnet18_imagenetv2_layerwise.json
resnet18_imagenetv2,3,layer1.1.conv2,FP32__2to4,FP32,32,32,2to4,2,4,0.5,57.03,79.24,2.3500000000000014,1.690000000000012,14.515212396159768,True,succeeded,/storage/users/pdarbani/Mehrshad/Transformer/v4.0/pretrained-isolation-framework/outputs/imagenetv2/resnet18/resnet18_imagenetv2_layerwise.json
resnet18_imagenetv2,3,layer1.1.conv2,FP32__3to8,FP32,32,32,3to8,3,8,0.625,55.37,77.83,4.010000000000005,3.1000000000000085,14.36293120495975,True,succeeded,/storage/users/pdarbani/Mehrshad/Transformer/v4.0/pretrained-isolation-framework/outputs/imagenetv2/resnet18/resnet18_imagenetv2_layerwise.json
resnet18_imagenetv2,3,layer1.1.conv2,FP32__4to8,FP32,32,32,4to8,4,8,0.5,57.19,79.44,2.190000000000005,1.490000000000009,14.544208772480488,True,succeeded,/storage/users/pdarbani/Mehrshad/Transformer/v4.0/pretrained-isolation-framework/outputs/imagenetv2/resnet18/resnet18_imagenetv2_layerwise.json
resnet18_imagenetv2,3,layer1.1.conv2,FP32__dense,FP32,32,32,dense,,,0.0,59.38,80.93,0.0,0.0,14.302909148856997,True,succeeded,/storage/users/pdarbani/Mehrshad/Transformer/v4.0/pretrained-isolation-framework/outputs/imagenetv2/resnet18/resnet18_imagenetv2_layerwise.json
resnet18_imagenetv2,3,layer1.1.conv2,INT4__2to4,INT4,4,4,2to4,2,4,0.5,40.83,63.49,18.550000000000004,17.440000000000005,14.854980070143938,True,succeeded,/storage/users/pdarbani/Mehrshad/Transformer/v4.0/pretrained-isolation-framework/outputs/imagenetv2/resnet18/resnet18_imagenetv2_layerwise.json
resnet18_imagenetv2,3,layer1.1.conv2,INT4__3to8,INT4,4,4,3to8,3,8,0.625,38.65,61.55,20.730000000000004,19.38000000000001,14.582973850890994,True,succeeded,/storage/users/pdarbani/Mehrshad/Transformer/v4.0/pretrained-isolation-framework/outputs/imagenetv2/resnet18/resnet18_imagenetv2_layerwise.json
resnet18_imagenetv2,3,layer1.1.conv2,INT4__4to8,INT4,4,4,4to8,4,8,0.5,41.82,64.41,17.560000000000002,16.52000000000001,14.366755623370409,True,succeeded,/storage/users/pdarbani/Mehrshad/Transformer/v4.0/pretrained-isolation-framework/outputs/imagenetv2/resnet18/resnet18_imagenetv2_layerwise.json
resnet18_imagenetv2,3,layer1.1.conv2,INT4__dense,INT4,4,4,dense,,,0.0,41.9,64.23,17.480000000000004,16.700000000000003,14.466283150017262,True,succeeded,/storage/users/pdarbani/Mehrshad/Transformer/v4.0/pretrained-isolation-framework/outputs/imagenetv2/resnet18/resnet18_imagenetv2_layerwise.json
resnet18_imagenetv2,3,layer1.1.conv2,INT6__2to4,INT6,6,6,2to4,2,4,0.5,57.08,79.35,2.3000000000000043,1.5800000000000125,14.372717574238777,True,succeeded,/storage/users/pdarbani/Mehrshad/Transformer/v4.0/pretrained-isolation-framework/outputs/imagenetv2/resnet18/resnet18_imagenetv2_layerwise.json
resnet18_imagenetv2,3,layer1.1.conv2,INT6__3to8,INT6,6,6,3to8,3,8,0.625,55.35,77.93,4.030000000000001,3.0,14.5196364633739,True,succeeded,/storage/users/pdarbani/Mehrshad/Transformer/v4.0/pretrained-isolation-framework/outputs/imagenetv2/resnet18/resnet18_imagenetv2_layerwise.json
resnet18_imagenetv2,3,layer1.1.conv2,INT6__4to8,INT6,6,6,4to8,4,8,0.5,57.26,79.67,2.1200000000000045,1.2600000000000051,14.368014408275485,True,succeeded,/storage/users/pdarbani/Mehrshad/Transformer/v4.0/pretrained-isolation-framework/outputs/imagenetv2/resnet18/resnet18_imagenetv2_layerwise.json
resnet18_imagenetv2,3,layer1.1.conv2,INT6__dense,INT6,6,6,dense,,,0.0,58.92,80.75,0.46000000000000085,0.18000000000000682,14.610235879197717,True,succeeded,/storage/users/pdarbani/Mehrshad/Transformer/v4.0/pretrained-isolation-framework/outputs/imagenetv2/resnet18/resnet18_imagenetv2_layerwise.json
resnet18_imagenetv2,3,layer1.1.conv2,INT8__2to4,INT8,8,8,2to4,2,4,0.5,57.11,79.35,2.270000000000003,1.5800000000000125,14.322667619213462,True,succeeded,/storage/users/pdarbani/Mehrshad/Transformer/v4.0/pretrained-isolation-framework/outputs/imagenetv2/resnet18/resnet18_imagenetv2_layerwise.json
resnet18_imagenetv2,3,layer1.1.conv2,INT8__3to8,INT8,8,8,3to8,3,8,0.625,55.49,77.91,3.8900000000000006,3.0200000000000102,14.520848721265793,True,succeeded,/storage/users/pdarbani/Mehrshad/Transformer/v4.0/pretrained-isolation-framework/outputs/imagenetv2/resnet18/resnet18_imagenetv2_layerwise.json
resnet18_imagenetv2,3,layer1.1.conv2,INT8__4to8,INT8,8,8,4to8,4,8,0.5,57.21,79.38,2.1700000000000017,1.5500000000000114,14.51109784655273,True,succeeded,/storage/users/pdarbani/Mehrshad/Transformer/v4.0/pretrained-isolation-framework/outputs/imagenetv2/resnet18/resnet18_imagenetv2_layerwise.json
resnet18_imagenetv2,3,layer1.1.conv2,INT8__dense,INT8,8,8,dense,,,0.0,59.3,80.97,0.0800000000000054,-0.03999999999999204,14.44609908759594,True,succeeded,/storage/users/pdarbani/Mehrshad/Transformer/v4.0/pretrained-isolation-framework/outputs/imagenetv2/resnet18/resnet18_imagenetv2_layerwise.json
resnet18_imagenetv2,4,layer2.0.conv1,FP32__2to4,FP32,32,32,2to4,2,4,0.5,51.35,74.5,8.030000000000001,6.430000000000007,14.361955204978585,True,succeeded,/storage/users/pdarbani/Mehrshad/Transformer/v4.0/pretrained-isolation-framework/outputs/imagenetv2/resnet18/resnet18_imagenetv2_layerwise.json
resnet18_imagenetv2,4,layer2.0.conv1,FP32__3to8,FP32,32,32,3to8,3,8,0.625,52.08,75.48,7.300000000000004,5.450000000000003,14.420593727380037,True,succeeded,/storage/users/pdarbani/Mehrshad/Transformer/v4.0/pretrained-isolation-framework/outputs/imagenetv2/resnet18/resnet18_imagenetv2_layerwise.json
resnet18_imagenetv2,4,layer2.0.conv1,FP32__4to8,FP32,32,32,4to8,4,8,0.5,55.93,78.56,3.450000000000003,2.3700000000000045,14.34015224315226,True,succeeded,/storage/users/pdarbani/Mehrshad/Transformer/v4.0/pretrained-isolation-framework/outputs/imagenetv2/resnet18/resnet18_imagenetv2_layerwise.json
resnet18_imagenetv2,4,layer2.0.conv1,FP32__dense,FP32,32,32,dense,,,0.0,59.38,80.93,0.0,0.0,14.327783843502402,True,succeeded,/storage/users/pdarbani/Mehrshad/Transformer/v4.0/pretrained-isolation-framework/outputs/imagenetv2/resnet18/resnet18_imagenetv2_layerwise.json
resnet18_imagenetv2,4,layer2.0.conv1,INT4__2to4,INT4,4,4,2to4,2,4,0.5,13.43,27.68,45.95,53.25000000000001,14.349122174084187,True,succeeded,/storage/users/pdarbani/Mehrshad/Transformer/v4.0/pretrained-isolation-framework/outputs/imagenetv2/resnet18/resnet18_imagenetv2_layerwise.json
resnet18_imagenetv2,4,layer2.0.conv1,INT4__3to8,INT4,4,4,3to8,3,8,0.625,19.26,35.92,40.120000000000005,45.010000000000005,14.558277869597077,True,succeeded,/storage/users/pdarbani/Mehrshad/Transformer/v4.0/pretrained-isolation-framework/outputs/imagenetv2/resnet18/resnet18_imagenetv2_layerwise.json
resnet18_imagenetv2,4,layer2.0.conv1,INT4__4to8,INT4,4,4,4to8,4,8,0.5,15.57,29.69,43.81,51.24000000000001,14.388855004683137,True,succeeded,/storage/users/pdarbani/Mehrshad/Transformer/v4.0/pretrained-isolation-framework/outputs/imagenetv2/resnet18/resnet18_imagenetv2_layerwise.json
resnet18_imagenetv2,4,layer2.0.conv1,INT4__dense,INT4,4,4,dense,,,0.0,11.39,23.49,47.99,57.44000000000001,14.314575769007206,True,succeeded,/storage/users/pdarbani/Mehrshad/Transformer/v4.0/pretrained-isolation-framework/outputs/imagenetv2/resnet18/resnet18_imagenetv2_layerwise.json
resnet18_imagenetv2,4,layer2.0.conv1,INT6__2to4,INT6,6,6,2to4,2,4,0.5,51.05,74.46,8.330000000000005,6.470000000000013,14.273807087913156,True,succeeded,/storage/users/pdarbani/Mehrshad/Transformer/v4.0/pretrained-isolation-framework/outputs/imagenetv2/resnet18/resnet18_imagenetv2_layerwise.json
resnet18_imagenetv2,4,layer2.0.conv1,INT6__3to8,INT6,6,6,3to8,3,8,0.625,51.95,75.33,7.43,5.6000000000000085,14.330829029902816,True,succeeded,/storage/users/pdarbani/Mehrshad/Transformer/v4.0/pretrained-isolation-framework/outputs/imagenetv2/resnet18/resnet18_imagenetv2_layerwise.json
resnet18_imagenetv2,4,layer2.0.conv1,INT6__4to8,INT6,6,6,4to8,4,8,0.5,56.04,78.37,3.3400000000000034,2.5600000000000023,14.42460716329515,True,succeeded,/storage/users/pdarbani/Mehrshad/Transformer/v4.0/pretrained-isolation-framework/outputs/imagenetv2/resnet18/resnet18_imagenetv2_layerwise.json
resnet18_imagenetv2,4,layer2.0.conv1,INT6__dense,INT6,6,6,dense,,,0.0,58.94,80.75,0.44000000000000483,0.18000000000000682,14.464833779260516,True,succeeded,/storage/users/pdarbani/Mehrshad/Transformer/v4.0/pretrained-isolation-framework/outputs/imagenetv2/resnet18/resnet18_imagenetv2_layerwise.json
resnet18_imagenetv2,4,layer2.0.conv1,INT8__2to4,INT8,8,8,2to4,2,4,0.5,51.24,74.38,8.14,6.550000000000011,14.424324044957757,True,succeeded,/storage/users/pdarbani/Mehrshad/Transformer/v4.0/pretrained-isolation-framework/outputs/imagenetv2/resnet18/resnet18_imagenetv2_layerwise.json
resnet18_imagenetv2,4,layer2.0.conv1,INT8__3to8,INT8,8,8,3to8,3,8,0.625,52.07,75.56,7.310000000000002,5.3700000000000045,14.429449208080769,True,succeeded,/storage/users/pdarbani/Mehrshad/Transformer/v4.0/pretrained-isolation-framework/outputs/imagenetv2/resnet18/resnet18_imagenetv2_layerwise.json
resnet18_imagenetv2,4,layer2.0.conv1,INT8__4to8,INT8,8,8,4to8,4,8,0.5,55.87,78.52,3.510000000000005,2.410000000000011,14.195580620318651,True,succeeded,/storage/users/pdarbani/Mehrshad/Transformer/v4.0/pretrained-isolation-framework/outputs/imagenetv2/resnet18/resnet18_imagenetv2_layerwise.json
resnet18_imagenetv2,4,layer2.0.conv1,INT8__dense,INT8,8,8,dense,,,0.0,59.32,81.04,0.060000000000002274,-0.10999999999999943,14.302153214812279,True,succeeded,/storage/users/pdarbani/Mehrshad/Transformer/v4.0/pretrained-isolation-framework/outputs/imagenetv2/resnet18/resnet18_imagenetv2_layerwise.json
resnet18_imagenetv2,5,layer2.0.conv2,FP32__2to4,FP32,32,32,2to4,2,4,0.5,56.16,78.6,3.220000000000006,2.3300000000000125,14.150443190708756,True,succeeded,/storage/users/pdarbani/Mehrshad/Transformer/v4.0/pretrained-isolation-framework/outputs/imagenetv2/resnet18/resnet18_imagenetv2_layerwise.json
resnet18_imagenetv2,5,layer2.0.conv2,FP32__3to8,FP32,32,32,3to8,3,8,0.625,53.28,75.98,6.100000000000001,4.950000000000003,14.232566287741065,True,succeeded,/storage/users/pdarbani/Mehrshad/Transformer/v4.0/pretrained-isolation-framework/outputs/imagenetv2/resnet18/resnet18_imagenetv2_layerwise.json
resnet18_imagenetv2,5,layer2.0.conv2,FP32__4to8,FP32,32,32,4to8,4,8,0.5,57.38,79.57,2.0,1.3600000000000136,14.252060087397695,True,succeeded,/storage/users/pdarbani/Mehrshad/Transformer/v4.0/pretrained-isolation-framework/outputs/imagenetv2/resnet18/resnet18_imagenetv2_layerwise.json
resnet18_imagenetv2,5,layer2.0.conv2,FP32__dense,FP32,32,32,dense,,,0.0,59.38,80.93,0.0,0.0,14.401085153222084,True,succeeded,/storage/users/pdarbani/Mehrshad/Transformer/v4.0/pretrained-isolation-framework/outputs/imagenetv2/resnet18/resnet18_imagenetv2_layerwise.json
resnet18_imagenetv2,5,layer2.0.conv2,INT4__2to4,INT4,4,4,2to4,2,4,0.5,38.2,60.24,21.18,20.690000000000005,14.466522671282291,True,succeeded,/storage/users/pdarbani/Mehrshad/Transformer/v4.0/pretrained-isolation-framework/outputs/imagenetv2/resnet18/resnet18_imagenetv2_layerwise.json
resnet18_imagenetv2,5,layer2.0.conv2,INT4__3to8,INT4,4,4,3to8,3,8,0.625,34.67,55.32,24.71,25.610000000000007,14.4988400824368,True,succeeded,/storage/users/pdarbani/Mehrshad/Transformer/v4.0/pretrained-isolation-framework/outputs/imagenetv2/resnet18/resnet18_imagenetv2_layerwise.json
resnet18_imagenetv2,5,layer2.0.conv2,INT4__4to8,INT4,4,4,4to8,4,8,0.5,38.55,60.04,20.830000000000005,20.890000000000008,14.211092812940478,True,succeeded,/storage/users/pdarbani/Mehrshad/Transformer/v4.0/pretrained-isolation-framework/outputs/imagenetv2/resnet18/resnet18_imagenetv2_layerwise.json
resnet18_imagenetv2,5,layer2.0.conv2,INT4__dense,INT4,4,4,dense,,,0.0,42.34,64.88,17.04,16.05000000000001,14.571950329467654,True,succeeded,/storage/users/pdarbani/Mehrshad/Transformer/v4.0/pretrained-isolation-framework/outputs/imagenetv2/resnet18/resnet18_imagenetv2_layerwise.json
resnet18_imagenetv2,5,layer2.0.conv2,INT6__2to4,INT6,6,6,2to4,2,4,0.5,55.73,78.13,3.6500000000000057,2.8000000000000114,14.297417525202036,True,succeeded,/storage/users/pdarbani/Mehrshad/Transformer/v4.0/pretrained-isolation-framework/outputs/imagenetv2/resnet18/resnet18_imagenetv2_layerwise.json
resnet18_imagenetv2,5,layer2.0.conv2,INT6__3to8,INT6,6,6,3to8,3,8,0.625,52.29,75.31,7.090000000000003,5.6200000000000045,14.344071734696627,True,succeeded,/storage/users/pdarbani/Mehrshad/Transformer/v4.0/pretrained-isolation-framework/outputs/imagenetv2/resnet18/resnet18_imagenetv2_layerwise.json
resnet18_imagenetv2,5,layer2.0.conv2,INT6__4to8,INT6,6,6,4to8,4,8,0.5,56.73,79.26,2.6500000000000057,1.6700000000000017,14.459971010684967,True,succeeded,/storage/users/pdarbani/Mehrshad/Transformer/v4.0/pretrained-isolation-framework/outputs/imagenetv2/resnet18/resnet18_imagenetv2_layerwise.json
resnet18_imagenetv2,5,layer2.0.conv2,INT6__dense,INT6,6,6,dense,,,0.0,59.07,80.85,0.3100000000000023,0.0800000000000125,14.259681221097708,True,succeeded,/storage/users/pdarbani/Mehrshad/Transformer/v4.0/pretrained-isolation-framework/outputs/imagenetv2/resnet18/resnet18_imagenetv2_layerwise.json
resnet18_imagenetv2,5,layer2.0.conv2,INT8__2to4,INT8,8,8,2to4,2,4,0.5,56.06,78.68,3.3200000000000003,2.25,14.519099136814475,True,succeeded,/storage/users/pdarbani/Mehrshad/Transformer/v4.0/pretrained-isolation-framework/outputs/imagenetv2/resnet18/resnet18_imagenetv2_layerwise.json
resnet18_imagenetv2,5,layer2.0.conv2,INT8__3to8,INT8,8,8,3to8,3,8,0.625,53.31,75.97,6.07,4.960000000000008,14.259784393012524,True,succeeded,/storage/users/pdarbani/Mehrshad/Transformer/v4.0/pretrained-isolation-framework/outputs/imagenetv2/resnet18/resnet18_imagenetv2_layerwise.json
resnet18_imagenetv2,5,layer2.0.conv2,INT8__4to8,INT8,8,8,4to8,4,8,0.5,57.31,79.66,2.0700000000000003,1.2700000000000102,14.419374357908964,True,succeeded,/storage/users/pdarbani/Mehrshad/Transformer/v4.0/pretrained-isolation-framework/outputs/imagenetv2/resnet18/resnet18_imagenetv2_layerwise.json
resnet18_imagenetv2,5,layer2.0.conv2,INT8__dense,INT8,8,8,dense,,,0.0,59.31,80.99,0.07000000000000028,-0.05999999999998806,14.45579863153398,True,succeeded,/storage/users/pdarbani/Mehrshad/Transformer/v4.0/pretrained-isolation-framework/outputs/imagenetv2/resnet18/resnet18_imagenetv2_layerwise.json
resnet18_imagenetv2,6,layer2.0.downsample.0,FP32__2to4,FP32,32,32,2to4,2,4,0.5,58.35,80.25,1.0300000000000011,0.6800000000000068,14.285605715587735,True,succeeded,/storage/users/pdarbani/Mehrshad/Transformer/v4.0/pretrained-isolation-framework/outputs/imagenetv2/resnet18/resnet18_imagenetv2_layerwise.json
resnet18_imagenetv2,6,layer2.0.downsample.0,FP32__3to8,FP32,32,32,3to8,3,8,0.625,57.2,79.59,2.1799999999999997,1.3400000000000034,14.577405828982592,True,succeeded,/storage/users/pdarbani/Mehrshad/Transformer/v4.0/pretrained-isolation-framework/outputs/imagenetv2/resnet18/resnet18_imagenetv2_layerwise.json
resnet18_imagenetv2,6,layer2.0.downsample.0,FP32__4to8,FP32,32,32,4to8,4,8,0.5,58.68,80.58,0.7000000000000028,0.3500000000000085,14.54984749108553,True,succeeded,/storage/users/pdarbani/Mehrshad/Transformer/v4.0/pretrained-isolation-framework/outputs/imagenetv2/resnet18/resnet18_imagenetv2_layerwise.json
resnet18_imagenetv2,6,layer2.0.downsample.0,FP32__dense,FP32,32,32,dense,,,0.0,59.38,80.93,0.0,0.0,14.594350319355726,True,succeeded,/storage/users/pdarbani/Mehrshad/Transformer/v4.0/pretrained-isolation-framework/outputs/imagenetv2/resnet18/resnet18_imagenetv2_layerwise.json
resnet18_imagenetv2,6,layer2.0.downsample.0,INT4__2to4,INT4,4,4,2to4,2,4,0.5,28.12,47.18,31.26,33.75000000000001,14.578467290848494,True,succeeded,/storage/users/pdarbani/Mehrshad/Transformer/v4.0/pretrained-isolation-framework/outputs/imagenetv2/resnet18/resnet18_imagenetv2_layerwise.json
resnet18_imagenetv2,6,layer2.0.downsample.0,INT4__3to8,INT4,4,4,3to8,3,8,0.625,25.03,42.82,34.35,38.11000000000001,14.619203507900238,True,succeeded,/storage/users/pdarbani/Mehrshad/Transformer/v4.0/pretrained-isolation-framework/outputs/imagenetv2/resnet18/resnet18_imagenetv2_layerwise.json
resnet18_imagenetv2,6,layer2.0.downsample.0,INT4__4to8,INT4,4,4,4to8,4,8,0.5,25.04,43.03,34.34,37.900000000000006,14.416782356798649,True,succeeded,/storage/users/pdarbani/Mehrshad/Transformer/v4.0/pretrained-isolation-framework/outputs/imagenetv2/resnet18/resnet18_imagenetv2_layerwise.json
resnet18_imagenetv2,6,layer2.0.downsample.0,INT4__dense,INT4,4,4,dense,,,0.0,26.83,45.05,32.550000000000004,35.88000000000001,14.483384631574154,True,succeeded,/storage/users/pdarbani/Mehrshad/Transformer/v4.0/pretrained-isolation-framework/outputs/imagenetv2/resnet18/resnet18_imagenetv2_layerwise.json
resnet18_imagenetv2,6,layer2.0.downsample.0,INT6__2to4,INT6,6,6,2to4,2,4,0.5,57.81,79.93,1.5700000000000003,1.0,14.236177625134587,True,succeeded,/storage/users/pdarbani/Mehrshad/Transformer/v4.0/pretrained-isolation-framework/outputs/imagenetv2/resnet18/resnet18_imagenetv2_layerwise.json
resnet18_imagenetv2,6,layer2.0.downsample.0,INT6__3to8,INT6,6,6,3to8,3,8,0.625,56.6,79.4,2.780000000000001,1.5300000000000011,14.174505608156323,True,succeeded,/storage/users/pdarbani/Mehrshad/Transformer/v4.0/pretrained-isolation-framework/outputs/imagenetv2/resnet18/resnet18_imagenetv2_layerwise.json
resnet18_imagenetv2,6,layer2.0.downsample.0,INT6__4to8,INT6,6,6,4to8,4,8,0.5,58.05,80.4,1.3300000000000054,0.5300000000000011,14.177495492622256,True,succeeded,/storage/users/pdarbani/Mehrshad/Transformer/v4.0/pretrained-isolation-framework/outputs/imagenetv2/resnet18/resnet18_imagenetv2_layerwise.json
resnet18_imagenetv2,6,layer2.0.downsample.0,INT6__dense,INT6,6,6,dense,,,0.0,58.95,80.69,0.4299999999999997,0.2400000000000091,14.304787827655673,True,succeeded,/storage/users/pdarbani/Mehrshad/Transformer/v4.0/pretrained-isolation-framework/outputs/imagenetv2/resnet18/resnet18_imagenetv2_layerwise.json
resnet18_imagenetv2,6,layer2.0.downsample.0,INT8__2to4,INT8,8,8,2to4,2,4,0.5,58.3,80.33,1.0800000000000054,0.6000000000000085,14.228608850389719,True,succeeded,/storage/users/pdarbani/Mehrshad/Transformer/v4.0/pretrained-isolation-framework/outputs/imagenetv2/resnet18/resnet18_imagenetv2_layerwise.json
resnet18_imagenetv2,6,layer2.0.downsample.0,INT8__3to8,INT8,8,8,3to8,3,8,0.625,57.33,79.57,2.0500000000000043,1.3600000000000136,14.685328226536512,True,succeeded,/storage/users/pdarbani/Mehrshad/Transformer/v4.0/pretrained-isolation-framework/outputs/imagenetv2/resnet18/resnet18_imagenetv2_layerwise.json
resnet18_imagenetv2,6,layer2.0.downsample.0,INT8__4to8,INT8,8,8,4to8,4,8,0.5,58.61,80.67,0.7700000000000031,0.2600000000000051,14.657081300392747,True,succeeded,/storage/users/pdarbani/Mehrshad/Transformer/v4.0/pretrained-isolation-framework/outputs/imagenetv2/resnet18/resnet18_imagenetv2_layerwise.json
resnet18_imagenetv2,6,layer2.0.downsample.0,INT8__dense,INT8,8,8,dense,,,0.0,59.22,80.9,0.1600000000000037,0.030000000000001137,14.326695080846548,True,succeeded,/storage/users/pdarbani/Mehrshad/Transformer/v4.0/pretrained-isolation-framework/outputs/imagenetv2/resnet18/resnet18_imagenetv2_layerwise.json
resnet18_imagenetv2,7,layer2.1.conv1,FP32__2to4,FP32,32,32,2to4,2,4,0.5,55.64,77.89,3.740000000000002,3.0400000000000063,14.329166438430548,True,succeeded,/storage/users/pdarbani/Mehrshad/Transformer/v4.0/pretrained-isolation-framework/outputs/imagenetv2/resnet18/resnet18_imagenetv2_layerwise.json
resnet18_imagenetv2,7,layer2.1.conv1,FP32__3to8,FP32,32,32,3to8,3,8,0.625,52.4,74.96,6.980000000000004,5.970000000000013,14.411925641819835,True,succeeded,/storage/users/pdarbani/Mehrshad/Transformer/v4.0/pretrained-isolation-framework/outputs/imagenetv2/resnet18/resnet18_imagenetv2_layerwise.json
resnet18_imagenetv2,7,layer2.1.conv1,FP32__4to8,FP32,32,32,4to8,4,8,0.5,56.63,78.98,2.75,1.9500000000000028,14.482477694749832,True,succeeded,/storage/users/pdarbani/Mehrshad/Transformer/v4.0/pretrained-isolation-framework/outputs/imagenetv2/resnet18/resnet18_imagenetv2_layerwise.json
resnet18_imagenetv2,7,layer2.1.conv1,FP32__dense,FP32,32,32,dense,,,0.0,59.38,80.93,0.0,0.0,14.506788304075599,True,succeeded,/storage/users/pdarbani/Mehrshad/Transformer/v4.0/pretrained-isolation-framework/outputs/imagenetv2/resnet18/resnet18_imagenetv2_layerwise.json
resnet18_imagenetv2,7,layer2.1.conv1,INT4__2to4,INT4,4,4,2to4,2,4,0.5,33.39,55.33,25.990000000000002,25.60000000000001,14.214668983593583,True,succeeded,/storage/users/pdarbani/Mehrshad/Transformer/v4.0/pretrained-isolation-framework/outputs/imagenetv2/resnet18/resnet18_imagenetv2_layerwise.json
resnet18_imagenetv2,7,layer2.1.conv1,INT4__3to8,INT4,4,4,3to8,3,8,0.625,30.22,52.07,29.160000000000004,28.860000000000007,14.676941527053714,True,succeeded,/storage/users/pdarbani/Mehrshad/Transformer/v4.0/pretrained-isolation-framework/outputs/imagenetv2/resnet18/resnet18_imagenetv2_layerwise.json
resnet18_imagenetv2,7,layer2.1.conv1,INT4__4to8,INT4,4,4,4to8,4,8,0.5,33.91,55.57,25.470000000000006,25.360000000000007,14.304113844409585,True,succeeded,/storage/users/pdarbani/Mehrshad/Transformer/v4.0/pretrained-isolation-framework/outputs/imagenetv2/resnet18/resnet18_imagenetv2_layerwise.json
resnet18_imagenetv2,7,layer2.1.conv1,INT4__dense,INT4,4,4,dense,,,0.0,33.48,54.64,25.900000000000006,26.290000000000006,14.37840704061091,True,succeeded,/storage/users/pdarbani/Mehrshad/Transformer/v4.0/pretrained-isolation-framework/outputs/imagenetv2/resnet18/resnet18_imagenetv2_layerwise.json
resnet18_imagenetv2,7,layer2.1.conv1,INT6__2to4,INT6,6,6,2to4,2,4,0.5,55.16,77.76,4.220000000000006,3.1700000000000017,14.884113743901253,True,succeeded,/storage/users/pdarbani/Mehrshad/Transformer/v4.0/pretrained-isolation-framework/outputs/imagenetv2/resnet18/resnet18_imagenetv2_layerwise.json
resnet18_imagenetv2,7,layer2.1.conv1,INT6__3to8,INT6,6,6,3to8,3,8,0.625,51.67,74.22,7.710000000000001,6.710000000000008,14.701559154316783,True,succeeded,/storage/users/pdarbani/Mehrshad/Transformer/v4.0/pretrained-isolation-framework/outputs/imagenetv2/resnet18/resnet18_imagenetv2_layerwise.json
resnet18_imagenetv2,7,layer2.1.conv1,INT6__4to8,INT6,6,6,4to8,4,8,0.5,56.19,78.59,3.190000000000005,2.3400000000000034,14.461254265159369,True,succeeded,/storage/users/pdarbani/Mehrshad/Transformer/v4.0/pretrained-isolation-framework/outputs/imagenetv2/resnet18/resnet18_imagenetv2_layerwise.json
resnet18_imagenetv2,7,layer2.1.conv1,INT6__dense,INT6,6,6,dense,,,0.0,58.86,80.68,0.5200000000000031,0.25,14.91248364187777,True,succeeded,/storage/users/pdarbani/Mehrshad/Transformer/v4.0/pretrained-isolation-framework/outputs/imagenetv2/resnet18/resnet18_imagenetv2_layerwise.json
resnet18_imagenetv2,7,layer2.1.conv1,INT8__2to4,INT8,8,8,2to4,2,4,0.5,55.56,77.84,3.8200000000000003,3.0900000000000034,14.528170887380838,True,succeeded,/storage/users/pdarbani/Mehrshad/Transformer/v4.0/pretrained-isolation-framework/outputs/imagenetv2/resnet18/resnet18_imagenetv2_layerwise.json
resnet18_imagenetv2,7,layer2.1.conv1,INT8__3to8,INT8,8,8,3to8,3,8,0.625,52.35,74.95,7.030000000000001,5.980000000000004,14.348994279280305,True,succeeded,/storage/users/pdarbani/Mehrshad/Transformer/v4.0/pretrained-isolation-framework/outputs/imagenetv2/resnet18/resnet18_imagenetv2_layerwise.json
resnet18_imagenetv2,7,layer2.1.conv1,INT8__4to8,INT8,8,8,4to8,4,8,0.5,56.59,78.92,2.789999999999999,2.010000000000005,14.837983626872301,True,succeeded,/storage/users/pdarbani/Mehrshad/Transformer/v4.0/pretrained-isolation-framework/outputs/imagenetv2/resnet18/resnet18_imagenetv2_layerwise.json
resnet18_imagenetv2,7,layer2.1.conv1,INT8__dense,INT8,8,8,dense,,,0.0,59.27,80.98,0.10999999999999943,-0.04999999999999716,14.412424188107252,True,succeeded,/storage/users/pdarbani/Mehrshad/Transformer/v4.0/pretrained-isolation-framework/outputs/imagenetv2/resnet18/resnet18_imagenetv2_layerwise.json
resnet18_imagenetv2,8,layer2.1.conv2,FP32__2to4,FP32,32,32,2to4,2,4,0.5,58.53,80.31,0.8500000000000014,0.6200000000000045,14.281184028834105,True,succeeded,/storage/users/pdarbani/Mehrshad/Transformer/v4.0/pretrained-isolation-framework/outputs/imagenetv2/resnet18/resnet18_imagenetv2_layerwise.json
resnet18_imagenetv2,8,layer2.1.conv2,FP32__3to8,FP32,32,32,3to8,3,8,0.625,58.04,80.1,1.3400000000000034,0.8300000000000125,14.65322482958436,True,succeeded,/storage/users/pdarbani/Mehrshad/Transformer/v4.0/pretrained-isolation-framework/outputs/imagenetv2/resnet18/resnet18_imagenetv2_layerwise.json
resnet18_imagenetv2,8,layer2.1.conv2,FP32__4to8,FP32,32,32,4to8,4,8,0.5,58.72,80.45,0.6600000000000037,0.480000000000004,14.38918874785304,True,succeeded,/storage/users/pdarbani/Mehrshad/Transformer/v4.0/pretrained-isolation-framework/outputs/imagenetv2/resnet18/resnet18_imagenetv2_layerwise.json
resnet18_imagenetv2,8,layer2.1.conv2,FP32__dense,FP32,32,32,dense,,,0.0,59.38,80.93,0.0,0.0,14.560403877869248,True,succeeded,/storage/users/pdarbani/Mehrshad/Transformer/v4.0/pretrained-isolation-framework/outputs/imagenetv2/resnet18/resnet18_imagenetv2_layerwise.json
resnet18_imagenetv2,8,layer2.1.conv2,INT4__2to4,INT4,4,4,2to4,2,4,0.5,49.89,72.98,9.490000000000002,7.950000000000003,14.293303174898028,True,succeeded,/storage/users/pdarbani/Mehrshad/Transformer/v4.0/pretrained-isolation-framework/outputs/imagenetv2/resnet18/resnet18_imagenetv2_layerwise.json
resnet18_imagenetv2,8,layer2.1.conv2,INT4__3to8,INT4,4,4,3to8,3,8,0.625,50.86,73.96,8.520000000000003,6.970000000000013,14.569125659763813,True,succeeded,/storage/users/pdarbani/Mehrshad/Transformer/v4.0/pretrained-isolation-framework/outputs/imagenetv2/resnet18/resnet18_imagenetv2_layerwise.json
resnet18_imagenetv2,8,layer2.1.conv2,INT4__4to8,INT4,4,4,4to8,4,8,0.5,51.29,74.17,8.090000000000003,6.760000000000005,14.319877227768302,True,succeeded,/storage/users/pdarbani/Mehrshad/Transformer/v4.0/pretrained-isolation-framework/outputs/imagenetv2/resnet18/resnet18_imagenetv2_layerwise.json
resnet18_imagenetv2,8,layer2.1.conv2,INT4__dense,INT4,4,4,dense,,,0.0,52.01,74.65,7.3700000000000045,6.280000000000001,14.225105293095112,True,succeeded,/storage/users/pdarbani/Mehrshad/Transformer/v4.0/pretrained-isolation-framework/outputs/imagenetv2/resnet18/resnet18_imagenetv2_layerwise.json
resnet18_imagenetv2,8,layer2.1.conv2,INT6__2to4,INT6,6,6,2to4,2,4,0.5,58.49,80.34,0.8900000000000006,0.5900000000000034,14.409616013988853,True,succeeded,/storage/users/pdarbani/Mehrshad/Transformer/v4.0/pretrained-isolation-framework/outputs/imagenetv2/resnet18/resnet18_imagenetv2_layerwise.json
resnet18_imagenetv2,8,layer2.1.conv2,INT6__3to8,INT6,6,6,3to8,3,8,0.625,57.95,79.95,1.4299999999999997,0.980000000000004,14.177938984706998,True,succeeded,/storage/users/pdarbani/Mehrshad/Transformer/v4.0/pretrained-isolation-framework/outputs/imagenetv2/resnet18/resnet18_imagenetv2_layerwise.json
resnet18_imagenetv2,8,layer2.1.conv2,INT6__4to8,INT6,6,6,4to8,4,8,0.5,58.71,80.48,0.6700000000000017,0.45000000000000284,14.34208238683641,True,succeeded,/storage/users/pdarbani/Mehrshad/Transformer/v4.0/pretrained-isolation-framework/outputs/imagenetv2/resnet18/resnet18_imagenetv2_layerwise.json
resnet18_imagenetv2,8,layer2.1.conv2,INT6__dense,INT6,6,6,dense,,,0.0,59.4,80.95,-0.01999999999999602,-0.01999999999999602,14.316780149936676,True,succeeded,/storage/users/pdarbani/Mehrshad/Transformer/v4.0/pretrained-isolation-framework/outputs/imagenetv2/resnet18/resnet18_imagenetv2_layerwise.json
resnet18_imagenetv2,8,layer2.1.conv2,INT8__2to4,INT8,8,8,2to4,2,4,0.5,58.52,80.4,0.8599999999999994,0.5300000000000011,14.546621264889836,True,succeeded,/storage/users/pdarbani/Mehrshad/Transformer/v4.0/pretrained-isolation-framework/outputs/imagenetv2/resnet18/resnet18_imagenetv2_layerwise.json
resnet18_imagenetv2,8,layer2.1.conv2,INT8__3to8,INT8,8,8,3to8,3,8,0.625,57.98,80.13,1.4000000000000057,0.8000000000000114,14.534837717190385,True,succeeded,/storage/users/pdarbani/Mehrshad/Transformer/v4.0/pretrained-isolation-framework/outputs/imagenetv2/resnet18/resnet18_imagenetv2_layerwise.json
resnet18_imagenetv2,8,layer2.1.conv2,INT8__4to8,INT8,8,8,4to8,4,8,0.5,58.64,80.4,0.740000000000002,0.5300000000000011,14.55425787717104,True,succeeded,/storage/users/pdarbani/Mehrshad/Transformer/v4.0/pretrained-isolation-framework/outputs/imagenetv2/resnet18/resnet18_imagenetv2_layerwise.json
resnet18_imagenetv2,8,layer2.1.conv2,INT8__dense,INT8,8,8,dense,,,0.0,59.31,81.02,0.07000000000000028,-0.0899999999999892,14.1933314781636,True,succeeded,/storage/users/pdarbani/Mehrshad/Transformer/v4.0/pretrained-isolation-framework/outputs/imagenetv2/resnet18/resnet18_imagenetv2_layerwise.json
resnet18_imagenetv2,9,layer3.0.conv1,FP32__2to4,FP32,32,32,2to4,2,4,0.5,56.45,78.9,2.9299999999999997,2.030000000000001,14.327075013890862,True,succeeded,/storage/users/pdarbani/Mehrshad/Transformer/v4.0/pretrained-isolation-framework/outputs/imagenetv2/resnet18/resnet18_imagenetv2_layerwise.json
resnet18_imagenetv2,9,layer3.0.conv1,FP32__3to8,FP32,32,32,3to8,3,8,0.625,54.55,77.08,4.830000000000005,3.8500000000000085,14.343846851959825,True,succeeded,/storage/users/pdarbani/Mehrshad/Transformer/v4.0/pretrained-isolation-framework/outputs/imagenetv2/resnet18/resnet18_imagenetv2_layerwise.json
resnet18_imagenetv2,9,layer3.0.conv1,FP32__4to8,FP32,32,32,4to8,4,8,0.5,57.03,78.8,2.3500000000000014,2.1300000000000097,14.195519108325243,True,succeeded,/storage/users/pdarbani/Mehrshad/Transformer/v4.0/pretrained-isolation-framework/outputs/imagenetv2/resnet18/resnet18_imagenetv2_layerwise.json
resnet18_imagenetv2,9,layer3.0.conv1,FP32__dense,FP32,32,32,dense,,,0.0,59.38,80.93,0.0,0.0,14.43314054608345,True,succeeded,/storage/users/pdarbani/Mehrshad/Transformer/v4.0/pretrained-isolation-framework/outputs/imagenetv2/resnet18/resnet18_imagenetv2_layerwise.json
resnet18_imagenetv2,9,layer3.0.conv1,INT4__2to4,INT4,4,4,2to4,2,4,0.5,44.32,67.58,15.060000000000002,13.350000000000009,14.555808765813708,True,succeeded,/storage/users/pdarbani/Mehrshad/Transformer/v4.0/pretrained-isolation-framework/outputs/imagenetv2/resnet18/resnet18_imagenetv2_layerwise.json
resnet18_imagenetv2,9,layer3.0.conv1,INT4__3to8,INT4,4,4,3to8,3,8,0.625,42.46,65.27,16.92,15.66000000000001,14.199826946482062,True,succeeded,/storage/users/pdarbani/Mehrshad/Transformer/v4.0/pretrained-isolation-framework/outputs/imagenetv2/resnet18/resnet18_imagenetv2_layerwise.json
resnet18_imagenetv2,9,layer3.0.conv1,INT4__4to8,INT4,4,4,4to8,4,8,0.5,44.58,67.56,14.800000000000004,13.370000000000005,14.35665513575077,True,succeeded,/storage/users/pdarbani/Mehrshad/Transformer/v4.0/pretrained-isolation-framework/outputs/imagenetv2/resnet18/resnet18_imagenetv2_layerwise.json
resnet18_imagenetv2,9,layer3.0.conv1,INT4__dense,INT4,4,4,dense,,,0.0,45.4,67.93,13.980000000000004,13.0,14.573606656864285,True,succeeded,/storage/users/pdarbani/Mehrshad/Transformer/v4.0/pretrained-isolation-framework/outputs/imagenetv2/resnet18/resnet18_imagenetv2_layerwise.json
resnet18_imagenetv2,9,layer3.0.conv1,INT6__2to4,INT6,6,6,2to4,2,4,0.5,56.27,78.97,3.1099999999999994,1.960000000000008,14.266152510419488,True,succeeded,/storage/users/pdarbani/Mehrshad/Transformer/v4.0/pretrained-isolation-framework/outputs/imagenetv2/resnet18/resnet18_imagenetv2_layerwise.json
resnet18_imagenetv2,9,layer3.0.conv1,INT6__3to8,INT6,6,6,3to8,3,8,0.625,54.1,76.84,5.280000000000001,4.090000000000003,14.637611828744411,True,succeeded,/storage/users/pdarbani/Mehrshad/Transformer/v4.0/pretrained-isolation-framework/outputs/imagenetv2/resnet18/resnet18_imagenetv2_layerwise.json
resnet18_imagenetv2,9,layer3.0.conv1,INT6__4to8,INT6,6,6,4to8,4,8,0.5,56.37,78.72,3.010000000000005,2.210000000000008,14.328400483354926,True,succeeded,/storage/users/pdarbani/Mehrshad/Transformer/v4.0/pretrained-isolation-framework/outputs/imagenetv2/resnet18/resnet18_imagenetv2_layerwise.json
resnet18_imagenetv2,9,layer3.0.conv1,INT6__dense,INT6,6,6,dense,,,0.0,59.01,80.82,0.37000000000000455,0.11000000000001364,14.56031372398138,True,succeeded,/storage/users/pdarbani/Mehrshad/Transformer/v4.0/pretrained-isolation-framework/outputs/imagenetv2/resnet18/resnet18_imagenetv2_layerwise.json
resnet18_imagenetv2,9,layer3.0.conv1,INT8__2to4,INT8,8,8,2to4,2,4,0.5,56.36,78.89,3.020000000000003,2.0400000000000063,14.392652206122875,True,succeeded,/storage/users/pdarbani/Mehrshad/Transformer/v4.0/pretrained-isolation-framework/outputs/imagenetv2/resnet18/resnet18_imagenetv2_layerwise.json
resnet18_imagenetv2,9,layer3.0.conv1,INT8__3to8,INT8,8,8,3to8,3,8,0.625,54.39,76.93,4.990000000000002,4.0,14.5219289008528,True,succeeded,/storage/users/pdarbani/Mehrshad/Transformer/v4.0/pretrained-isolation-framework/outputs/imagenetv2/resnet18/resnet18_imagenetv2_layerwise.json
resnet18_imagenetv2,9,layer3.0.conv1,INT8__4to8,INT8,8,8,4to8,4,8,0.5,56.8,78.76,2.5800000000000054,2.1700000000000017,14.260604215785861,True,succeeded,/storage/users/pdarbani/Mehrshad/Transformer/v4.0/pretrained-isolation-framework/outputs/imagenetv2/resnet18/resnet18_imagenetv2_layerwise.json
resnet18_imagenetv2,9,layer3.0.conv1,INT8__dense,INT8,8,8,dense,,,0.0,59.28,80.97,0.10000000000000142,-0.03999999999999204,14.395807506516576,True,succeeded,/storage/users/pdarbani/Mehrshad/Transformer/v4.0/pretrained-isolation-framework/outputs/imagenetv2/resnet18/resnet18_imagenetv2_layerwise.json
resnet18_imagenetv2,10,layer3.0.conv2,FP32__2to4,FP32,32,32,2to4,2,4,0.5,58.35,80.1,1.0300000000000011,0.8300000000000125,14.344745451584458,True,succeeded,/storage/users/pdarbani/Mehrshad/Transformer/v4.0/pretrained-isolation-framework/outputs/imagenetv2/resnet18/resnet18_imagenetv2_layerwise.json
resnet18_imagenetv2,10,layer3.0.conv2,FP32__3to8,FP32,32,32,3to8,3,8,0.625,57.63,79.95,1.75,0.980000000000004,14.545986911281943,True,succeeded,/storage/users/pdarbani/Mehrshad/Transformer/v4.0/pretrained-isolation-framework/outputs/imagenetv2/resnet18/resnet18_imagenetv2_layerwise.json
resnet18_imagenetv2,10,layer3.0.conv2,FP32__4to8,FP32,32,32,4to8,4,8,0.5,58.67,80.39,0.7100000000000009,0.5400000000000063,14.285523034632206,True,succeeded,/storage/users/pdarbani/Mehrshad/Transformer/v4.0/pretrained-isolation-framework/outputs/imagenetv2/resnet18/resnet18_imagenetv2_layerwise.json
resnet18_imagenetv2,10,layer3.0.conv2,FP32__dense,FP32,32,32,dense,,,0.0,59.38,80.93,0.0,0.0,14.328216398134828,True,succeeded,/storage/users/pdarbani/Mehrshad/Transformer/v4.0/pretrained-isolation-framework/outputs/imagenetv2/resnet18/resnet18_imagenetv2_layerwise.json
resnet18_imagenetv2,10,layer3.0.conv2,INT4__2to4,INT4,4,4,2to4,2,4,0.5,50.52,73.6,8.86,7.3300000000000125,14.18406624533236,True,succeeded,/storage/users/pdarbani/Mehrshad/Transformer/v4.0/pretrained-isolation-framework/outputs/imagenetv2/resnet18/resnet18_imagenetv2_layerwise.json
resnet18_imagenetv2,10,layer3.0.conv2,INT4__3to8,INT4,4,4,3to8,3,8,0.625,49.31,72.68,10.07,8.25,14.380089143291116,True,succeeded,/storage/users/pdarbani/Mehrshad/Transformer/v4.0/pretrained-isolation-framework/outputs/imagenetv2/resnet18/resnet18_imagenetv2_layerwise.json
resnet18_imagenetv2,10,layer3.0.conv2,INT4__4to8,INT4,4,4,4to8,4,8,0.5,51.68,74.78,7.700000000000003,6.150000000000006,14.20524200424552,True,succeeded,/storage/users/pdarbani/Mehrshad/Transformer/v4.0/pretrained-isolation-framework/outputs/imagenetv2/resnet18/resnet18_imagenetv2_layerwise.json
resnet18_imagenetv2,10,layer3.0.conv2,INT4__dense,INT4,4,4,dense,,,0.0,53.3,76.01,6.080000000000005,4.920000000000002,14.703592302277684,True,succeeded,/storage/users/pdarbani/Mehrshad/Transformer/v4.0/pretrained-isolation-framework/outputs/imagenetv2/resnet18/resnet18_imagenetv2_layerwise.json
resnet18_imagenetv2,10,layer3.0.conv2,INT6__2to4,INT6,6,6,2to4,2,4,0.5,58.28,80.08,1.1000000000000014,0.8500000000000085,14.342577513307333,True,succeeded,/storage/users/pdarbani/Mehrshad/Transformer/v4.0/pretrained-isolation-framework/outputs/imagenetv2/resnet18/resnet18_imagenetv2_layerwise.json
resnet18_imagenetv2,10,layer3.0.conv2,INT6__3to8,INT6,6,6,3to8,3,8,0.625,57.56,79.88,1.8200000000000003,1.0500000000000114,14.817215854302049,True,succeeded,/storage/users/pdarbani/Mehrshad/Transformer/v4.0/pretrained-isolation-framework/outputs/imagenetv2/resnet18/resnet18_imagenetv2_layerwise.json
resnet18_imagenetv2,10,layer3.0.conv2,INT6__4to8,INT6,6,6,4to8,4,8,0.5,58.41,80.23,0.970000000000006,0.7000000000000028,14.698230536654592,True,succeeded,/storage/users/pdarbani/Mehrshad/Transformer/v4.0/pretrained-isolation-framework/outputs/imagenetv2/resnet18/resnet18_imagenetv2_layerwise.json
resnet18_imagenetv2,10,layer3.0.conv2,INT6__dense,INT6,6,6,dense,,,0.0,59.07,80.89,0.3100000000000023,0.04000000000000625,14.757365945726633,True,succeeded,/storage/users/pdarbani/Mehrshad/Transformer/v4.0/pretrained-isolation-framework/outputs/imagenetv2/resnet18/resnet18_imagenetv2_layerwise.json
resnet18_imagenetv2,10,layer3.0.conv2,INT8__2to4,INT8,8,8,2to4,2,4,0.5,58.41,80.1,0.970000000000006,0.8300000000000125,14.216068221256137,True,succeeded,/storage/users/pdarbani/Mehrshad/Transformer/v4.0/pretrained-isolation-framework/outputs/imagenetv2/resnet18/resnet18_imagenetv2_layerwise.json
resnet18_imagenetv2,10,layer3.0.conv2,INT8__3to8,INT8,8,8,3to8,3,8,0.625,57.66,80.01,1.720000000000006,0.9200000000000017,14.533670665696263,True,succeeded,/storage/users/pdarbani/Mehrshad/Transformer/v4.0/pretrained-isolation-framework/outputs/imagenetv2/resnet18/resnet18_imagenetv2_layerwise.json
resnet18_imagenetv2,10,layer3.0.conv2,INT8__4to8,INT8,8,8,4to8,4,8,0.5,58.74,80.31,0.6400000000000006,0.6200000000000045,14.516806678846478,True,succeeded,/storage/users/pdarbani/Mehrshad/Transformer/v4.0/pretrained-isolation-framework/outputs/imagenetv2/resnet18/resnet18_imagenetv2_layerwise.json
resnet18_imagenetv2,10,layer3.0.conv2,INT8__dense,INT8,8,8,dense,,,0.0,59.36,81.03,0.020000000000003126,-0.09999999999999432,14.566653372719884,True,succeeded,/storage/users/pdarbani/Mehrshad/Transformer/v4.0/pretrained-isolation-framework/outputs/imagenetv2/resnet18/resnet18_imagenetv2_layerwise.json
resnet18_imagenetv2,11,layer3.0.downsample.0,FP32__2to4,FP32,32,32,2to4,2,4,0.5,58.72,80.51,0.6600000000000037,0.4200000000000017,14.260367253795266,True,succeeded,/storage/users/pdarbani/Mehrshad/Transformer/v4.0/pretrained-isolation-framework/outputs/imagenetv2/resnet18/resnet18_imagenetv2_layerwise.json
resnet18_imagenetv2,11,layer3.0.downsample.0,FP32__3to8,FP32,32,32,3to8,3,8,0.625,58.87,80.49,0.5100000000000051,0.44000000000001194,14.862383721396327,True,succeeded,/storage/users/pdarbani/Mehrshad/Transformer/v4.0/pretrained-isolation-framework/outputs/imagenetv2/resnet18/resnet18_imagenetv2_layerwise.json
resnet18_imagenetv2,11,layer3.0.downsample.0,FP32__4to8,FP32,32,32,4to8,4,8,0.5,59.08,80.65,0.30000000000000426,0.28000000000000114,14.242833578959107,True,succeeded,/storage/users/pdarbani/Mehrshad/Transformer/v4.0/pretrained-isolation-framework/outputs/imagenetv2/resnet18/resnet18_imagenetv2_layerwise.json
resnet18_imagenetv2,11,layer3.0.downsample.0,FP32__dense,FP32,32,32,dense,,,0.0,59.38,80.93,0.0,0.0,14.55166706815362,True,succeeded,/storage/users/pdarbani/Mehrshad/Transformer/v4.0/pretrained-isolation-framework/outputs/imagenetv2/resnet18/resnet18_imagenetv2_layerwise.json
resnet18_imagenetv2,11,layer3.0.downsample.0,INT4__2to4,INT4,4,4,2to4,2,4,0.5,56.41,78.96,2.970000000000006,1.970000000000013,14.531553039327264,True,succeeded,/storage/users/pdarbani/Mehrshad/Transformer/v4.0/pretrained-isolation-framework/outputs/imagenetv2/resnet18/resnet18_imagenetv2_layerwise.json
resnet18_imagenetv2,11,layer3.0.downsample.0,INT4__3to8,INT4,4,4,3to8,3,8,0.625,56.76,79.24,2.6200000000000045,1.690000000000012,14.694010253995657,True,succeeded,/storage/users/pdarbani/Mehrshad/Transformer/v4.0/pretrained-isolation-framework/outputs/imagenetv2/resnet18/resnet18_imagenetv2_layerwise.json
resnet18_imagenetv2,11,layer3.0.downsample.0,INT4__4to8,INT4,4,4,4to8,4,8,0.5,56.92,79.13,2.460000000000001,1.8000000000000114,14.501857763156295,True,succeeded,/storage/users/pdarbani/Mehrshad/Transformer/v4.0/pretrained-isolation-framework/outputs/imagenetv2/resnet18/resnet18_imagenetv2_layerwise.json
resnet18_imagenetv2,11,layer3.0.downsample.0,INT4__dense,INT4,4,4,dense,,,0.0,56.96,79.38,2.4200000000000017,1.5500000000000114,14.915172182023525,True,succeeded,/storage/users/pdarbani/Mehrshad/Transformer/v4.0/pretrained-isolation-framework/outputs/imagenetv2/resnet18/resnet18_imagenetv2_layerwise.json
resnet18_imagenetv2,11,layer3.0.downsample.0,INT6__2to4,INT6,6,6,2to4,2,4,0.5,58.72,80.49,0.6600000000000037,0.44000000000001194,14.735048681497574,True,succeeded,/storage/users/pdarbani/Mehrshad/Transformer/v4.0/pretrained-isolation-framework/outputs/imagenetv2/resnet18/resnet18_imagenetv2_layerwise.json
resnet18_imagenetv2,11,layer3.0.downsample.0,INT6__3to8,INT6,6,6,3to8,3,8,0.625,58.69,80.48,0.6900000000000048,0.45000000000000284,14.22368766926229,True,succeeded,/storage/users/pdarbani/Mehrshad/Transformer/v4.0/pretrained-isolation-framework/outputs/imagenetv2/resnet18/resnet18_imagenetv2_layerwise.json
resnet18_imagenetv2,11,layer3.0.downsample.0,INT6__4to8,INT6,6,6,4to8,4,8,0.5,59.01,80.58,0.37000000000000455,0.3500000000000085,14.505255118012428,True,succeeded,/storage/users/pdarbani/Mehrshad/Transformer/v4.0/pretrained-isolation-framework/outputs/imagenetv2/resnet18/resnet18_imagenetv2_layerwise.json
resnet18_imagenetv2,11,layer3.0.downsample.0,INT6__dense,INT6,6,6,dense,,,0.0,59.24,80.99,0.14000000000000057,-0.05999999999998806,14.630697999149561,True,succeeded,/storage/users/pdarbani/Mehrshad/Transformer/v4.0/pretrained-isolation-framework/outputs/imagenetv2/resnet18/resnet18_imagenetv2_layerwise.json
resnet18_imagenetv2,11,layer3.0.downsample.0,INT8__2to4,INT8,8,8,2to4,2,4,0.5,58.66,80.56,0.720000000000006,0.37000000000000455,14.23639577627182,True,succeeded,/storage/users/pdarbani/Mehrshad/Transformer/v4.0/pretrained-isolation-framework/outputs/imagenetv2/resnet18/resnet18_imagenetv2_layerwise.json
resnet18_imagenetv2,11,layer3.0.downsample.0,INT8__3to8,INT8,8,8,3to8,3,8,0.625,58.84,80.48,0.5399999999999991,0.45000000000000284,14.318674881011248,True,succeeded,/storage/users/pdarbani/Mehrshad/Transformer/v4.0/pretrained-isolation-framework/outputs/imagenetv2/resnet18/resnet18_imagenetv2_layerwise.json
resnet18_imagenetv2,11,layer3.0.downsample.0,INT8__4to8,INT8,8,8,4to8,4,8,0.5,59.05,80.65,0.3300000000000054,0.28000000000000114,14.569657064974308,True,succeeded,/storage/users/pdarbani/Mehrshad/Transformer/v4.0/pretrained-isolation-framework/outputs/imagenetv2/resnet18/resnet18_imagenetv2_layerwise.json
resnet18_imagenetv2,11,layer3.0.downsample.0,INT8__dense,INT8,8,8,dense,,,0.0,59.29,80.91,0.09000000000000341,0.020000000000010232,14.163862826302648,True,succeeded,/storage/users/pdarbani/Mehrshad/Transformer/v4.0/pretrained-isolation-framework/outputs/imagenetv2/resnet18/resnet18_imagenetv2_layerwise.json
resnet18_imagenetv2,12,layer3.1.conv1,FP32__2to4,FP32,32,32,2to4,2,4,0.5,57.82,79.4,1.5600000000000023,1.5300000000000011,14.526900451630354,True,succeeded,/storage/users/pdarbani/Mehrshad/Transformer/v4.0/pretrained-isolation-framework/outputs/imagenetv2/resnet18/resnet18_imagenetv2_layerwise.json
resnet18_imagenetv2,12,layer3.1.conv1,FP32__3to8,FP32,32,32,3to8,3,8,0.625,56.21,77.8,3.1700000000000017,3.1300000000000097,14.663646578788757,True,succeeded,/storage/users/pdarbani/Mehrshad/Transformer/v4.0/pretrained-isolation-framework/outputs/imagenetv2/resnet18/resnet18_imagenetv2_layerwise.json
resnet18_imagenetv2,12,layer3.1.conv1,FP32__4to8,FP32,32,32,4to8,4,8,0.5,57.82,79.54,1.5600000000000023,1.3900000000000006,14.353072579950094,True,succeeded,/storage/users/pdarbani/Mehrshad/Transformer/v4.0/pretrained-isolation-framework/outputs/imagenetv2/resnet18/resnet18_imagenetv2_layerwise.json
resnet18_imagenetv2,12,layer3.1.conv1,FP32__dense,FP32,32,32,dense,,,0.0,59.38,80.93,0.0,0.0,14.518813014030457,True,succeeded,/storage/users/pdarbani/Mehrshad/Transformer/v4.0/pretrained-isolation-framework/outputs/imagenetv2/resnet18/resnet18_imagenetv2_layerwise.json
resnet18_imagenetv2,12,layer3.1.conv1,INT4__2to4,INT4,4,4,2to4,2,4,0.5,18.58,34.02,40.800000000000004,46.910000000000004,14.725548516958952,True,succeeded,/storage/users/pdarbani/Mehrshad/Transformer/v4.0/pretrained-isolation-framework/outputs/imagenetv2/resnet18/resnet18_imagenetv2_layerwise.json
resnet18_imagenetv2,12,layer3.1.conv1,INT4__3to8,INT4,4,4,3to8,3,8,0.625,19.17,34.5,40.21,46.43000000000001,14.40536799095571,True,succeeded,/storage/users/pdarbani/Mehrshad/Transformer/v4.0/pretrained-isolation-framework/outputs/imagenetv2/resnet18/resnet18_imagenetv2_layerwise.json
resnet18_imagenetv2,12,layer3.1.conv1,INT4__4to8,INT4,4,4,4to8,4,8,0.5,19.8,35.21,39.58,45.720000000000006,14.580634657293558,True,succeeded,/storage/users/pdarbani/Mehrshad/Transformer/v4.0/pretrained-isolation-framework/outputs/imagenetv2/resnet18/resnet18_imagenetv2_layerwise.json
resnet18_imagenetv2,12,layer3.1.conv1,INT4__dense,INT4,4,4,dense,,,0.0,20.04,35.89,39.34,45.040000000000006,14.113180549815297,True,succeeded,/storage/users/pdarbani/Mehrshad/Transformer/v4.0/pretrained-isolation-framework/outputs/imagenetv2/resnet18/resnet18_imagenetv2_layerwise.json
resnet18_imagenetv2,12,layer3.1.conv1,INT6__2to4,INT6,6,6,2to4,2,4,0.5,57.55,79.1,1.8300000000000054,1.8300000000000125,14.45450134575367,True,succeeded,/storage/users/pdarbani/Mehrshad/Transformer/v4.0/pretrained-isolation-framework/outputs/imagenetv2/resnet18/resnet18_imagenetv2_layerwise.json
resnet18_imagenetv2,12,layer3.1.conv1,INT6__3to8,INT6,6,6,3to8,3,8,0.625,55.8,77.56,3.5800000000000054,3.3700000000000045,14.332304799929261,True,succeeded,/storage/users/pdarbani/Mehrshad/Transformer/v4.0/pretrained-isolation-framework/outputs/imagenetv2/resnet18/resnet18_imagenetv2_layerwise.json
resnet18_imagenetv2,12,layer3.1.conv1,INT6__4to8,INT6,6,6,4to8,4,8,0.5,57.54,79.48,1.8400000000000034,1.4500000000000028,14.4534367993474,True,succeeded,/storage/users/pdarbani/Mehrshad/Transformer/v4.0/pretrained-isolation-framework/outputs/imagenetv2/resnet18/resnet18_imagenetv2_layerwise.json
resnet18_imagenetv2,12,layer3.1.conv1,INT6__dense,INT6,6,6,dense,,,0.0,59.26,80.81,0.12000000000000455,0.12000000000000455,14.401315368711948,True,succeeded,/storage/users/pdarbani/Mehrshad/Transformer/v4.0/pretrained-isolation-framework/outputs/imagenetv2/resnet18/resnet18_imagenetv2_layerwise.json
resnet18_imagenetv2,12,layer3.1.conv1,INT8__2to4,INT8,8,8,2to4,2,4,0.5,57.75,79.33,1.6300000000000026,1.6000000000000085,14.292033903300762,True,succeeded,/storage/users/pdarbani/Mehrshad/Transformer/v4.0/pretrained-isolation-framework/outputs/imagenetv2/resnet18/resnet18_imagenetv2_layerwise.json
resnet18_imagenetv2,12,layer3.1.conv1,INT8__3to8,INT8,8,8,3to8,3,8,0.625,56.27,77.76,3.1099999999999994,3.1700000000000017,14.352983424440026,True,succeeded,/storage/users/pdarbani/Mehrshad/Transformer/v4.0/pretrained-isolation-framework/outputs/imagenetv2/resnet18/resnet18_imagenetv2_layerwise.json
resnet18_imagenetv2,12,layer3.1.conv1,INT8__4to8,INT8,8,8,4to8,4,8,0.5,57.76,79.63,1.6200000000000045,1.3000000000000114,14.134973485022783,True,succeeded,/storage/users/pdarbani/Mehrshad/Transformer/v4.0/pretrained-isolation-framework/outputs/imagenetv2/resnet18/resnet18_imagenetv2_layerwise.json
resnet18_imagenetv2,12,layer3.1.conv1,INT8__dense,INT8,8,8,dense,,,0.0,59.35,80.93,0.030000000000001137,0.0,14.695061696693301,True,succeeded,/storage/users/pdarbani/Mehrshad/Transformer/v4.0/pretrained-isolation-framework/outputs/imagenetv2/resnet18/resnet18_imagenetv2_layerwise.json
resnet18_imagenetv2,13,layer3.1.conv2,FP32__2to4,FP32,32,32,2to4,2,4,0.5,57.98,80.04,1.4000000000000057,0.8900000000000006,14.474668968468904,True,succeeded,/storage/users/pdarbani/Mehrshad/Transformer/v4.0/pretrained-isolation-framework/outputs/imagenetv2/resnet18/resnet18_imagenetv2_layerwise.json
resnet18_imagenetv2,13,layer3.1.conv2,FP32__3to8,FP32,32,32,3to8,3,8,0.625,57.42,79.58,1.9600000000000009,1.3500000000000085,14.614254362881184,True,succeeded,/storage/users/pdarbani/Mehrshad/Transformer/v4.0/pretrained-isolation-framework/outputs/imagenetv2/resnet18/resnet18_imagenetv2_layerwise.json
resnet18_imagenetv2,13,layer3.1.conv2,FP32__4to8,FP32,32,32,4to8,4,8,0.5,58.19,80.29,1.1900000000000048,0.6400000000000006,14.482954144477844,True,succeeded,/storage/users/pdarbani/Mehrshad/Transformer/v4.0/pretrained-isolation-framework/outputs/imagenetv2/resnet18/resnet18_imagenetv2_layerwise.json
resnet18_imagenetv2,13,layer3.1.conv2,FP32__dense,FP32,32,32,dense,,,0.0,59.38,80.93,0.0,0.0,14.727656675502658,True,succeeded,/storage/users/pdarbani/Mehrshad/Transformer/v4.0/pretrained-isolation-framework/outputs/imagenetv2/resnet18/resnet18_imagenetv2_layerwise.json
resnet18_imagenetv2,13,layer3.1.conv2,INT4__2to4,INT4,4,4,2to4,2,4,0.5,49.26,72.16,10.120000000000005,8.77000000000001,14.153288153931499,True,succeeded,/storage/users/pdarbani/Mehrshad/Transformer/v4.0/pretrained-isolation-framework/outputs/imagenetv2/resnet18/resnet18_imagenetv2_layerwise.json
resnet18_imagenetv2,13,layer3.1.conv2,INT4__3to8,INT4,4,4,3to8,3,8,0.625,48.4,71.8,10.980000000000004,9.13000000000001,14.358990894630551,True,succeeded,/storage/users/pdarbani/Mehrshad/Transformer/v4.0/pretrained-isolation-framework/outputs/imagenetv2/resnet18/resnet18_imagenetv2_layerwise.json
resnet18_imagenetv2,13,layer3.1.conv2,INT4__4to8,INT4,4,4,4to8,4,8,0.5,49.74,73.12,9.64,7.810000000000002,14.635635074228048,True,succeeded,/storage/users/pdarbani/Mehrshad/Transformer/v4.0/pretrained-isolation-framework/outputs/imagenetv2/resnet18/resnet18_imagenetv2_layerwise.json
resnet18_imagenetv2,13,layer3.1.conv2,INT4__dense,INT4,4,4,dense,,,0.0,50.71,73.78,8.670000000000002,7.150000000000006,14.22037530131638,True,succeeded,/storage/users/pdarbani/Mehrshad/Transformer/v4.0/pretrained-isolation-framework/outputs/imagenetv2/resnet18/resnet18_imagenetv2_layerwise.json
resnet18_imagenetv2,13,layer3.1.conv2,INT6__2to4,INT6,6,6,2to4,2,4,0.5,57.8,79.92,1.5800000000000054,1.0100000000000051,14.200467893853784,True,succeeded,/storage/users/pdarbani/Mehrshad/Transformer/v4.0/pretrained-isolation-framework/outputs/imagenetv2/resnet18/resnet18_imagenetv2_layerwise.json
resnet18_imagenetv2,13,layer3.1.conv2,INT6__3to8,INT6,6,6,3to8,3,8,0.625,57.2,79.29,2.1799999999999997,1.6400000000000006,14.22578689083457,True,succeeded,/storage/users/pdarbani/Mehrshad/Transformer/v4.0/pretrained-isolation-framework/outputs/imagenetv2/resnet18/resnet18_imagenetv2_layerwise.json
resnet18_imagenetv2,13,layer3.1.conv2,INT6__4to8,INT6,6,6,4to8,4,8,0.5,57.87,80.18,1.5100000000000051,0.75,14.580784844234586,True,succeeded,/storage/users/pdarbani/Mehrshad/Transformer/v4.0/pretrained-isolation-framework/outputs/imagenetv2/resnet18/resnet18_imagenetv2_layerwise.json
resnet18_imagenetv2,13,layer3.1.conv2,INT6__dense,INT6,6,6,dense,,,0.0,58.96,80.73,0.4200000000000017,0.20000000000000284,14.356226090341806,True,succeeded,/storage/users/pdarbani/Mehrshad/Transformer/v4.0/pretrained-isolation-framework/outputs/imagenetv2/resnet18/resnet18_imagenetv2_layerwise.json
resnet18_imagenetv2,13,layer3.1.conv2,INT8__2to4,INT8,8,8,2to4,2,4,0.5,57.84,80.02,1.5399999999999991,0.9100000000000108,14.303951093927026,True,succeeded,/storage/users/pdarbani/Mehrshad/Transformer/v4.0/pretrained-isolation-framework/outputs/imagenetv2/resnet18/resnet18_imagenetv2_layerwise.json
resnet18_imagenetv2,13,layer3.1.conv2,INT8__3to8,INT8,8,8,3to8,3,8,0.625,57.5,79.58,1.8800000000000026,1.3500000000000085,14.508608749136329,True,succeeded,/storage/users/pdarbani/Mehrshad/Transformer/v4.0/pretrained-isolation-framework/outputs/imagenetv2/resnet18/resnet18_imagenetv2_layerwise.json
resnet18_imagenetv2,13,layer3.1.conv2,INT8__4to8,INT8,8,8,4to8,4,8,0.5,58.23,80.31,1.1500000000000057,0.6200000000000045,14.61698249168694,True,succeeded,/storage/users/pdarbani/Mehrshad/Transformer/v4.0/pretrained-isolation-framework/outputs/imagenetv2/resnet18/resnet18_imagenetv2_layerwise.json
resnet18_imagenetv2,13,layer3.1.conv2,INT8__dense,INT8,8,8,dense,,,0.0,59.32,81.04,0.060000000000002274,-0.10999999999999943,14.498705206438899,True,succeeded,/storage/users/pdarbani/Mehrshad/Transformer/v4.0/pretrained-isolation-framework/outputs/imagenetv2/resnet18/resnet18_imagenetv2_layerwise.json
resnet18_imagenetv2,14,layer4.0.conv1,FP32__2to4,FP32,32,32,2to4,2,4,0.5,57.56,79.74,1.8200000000000003,1.190000000000012,14.50684966892004,True,succeeded,/storage/users/pdarbani/Mehrshad/Transformer/v4.0/pretrained-isolation-framework/outputs/imagenetv2/resnet18/resnet18_imagenetv2_layerwise.json
resnet18_imagenetv2,14,layer4.0.conv1,FP32__3to8,FP32,32,32,3to8,3,8,0.625,56.42,78.77,2.960000000000001,2.160000000000011,14.471193764358759,True,succeeded,/storage/users/pdarbani/Mehrshad/Transformer/v4.0/pretrained-isolation-framework/outputs/imagenetv2/resnet18/resnet18_imagenetv2_layerwise.json
resnet18_imagenetv2,14,layer4.0.conv1,FP32__4to8,FP32,32,32,4to8,4,8,0.5,57.93,80.08,1.4500000000000028,0.8500000000000085,14.19081704877317,True,succeeded,/storage/users/pdarbani/Mehrshad/Transformer/v4.0/pretrained-isolation-framework/outputs/imagenetv2/resnet18/resnet18_imagenetv2_layerwise.json
resnet18_imagenetv2,14,layer4.0.conv1,FP32__dense,FP32,32,32,dense,,,0.0,59.38,80.93,0.0,0.0,14.37121545523405,True,succeeded,/storage/users/pdarbani/Mehrshad/Transformer/v4.0/pretrained-isolation-framework/outputs/imagenetv2/resnet18/resnet18_imagenetv2_layerwise.json
resnet18_imagenetv2,14,layer4.0.conv1,INT4__2to4,INT4,4,4,2to4,2,4,0.5,41.92,62.49,17.46,18.440000000000005,14.507536627352238,True,succeeded,/storage/users/pdarbani/Mehrshad/Transformer/v4.0/pretrained-isolation-framework/outputs/imagenetv2/resnet18/resnet18_imagenetv2_layerwise.json
resnet18_imagenetv2,14,layer4.0.conv1,INT4__3to8,INT4,4,4,3to8,3,8,0.625,38.55,58.69,20.830000000000005,22.24000000000001,14.340712362900376,True,succeeded,/storage/users/pdarbani/Mehrshad/Transformer/v4.0/pretrained-isolation-framework/outputs/imagenetv2/resnet18/resnet18_imagenetv2_layerwise.json
resnet18_imagenetv2,14,layer4.0.conv1,INT4__4to8,INT4,4,4,4to8,4,8,0.5,42.05,63.06,17.330000000000005,17.870000000000005,14.306168284267187,True,succeeded,/storage/users/pdarbani/Mehrshad/Transformer/v4.0/pretrained-isolation-framework/outputs/imagenetv2/resnet18/resnet18_imagenetv2_layerwise.json
resnet18_imagenetv2,14,layer4.0.conv1,INT4__dense,INT4,4,4,dense,,,0.0,45.75,67.38,13.630000000000003,13.550000000000011,14.539854751899838,True,succeeded,/storage/users/pdarbani/Mehrshad/Transformer/v4.0/pretrained-isolation-framework/outputs/imagenetv2/resnet18/resnet18_imagenetv2_layerwise.json
resnet18_imagenetv2,14,layer4.0.conv1,INT6__2to4,INT6,6,6,2to4,2,4,0.5,57.49,79.87,1.8900000000000006,1.0600000000000023,14.455563006922603,True,succeeded,/storage/users/pdarbani/Mehrshad/Transformer/v4.0/pretrained-isolation-framework/outputs/imagenetv2/resnet18/resnet18_imagenetv2_layerwise.json
resnet18_imagenetv2,14,layer4.0.conv1,INT6__3to8,INT6,6,6,3to8,3,8,0.625,56.28,78.77,3.1000000000000014,2.160000000000011,14.288906941190362,True,succeeded,/storage/users/pdarbani/Mehrshad/Transformer/v4.0/pretrained-isolation-framework/outputs/imagenetv2/resnet18/resnet18_imagenetv2_layerwise.json
resnet18_imagenetv2,14,layer4.0.conv1,INT6__4to8,INT6,6,6,4to8,4,8,0.5,58.05,79.97,1.3300000000000054,0.960000000000008,14.515965018421412,True,succeeded,/storage/users/pdarbani/Mehrshad/Transformer/v4.0/pretrained-isolation-framework/outputs/imagenetv2/resnet18/resnet18_imagenetv2_layerwise.json
resnet18_imagenetv2,14,layer4.0.conv1,INT6__dense,INT6,6,6,dense,,,0.0,59.09,80.84,0.28999999999999915,0.09000000000000341,14.254352347925305,True,succeeded,/storage/users/pdarbani/Mehrshad/Transformer/v4.0/pretrained-isolation-framework/outputs/imagenetv2/resnet18/resnet18_imagenetv2_layerwise.json
resnet18_imagenetv2,14,layer4.0.conv1,INT8__2to4,INT8,8,8,2to4,2,4,0.5,57.54,79.84,1.8400000000000034,1.0900000000000034,14.089627850800753,True,succeeded,/storage/users/pdarbani/Mehrshad/Transformer/v4.0/pretrained-isolation-framework/outputs/imagenetv2/resnet18/resnet18_imagenetv2_layerwise.json
resnet18_imagenetv2,14,layer4.0.conv1,INT8__3to8,INT8,8,8,3to8,3,8,0.625,56.43,78.77,2.950000000000003,2.160000000000011,14.52628867328167,True,succeeded,/storage/users/pdarbani/Mehrshad/Transformer/v4.0/pretrained-isolation-framework/outputs/imagenetv2/resnet18/resnet18_imagenetv2_layerwise.json
resnet18_imagenetv2,14,layer4.0.conv1,INT8__4to8,INT8,8,8,4to8,4,8,0.5,57.94,80.09,1.4400000000000048,0.8400000000000034,14.502503162249923,True,succeeded,/storage/users/pdarbani/Mehrshad/Transformer/v4.0/pretrained-isolation-framework/outputs/imagenetv2/resnet18/resnet18_imagenetv2_layerwise.json
resnet18_imagenetv2,14,layer4.0.conv1,INT8__dense,INT8,8,8,dense,,,0.0,59.38,80.94,0.0,-0.009999999999990905,14.29459440894425,True,succeeded,/storage/users/pdarbani/Mehrshad/Transformer/v4.0/pretrained-isolation-framework/outputs/imagenetv2/resnet18/resnet18_imagenetv2_layerwise.json
resnet18_imagenetv2,15,layer4.0.conv2,FP32__2to4,FP32,32,32,2to4,2,4,0.5,58.72,80.58,0.6600000000000037,0.3500000000000085,14.349408015608788,True,succeeded,/storage/users/pdarbani/Mehrshad/Transformer/v4.0/pretrained-isolation-framework/outputs/imagenetv2/resnet18/resnet18_imagenetv2_layerwise.json
resnet18_imagenetv2,15,layer4.0.conv2,FP32__3to8,FP32,32,32,3to8,3,8,0.625,58.48,80.42,0.9000000000000057,0.5100000000000051,14.36932878382504,True,succeeded,/storage/users/pdarbani/Mehrshad/Transformer/v4.0/pretrained-isolation-framework/outputs/imagenetv2/resnet18/resnet18_imagenetv2_layerwise.json
resnet18_imagenetv2,15,layer4.0.conv2,FP32__4to8,FP32,32,32,4to8,4,8,0.5,59.09,80.47,0.28999999999999915,0.46000000000000796,14.310312766581774,True,succeeded,/storage/users/pdarbani/Mehrshad/Transformer/v4.0/pretrained-isolation-framework/outputs/imagenetv2/resnet18/resnet18_imagenetv2_layerwise.json
resnet18_imagenetv2,15,layer4.0.conv2,FP32__dense,FP32,32,32,dense,,,0.0,59.38,80.93,0.0,0.0,14.286762675270438,True,succeeded,/storage/users/pdarbani/Mehrshad/Transformer/v4.0/pretrained-isolation-framework/outputs/imagenetv2/resnet18/resnet18_imagenetv2_layerwise.json
resnet18_imagenetv2,15,layer4.0.conv2,INT4__2to4,INT4,4,4,2to4,2,4,0.5,56.51,78.68,2.8700000000000045,2.25,14.423796212300658,True,succeeded,/storage/users/pdarbani/Mehrshad/Transformer/v4.0/pretrained-isolation-framework/outputs/imagenetv2/resnet18/resnet18_imagenetv2_layerwise.json
resnet18_imagenetv2,15,layer4.0.conv2,INT4__3to8,INT4,4,4,3to8,3,8,0.625,55.98,78.4,3.4000000000000057,2.530000000000001,14.624951250851154,True,succeeded,/storage/users/pdarbani/Mehrshad/Transformer/v4.0/pretrained-isolation-framework/outputs/imagenetv2/resnet18/resnet18_imagenetv2_layerwise.json
resnet18_imagenetv2,15,layer4.0.conv2,INT4__4to8,INT4,4,4,4to8,4,8,0.5,56.29,78.61,3.0900000000000034,2.3200000000000074,14.334530513733625,True,succeeded,/storage/users/pdarbani/Mehrshad/Transformer/v4.0/pretrained-isolation-framework/outputs/imagenetv2/resnet18/resnet18_imagenetv2_layerwise.json
resnet18_imagenetv2,15,layer4.0.conv2,INT4__dense,INT4,4,4,dense,,,0.0,56.43,78.72,2.950000000000003,2.210000000000008,14.423907937482,True,succeeded,/storage/users/pdarbani/Mehrshad/Transformer/v4.0/pretrained-isolation-framework/outputs/imagenetv2/resnet18/resnet18_imagenetv2_layerwise.json
resnet18_imagenetv2,15,layer4.0.conv2,INT6__2to4,INT6,6,6,2to4,2,4,0.5,58.6,80.48,0.7800000000000011,0.45000000000000284,14.545586647465825,True,succeeded,/storage/users/pdarbani/Mehrshad/Transformer/v4.0/pretrained-isolation-framework/outputs/imagenetv2/resnet18/resnet18_imagenetv2_layerwise.json
resnet18_imagenetv2,15,layer4.0.conv2,INT6__3to8,INT6,6,6,3to8,3,8,0.625,58.37,80.39,1.0100000000000051,0.5400000000000063,14.429181225597858,True,succeeded,/storage/users/pdarbani/Mehrshad/Transformer/v4.0/pretrained-isolation-framework/outputs/imagenetv2/resnet18/resnet18_imagenetv2_layerwise.json
resnet18_imagenetv2,15,layer4.0.conv2,INT6__4to8,INT6,6,6,4to8,4,8,0.5,58.88,80.49,0.5,0.44000000000001194,14.511195281520486,True,succeeded,/storage/users/pdarbani/Mehrshad/Transformer/v4.0/pretrained-isolation-framework/outputs/imagenetv2/resnet18/resnet18_imagenetv2_layerwise.json
resnet18_imagenetv2,15,layer4.0.conv2,INT6__dense,INT6,6,6,dense,,,0.0,58.93,80.94,0.45000000000000284,-0.009999999999990905,14.204393692314625,True,succeeded,/storage/users/pdarbani/Mehrshad/Transformer/v4.0/pretrained-isolation-framework/outputs/imagenetv2/resnet18/resnet18_imagenetv2_layerwise.json
resnet18_imagenetv2,15,layer4.0.conv2,INT8__2to4,INT8,8,8,2to4,2,4,0.5,58.69,80.65,0.6900000000000048,0.28000000000000114,14.401802023872733,True,succeeded,/storage/users/pdarbani/Mehrshad/Transformer/v4.0/pretrained-isolation-framework/outputs/imagenetv2/resnet18/resnet18_imagenetv2_layerwise.json
resnet18_imagenetv2,15,layer4.0.conv2,INT8__3to8,INT8,8,8,3to8,3,8,0.625,58.44,80.49,0.9400000000000048,0.44000000000001194,14.3308433778584,True,succeeded,/storage/users/pdarbani/Mehrshad/Transformer/v4.0/pretrained-isolation-framework/outputs/imagenetv2/resnet18/resnet18_imagenetv2_layerwise.json
resnet18_imagenetv2,15,layer4.0.conv2,INT8__4to8,INT8,8,8,4to8,4,8,0.5,59.07,80.48,0.3100000000000023,0.45000000000000284,14.110070088878274,True,succeeded,/storage/users/pdarbani/Mehrshad/Transformer/v4.0/pretrained-isolation-framework/outputs/imagenetv2/resnet18/resnet18_imagenetv2_layerwise.json
resnet18_imagenetv2,15,layer4.0.conv2,INT8__dense,INT8,8,8,dense,,,0.0,59.27,80.94,0.10999999999999943,-0.009999999999990905,14.534075681120157,True,succeeded,/storage/users/pdarbani/Mehrshad/Transformer/v4.0/pretrained-isolation-framework/outputs/imagenetv2/resnet18/resnet18_imagenetv2_layerwise.json
resnet18_imagenetv2,16,layer4.0.downsample.0,FP32__2to4,FP32,32,32,2to4,2,4,0.5,57.94,80.57,1.4400000000000048,0.36000000000001364,14.386754328384995,True,succeeded,/storage/users/pdarbani/Mehrshad/Transformer/v4.0/pretrained-isolation-framework/outputs/imagenetv2/resnet18/resnet18_imagenetv2_layerwise.json
resnet18_imagenetv2,16,layer4.0.downsample.0,FP32__3to8,FP32,32,32,3to8,3,8,0.625,57.54,80.03,1.8400000000000034,0.9000000000000057,14.44903988018632,True,succeeded,/storage/users/pdarbani/Mehrshad/Transformer/v4.0/pretrained-isolation-framework/outputs/imagenetv2/resnet18/resnet18_imagenetv2_layerwise.json
resnet18_imagenetv2,16,layer4.0.downsample.0,FP32__4to8,FP32,32,32,4to8,4,8,0.5,58.28,80.71,1.1000000000000014,0.22000000000001307,14.91365147009492,True,succeeded,/storage/users/pdarbani/Mehrshad/Transformer/v4.0/pretrained-isolation-framework/outputs/imagenetv2/resnet18/resnet18_imagenetv2_layerwise.json
resnet18_imagenetv2,16,layer4.0.downsample.0,FP32__dense,FP32,32,32,dense,,,0.0,59.38,80.93,0.0,0.0,14.241491118445992,True,succeeded,/storage/users/pdarbani/Mehrshad/Transformer/v4.0/pretrained-isolation-framework/outputs/imagenetv2/resnet18/resnet18_imagenetv2_layerwise.json
resnet18_imagenetv2,16,layer4.0.downsample.0,INT4__2to4,INT4,4,4,2to4,2,4,0.5,55.46,78.08,3.9200000000000017,2.8500000000000085,14.315129494294524,True,succeeded,/storage/users/pdarbani/Mehrshad/Transformer/v4.0/pretrained-isolation-framework/outputs/imagenetv2/resnet18/resnet18_imagenetv2_layerwise.json
resnet18_imagenetv2,16,layer4.0.downsample.0,INT4__3to8,INT4,4,4,3to8,3,8,0.625,54.97,77.77,4.410000000000004,3.160000000000011,14.475794821977615,True,succeeded,/storage/users/pdarbani/Mehrshad/Transformer/v4.0/pretrained-isolation-framework/outputs/imagenetv2/resnet18/resnet18_imagenetv2_layerwise.json
resnet18_imagenetv2,16,layer4.0.downsample.0,INT4__4to8,INT4,4,4,4to8,4,8,0.5,55.7,78.29,3.6799999999999997,2.6400000000000006,14.470147792249918,True,succeeded,/storage/users/pdarbani/Mehrshad/Transformer/v4.0/pretrained-isolation-framework/outputs/imagenetv2/resnet18/resnet18_imagenetv2_layerwise.json
resnet18_imagenetv2,16,layer4.0.downsample.0,INT4__dense,INT4,4,4,dense,,,0.0,56.15,78.22,3.230000000000004,2.710000000000008,14.391395468264818,True,succeeded,/storage/users/pdarbani/Mehrshad/Transformer/v4.0/pretrained-isolation-framework/outputs/imagenetv2/resnet18/resnet18_imagenetv2_layerwise.json
resnet18_imagenetv2,16,layer4.0.downsample.0,INT6__2to4,INT6,6,6,2to4,2,4,0.5,57.95,80.34,1.4299999999999997,0.5900000000000034,14.25431890040636,True,succeeded,/storage/users/pdarbani/Mehrshad/Transformer/v4.0/pretrained-isolation-framework/outputs/imagenetv2/resnet18/resnet18_imagenetv2_layerwise.json
resnet18_imagenetv2,16,layer4.0.downsample.0,INT6__3to8,INT6,6,6,3to8,3,8,0.625,57.41,80.03,1.970000000000006,0.9000000000000057,14.320822544395924,True,succeeded,/storage/users/pdarbani/Mehrshad/Transformer/v4.0/pretrained-isolation-framework/outputs/imagenetv2/resnet18/resnet18_imagenetv2_layerwise.json
resnet18_imagenetv2,16,layer4.0.downsample.0,INT6__4to8,INT6,6,6,4to8,4,8,0.5,58.08,80.51,1.3000000000000043,0.4200000000000017,14.241011979058385,True,succeeded,/storage/users/pdarbani/Mehrshad/Transformer/v4.0/pretrained-isolation-framework/outputs/imagenetv2/resnet18/resnet18_imagenetv2_layerwise.json
resnet18_imagenetv2,16,layer4.0.downsample.0,INT6__dense,INT6,6,6,dense,,,0.0,59.17,80.98,0.21000000000000085,-0.04999999999999716,14.283804165199399,True,succeeded,/storage/users/pdarbani/Mehrshad/Transformer/v4.0/pretrained-isolation-framework/outputs/imagenetv2/resnet18/resnet18_imagenetv2_layerwise.json
resnet18_imagenetv2,16,layer4.0.downsample.0,INT8__2to4,INT8,8,8,2to4,2,4,0.5,58.03,80.51,1.3500000000000014,0.4200000000000017,14.171785412356257,True,succeeded,/storage/users/pdarbani/Mehrshad/Transformer/v4.0/pretrained-isolation-framework/outputs/imagenetv2/resnet18/resnet18_imagenetv2_layerwise.json
resnet18_imagenetv2,16,layer4.0.downsample.0,INT8__3to8,INT8,8,8,3to8,3,8,0.625,57.76,80.01,1.6200000000000045,0.9200000000000017,14.461928982287645,True,succeeded,/storage/users/pdarbani/Mehrshad/Transformer/v4.0/pretrained-isolation-framework/outputs/imagenetv2/resnet18/resnet18_imagenetv2_layerwise.json
resnet18_imagenetv2,16,layer4.0.downsample.0,INT8__4to8,INT8,8,8,4to8,4,8,0.5,58.32,80.7,1.0600000000000023,0.23000000000000398,14.41402499936521,True,succeeded,/storage/users/pdarbani/Mehrshad/Transformer/v4.0/pretrained-isolation-framework/outputs/imagenetv2/resnet18/resnet18_imagenetv2_layerwise.json
resnet18_imagenetv2,16,layer4.0.downsample.0,INT8__dense,INT8,8,8,dense,,,0.0,59.33,80.99,0.05000000000000426,-0.05999999999998806,14.288830656558275,True,succeeded,/storage/users/pdarbani/Mehrshad/Transformer/v4.0/pretrained-isolation-framework/outputs/imagenetv2/resnet18/resnet18_imagenetv2_layerwise.json
resnet18_imagenetv2,17,layer4.1.conv1,FP32__2to4,FP32,32,32,2to4,2,4,0.5,58.35,80.49,1.0300000000000011,0.44000000000001194,14.315372288227081,True,succeeded,/storage/users/pdarbani/Mehrshad/Transformer/v4.0/pretrained-isolation-framework/outputs/imagenetv2/resnet18/resnet18_imagenetv2_layerwise.json
resnet18_imagenetv2,17,layer4.1.conv1,FP32__3to8,FP32,32,32,3to8,3,8,0.625,57.55,80.11,1.8300000000000054,0.8200000000000074,14.534069892019033,True,succeeded,/storage/users/pdarbani/Mehrshad/Transformer/v4.0/pretrained-isolation-framework/outputs/imagenetv2/resnet18/resnet18_imagenetv2_layerwise.json
resnet18_imagenetv2,17,layer4.1.conv1,FP32__4to8,FP32,32,32,4to8,4,8,0.5,58.28,80.64,1.1000000000000014,0.29000000000000625,14.23627277649939,True,succeeded,/storage/users/pdarbani/Mehrshad/Transformer/v4.0/pretrained-isolation-framework/outputs/imagenetv2/resnet18/resnet18_imagenetv2_layerwise.json
resnet18_imagenetv2,17,layer4.1.conv1,FP32__dense,FP32,32,32,dense,,,0.0,59.38,80.93,0.0,0.0,14.352309826761484,True,succeeded,/storage/users/pdarbani/Mehrshad/Transformer/v4.0/pretrained-isolation-framework/outputs/imagenetv2/resnet18/resnet18_imagenetv2_layerwise.json
resnet18_imagenetv2,17,layer4.1.conv1,INT4__2to4,INT4,4,4,2to4,2,4,0.5,52.46,73.94,6.920000000000002,6.990000000000009,14.41168823465705,True,succeeded,/storage/users/pdarbani/Mehrshad/Transformer/v4.0/pretrained-isolation-framework/outputs/imagenetv2/resnet18/resnet18_imagenetv2_layerwise.json
resnet18_imagenetv2,17,layer4.1.conv1,INT4__3to8,INT4,4,4,3to8,3,8,0.625,51.43,73.08,7.950000000000003,7.8500000000000085,14.881580203771591,True,succeeded,/storage/users/pdarbani/Mehrshad/Transformer/v4.0/pretrained-isolation-framework/outputs/imagenetv2/resnet18/resnet18_imagenetv2_layerwise.json
resnet18_imagenetv2,17,layer4.1.conv1,INT4__4to8,INT4,4,4,4to8,4,8,0.5,51.84,73.54,7.539999999999999,7.390000000000001,14.409460470080376,True,succeeded,/storage/users/pdarbani/Mehrshad/Transformer/v4.0/pretrained-isolation-framework/outputs/imagenetv2/resnet18/resnet18_imagenetv2_layerwise.json
resnet18_imagenetv2,17,layer4.1.conv1,INT4__dense,INT4,4,4,dense,,,0.0,52.9,74.18,6.480000000000004,6.75,14.325168497860432,True,succeeded,/storage/users/pdarbani/Mehrshad/Transformer/v4.0/pretrained-isolation-framework/outputs/imagenetv2/resnet18/resnet18_imagenetv2_layerwise.json
resnet18_imagenetv2,17,layer4.1.conv1,INT6__2to4,INT6,6,6,2to4,2,4,0.5,58.42,80.34,0.9600000000000009,0.5900000000000034,14.619467878714204,True,succeeded,/storage/users/pdarbani/Mehrshad/Transformer/v4.0/pretrained-isolation-framework/outputs/imagenetv2/resnet18/resnet18_imagenetv2_layerwise.json
resnet18_imagenetv2,17,layer4.1.conv1,INT6__3to8,INT6,6,6,3to8,3,8,0.625,57.48,79.99,1.9000000000000057,0.9400000000000119,14.633336609229445,True,succeeded,/storage/users/pdarbani/Mehrshad/Transformer/v4.0/pretrained-isolation-framework/outputs/imagenetv2/resnet18/resnet18_imagenetv2_layerwise.json
resnet18_imagenetv2,17,layer4.1.conv1,INT6__4to8,INT6,6,6,4to8,4,8,0.5,58.12,80.51,1.2600000000000051,0.4200000000000017,14.542720759287477,True,succeeded,/storage/users/pdarbani/Mehrshad/Transformer/v4.0/pretrained-isolation-framework/outputs/imagenetv2/resnet18/resnet18_imagenetv2_layerwise.json
resnet18_imagenetv2,17,layer4.1.conv1,INT6__dense,INT6,6,6,dense,,,0.0,59.19,80.92,0.19000000000000483,0.010000000000005116,14.977179016917944,True,succeeded,/storage/users/pdarbani/Mehrshad/Transformer/v4.0/pretrained-isolation-framework/outputs/imagenetv2/resnet18/resnet18_imagenetv2_layerwise.json
resnet18_imagenetv2,17,layer4.1.conv1,INT8__2to4,INT8,8,8,2to4,2,4,0.5,58.31,80.5,1.0700000000000003,0.4300000000000068,14.417840531095862,True,succeeded,/storage/users/pdarbani/Mehrshad/Transformer/v4.0/pretrained-isolation-framework/outputs/imagenetv2/resnet18/resnet18_imagenetv2_layerwise.json
resnet18_imagenetv2,17,layer4.1.conv1,INT8__3to8,INT8,8,8,3to8,3,8,0.625,57.53,80.05,1.8500000000000014,0.8800000000000097,14.549454716965556,True,succeeded,/storage/users/pdarbani/Mehrshad/Transformer/v4.0/pretrained-isolation-framework/outputs/imagenetv2/resnet18/resnet18_imagenetv2_layerwise.json
resnet18_imagenetv2,17,layer4.1.conv1,INT8__4to8,INT8,8,8,4to8,4,8,0.5,58.22,80.62,1.1600000000000037,0.3100000000000023,14.437897427007556,True,succeeded,/storage/users/pdarbani/Mehrshad/Transformer/v4.0/pretrained-isolation-framework/outputs/imagenetv2/resnet18/resnet18_imagenetv2_layerwise.json
resnet18_imagenetv2,17,layer4.1.conv1,INT8__dense,INT8,8,8,dense,,,0.0,59.33,80.99,0.05000000000000426,-0.05999999999998806,14.629086550325155,True,succeeded,/storage/users/pdarbani/Mehrshad/Transformer/v4.0/pretrained-isolation-framework/outputs/imagenetv2/resnet18/resnet18_imagenetv2_layerwise.json
resnet18_imagenetv2,18,layer4.1.conv2,FP32__2to4,FP32,32,32,2to4,2,4,0.5,58.52,80.33,0.8599999999999994,0.6000000000000085,14.426391579210758,True,succeeded,/storage/users/pdarbani/Mehrshad/Transformer/v4.0/pretrained-isolation-framework/outputs/imagenetv2/resnet18/resnet18_imagenetv2_layerwise.json
resnet18_imagenetv2,18,layer4.1.conv2,FP32__3to8,FP32,32,32,3to8,3,8,0.625,58.0,79.93,1.3800000000000026,1.0,14.448957905173302,True,succeeded,/storage/users/pdarbani/Mehrshad/Transformer/v4.0/pretrained-isolation-framework/outputs/imagenetv2/resnet18/resnet18_imagenetv2_layerwise.json
resnet18_imagenetv2,18,layer4.1.conv2,FP32__4to8,FP32,32,32,4to8,4,8,0.5,58.69,80.57,0.6900000000000048,0.36000000000001364,14.339666487649083,True,succeeded,/storage/users/pdarbani/Mehrshad/Transformer/v4.0/pretrained-isolation-framework/outputs/imagenetv2/resnet18/resnet18_imagenetv2_layerwise.json
resnet18_imagenetv2,18,layer4.1.conv2,FP32__dense,FP32,32,32,dense,,,0.0,59.38,80.93,0.0,0.0,14.430480716750026,True,succeeded,/storage/users/pdarbani/Mehrshad/Transformer/v4.0/pretrained-isolation-framework/outputs/imagenetv2/resnet18/resnet18_imagenetv2_layerwise.json
resnet18_imagenetv2,18,layer4.1.conv2,INT4__2to4,INT4,4,4,2to4,2,4,0.5,54.81,76.06,4.57,4.8700000000000045,14.640110965818167,True,succeeded,/storage/users/pdarbani/Mehrshad/Transformer/v4.0/pretrained-isolation-framework/outputs/imagenetv2/resnet18/resnet18_imagenetv2_layerwise.json
resnet18_imagenetv2,18,layer4.1.conv2,INT4__3to8,INT4,4,4,3to8,3,8,0.625,54.53,75.77,4.850000000000001,5.160000000000011,14.285332323983312,True,succeeded,/storage/users/pdarbani/Mehrshad/Transformer/v4.0/pretrained-isolation-framework/outputs/imagenetv2/resnet18/resnet18_imagenetv2_layerwise.json
resnet18_imagenetv2,18,layer4.1.conv2,INT4__4to8,INT4,4,4,4to8,4,8,0.5,55.12,76.24,4.260000000000005,4.690000000000012,14.155915068462491,True,succeeded,/storage/users/pdarbani/Mehrshad/Transformer/v4.0/pretrained-isolation-framework/outputs/imagenetv2/resnet18/resnet18_imagenetv2_layerwise.json
resnet18_imagenetv2,18,layer4.1.conv2,INT4__dense,INT4,4,4,dense,,,0.0,55.39,76.41,3.990000000000002,4.52000000000001,14.55103020556271,True,succeeded,/storage/users/pdarbani/Mehrshad/Transformer/v4.0/pretrained-isolation-framework/outputs/imagenetv2/resnet18/resnet18_imagenetv2_layerwise.json
resnet18_imagenetv2,18,layer4.1.conv2,INT6__2to4,INT6,6,6,2to4,2,4,0.5,58.42,80.43,0.9600000000000009,0.5,14.237013470381498,True,succeeded,/storage/users/pdarbani/Mehrshad/Transformer/v4.0/pretrained-isolation-framework/outputs/imagenetv2/resnet18/resnet18_imagenetv2_layerwise.json
resnet18_imagenetv2,18,layer4.1.conv2,INT6__3to8,INT6,6,6,3to8,3,8,0.625,57.91,79.78,1.470000000000006,1.1500000000000057,14.215500636026263,True,succeeded,/storage/users/pdarbani/Mehrshad/Transformer/v4.0/pretrained-isolation-framework/outputs/imagenetv2/resnet18/resnet18_imagenetv2_layerwise.json
resnet18_imagenetv2,18,layer4.1.conv2,INT6__4to8,INT6,6,6,4to8,4,8,0.5,58.56,80.66,0.8200000000000003,0.27000000000001023,14.46362373046577,True,succeeded,/storage/users/pdarbani/Mehrshad/Transformer/v4.0/pretrained-isolation-framework/outputs/imagenetv2/resnet18/resnet18_imagenetv2_layerwise.json
resnet18_imagenetv2,18,layer4.1.conv2,INT6__dense,INT6,6,6,dense,,,0.0,59.03,80.94,0.3500000000000014,-0.009999999999990905,14.46879761479795,True,succeeded,/storage/users/pdarbani/Mehrshad/Transformer/v4.0/pretrained-isolation-framework/outputs/imagenetv2/resnet18/resnet18_imagenetv2_layerwise.json
resnet18_imagenetv2,18,layer4.1.conv2,INT8__2to4,INT8,8,8,2to4,2,4,0.5,58.44,80.32,0.9400000000000048,0.6100000000000136,14.452062051743269,True,succeeded,/storage/users/pdarbani/Mehrshad/Transformer/v4.0/pretrained-isolation-framework/outputs/imagenetv2/resnet18/resnet18_imagenetv2_layerwise.json
resnet18_imagenetv2,18,layer4.1.conv2,INT8__3to8,INT8,8,8,3to8,3,8,0.625,58.03,79.87,1.3500000000000014,1.0600000000000023,14.380443340167403,True,succeeded,/storage/users/pdarbani/Mehrshad/Transformer/v4.0/pretrained-isolation-framework/outputs/imagenetv2/resnet18/resnet18_imagenetv2_layerwise.json
resnet18_imagenetv2,18,layer4.1.conv2,INT8__4to8,INT8,8,8,4to8,4,8,0.5,58.7,80.61,0.6799999999999997,0.3200000000000074,14.442320834845304,True,succeeded,/storage/users/pdarbani/Mehrshad/Transformer/v4.0/pretrained-isolation-framework/outputs/imagenetv2/resnet18/resnet18_imagenetv2_layerwise.json
resnet18_imagenetv2,18,layer4.1.conv2,INT8__dense,INT8,8,8,dense,,,0.0,59.26,81.03,0.12000000000000455,-0.09999999999999432,14.239699939265847,True,succeeded,/storage/users/pdarbani/Mehrshad/Transformer/v4.0/pretrained-isolation-framework/outputs/imagenetv2/resnet18/resnet18_imagenetv2_layerwise.json
swin_tiny_imagenetv2,0,layers.0.blocks.0.attn.qkv,FP32__2to4,FP32,32,32,2to4,2,4,0.5,69.5,89.01,0.14000000000000057,0.05999999999998806,27.584159092977643,True,succeeded,/storage/users/pdarbani/Mehrshad/Transformer/v4.0/pretrained-isolation-framework/outputs/imagenetv2/swin_tiny/swin_tiny_imagenetv2_layerwise.json
swin_tiny_imagenetv2,0,layers.0.blocks.0.attn.qkv,FP32__3to8,FP32,32,32,3to8,3,8,0.625,69.24,88.97,0.4000000000000057,0.09999999999999432,27.000795057043433,True,succeeded,/storage/users/pdarbani/Mehrshad/Transformer/v4.0/pretrained-isolation-framework/outputs/imagenetv2/swin_tiny/swin_tiny_imagenetv2_layerwise.json
swin_tiny_imagenetv2,0,layers.0.blocks.0.attn.qkv,FP32__4to8,FP32,32,32,4to8,4,8,0.5,69.48,88.96,0.1599999999999966,0.10999999999999943,27.206662682816386,True,succeeded,/storage/users/pdarbani/Mehrshad/Transformer/v4.0/pretrained-isolation-framework/outputs/imagenetv2/swin_tiny/swin_tiny_imagenetv2_layerwise.json
swin_tiny_imagenetv2,0,layers.0.blocks.0.attn.qkv,FP32__dense,FP32,32,32,dense,,,0.0,69.64,89.07,0.0,0.0,27.373842671513557,True,succeeded,/storage/users/pdarbani/Mehrshad/Transformer/v4.0/pretrained-isolation-framework/outputs/imagenetv2/swin_tiny/swin_tiny_imagenetv2_layerwise.json
swin_tiny_imagenetv2,0,layers.0.blocks.0.attn.qkv,INT4__2to4,INT4,4,4,2to4,2,4,0.5,69.2,88.86,0.4399999999999977,0.20999999999999375,27.21608325280249,True,succeeded,/storage/users/pdarbani/Mehrshad/Transformer/v4.0/pretrained-isolation-framework/outputs/imagenetv2/swin_tiny/swin_tiny_imagenetv2_layerwise.json
swin_tiny_imagenetv2,0,layers.0.blocks.0.attn.qkv,INT4__3to8,INT4,4,4,3to8,3,8,0.625,69.06,88.74,0.5799999999999983,0.3299999999999983,27.143004465848207,True,succeeded,/storage/users/pdarbani/Mehrshad/Transformer/v4.0/pretrained-isolation-framework/outputs/imagenetv2/swin_tiny/swin_tiny_imagenetv2_layerwise.json
swin_tiny_imagenetv2,0,layers.0.blocks.0.attn.qkv,INT4__4to8,INT4,4,4,4to8,4,8,0.5,69.29,88.91,0.3499999999999943,0.1599999999999966,27.107801917940378,True,succeeded,/storage/users/pdarbani/Mehrshad/Transformer/v4.0/pretrained-isolation-framework/outputs/imagenetv2/swin_tiny/swin_tiny_imagenetv2_layerwise.json
swin_tiny_imagenetv2,0,layers.0.blocks.0.attn.qkv,INT4__dense,INT4,4,4,dense,,,0.0,69.23,88.89,0.4099999999999966,0.1799999999999926,27.351263040676713,True,succeeded,/storage/users/pdarbani/Mehrshad/Transformer/v4.0/pretrained-isolation-framework/outputs/imagenetv2/swin_tiny/swin_tiny_imagenetv2_layerwise.json
swin_tiny_imagenetv2,0,layers.0.blocks.0.attn.qkv,INT6__2to4,INT6,6,6,2to4,2,4,0.5,69.53,88.98,0.10999999999999943,0.0899999999999892,26.93572042696178,True,succeeded,/storage/users/pdarbani/Mehrshad/Transformer/v4.0/pretrained-isolation-framework/outputs/imagenetv2/swin_tiny/swin_tiny_imagenetv2_layerwise.json
swin_tiny_imagenetv2,0,layers.0.blocks.0.attn.qkv,INT6__3to8,INT6,6,6,3to8,3,8,0.625,69.19,88.98,0.45000000000000284,0.0899999999999892,27.28199028596282,True,succeeded,/storage/users/pdarbani/Mehrshad/Transformer/v4.0/pretrained-isolation-framework/outputs/imagenetv2/swin_tiny/swin_tiny_imagenetv2_layerwise.json
swin_tiny_imagenetv2,0,layers.0.blocks.0.attn.qkv,INT6__4to8,INT6,6,6,4to8,4,8,0.5,69.46,88.94,0.18000000000000682,0.12999999999999545,27.01684825308621,True,succeeded,/storage/users/pdarbani/Mehrshad/Transformer/v4.0/pretrained-isolation-framework/outputs/imagenetv2/swin_tiny/swin_tiny_imagenetv2_layerwise.json
swin_tiny_imagenetv2,0,layers.0.blocks.0.attn.qkv,INT6__dense,INT6,6,6,dense,,,0.0,69.61,89.06,0.030000000000001137,0.009999999999990905,27.49228573217988,True,succeeded,/storage/users/pdarbani/Mehrshad/Transformer/v4.0/pretrained-isolation-framework/outputs/imagenetv2/swin_tiny/swin_tiny_imagenetv2_layerwise.json
swin_tiny_imagenetv2,0,layers.0.blocks.0.attn.qkv,INT8__2to4,INT8,8,8,2to4,2,4,0.5,69.47,88.98,0.1700000000000017,0.0899999999999892,26.985634699463844,True,succeeded,/storage/users/pdarbani/Mehrshad/Transformer/v4.0/pretrained-isolation-framework/outputs/imagenetv2/swin_tiny/swin_tiny_imagenetv2_layerwise.json
swin_tiny_imagenetv2,0,layers.0.blocks.0.attn.qkv,INT8__3to8,INT8,8,8,3to8,3,8,0.625,69.22,89.02,0.4200000000000017,0.04999999999999716,27.275353111326694,True,succeeded,/storage/users/pdarbani/Mehrshad/Transformer/v4.0/pretrained-isolation-framework/outputs/imagenetv2/swin_tiny/swin_tiny_imagenetv2_layerwise.json
swin_tiny_imagenetv2,0,layers.0.blocks.0.attn.qkv,INT8__4to8,INT8,8,8,4to8,4,8,0.5,69.47,88.96,0.1700000000000017,0.10999999999999943,27.14446878992021,True,succeeded,/storage/users/pdarbani/Mehrshad/Transformer/v4.0/pretrained-isolation-framework/outputs/imagenetv2/swin_tiny/swin_tiny_imagenetv2_layerwise.json
swin_tiny_imagenetv2,0,layers.0.blocks.0.attn.qkv,INT8__dense,INT8,8,8,dense,,,0.0,69.63,89.04,0.010000000000005116,0.029999999999986926,27.37208198569715,True,succeeded,/storage/users/pdarbani/Mehrshad/Transformer/v4.0/pretrained-isolation-framework/outputs/imagenetv2/swin_tiny/swin_tiny_imagenetv2_layerwise.json
swin_tiny_imagenetv2,1,layers.0.blocks.0.attn.proj,FP32__2to4,FP32,32,32,2to4,2,4,0.5,69.19,88.71,0.45000000000000284,0.35999999999999943,27.127271493896842,True,succeeded,/storage/users/pdarbani/Mehrshad/Transformer/v4.0/pretrained-isolation-framework/outputs/imagenetv2/swin_tiny/swin_tiny_imagenetv2_layerwise.json
swin_tiny_imagenetv2,1,layers.0.blocks.0.attn.proj,FP32__3to8,FP32,32,32,3to8,3,8,0.625,68.86,88.53,0.7800000000000011,0.539999999999992,28.07892539910972,True,succeeded,/storage/users/pdarbani/Mehrshad/Transformer/v4.0/pretrained-isolation-framework/outputs/imagenetv2/swin_tiny/swin_tiny_imagenetv2_layerwise.json
swin_tiny_imagenetv2,1,layers.0.blocks.0.attn.proj,FP32__4to8,FP32,32,32,4to8,4,8,0.5,69.2,88.8,0.4399999999999977,0.269999999999996,27.228117648512125,True,succeeded,/storage/users/pdarbani/Mehrshad/Transformer/v4.0/pretrained-isolation-framework/outputs/imagenetv2/swin_tiny/swin_tiny_imagenetv2_layerwise.json
swin_tiny_imagenetv2,1,layers.0.blocks.0.attn.proj,FP32__dense,FP32,32,32,dense,,,0.0,69.64,89.07,0.0,0.0,27.590734964236617,True,succeeded,/storage/users/pdarbani/Mehrshad/Transformer/v4.0/pretrained-isolation-framework/outputs/imagenetv2/swin_tiny/swin_tiny_imagenetv2_layerwise.json
swin_tiny_imagenetv2,1,layers.0.blocks.0.attn.proj,INT4__2to4,INT4,4,4,2to4,2,4,0.5,69.07,88.55,0.5700000000000074,0.519999999999996,27.630900505930185,True,succeeded,/storage/users/pdarbani/Mehrshad/Transformer/v4.0/pretrained-isolation-framework/outputs/imagenetv2/swin_tiny/swin_tiny_imagenetv2_layerwise.json
swin_tiny_imagenetv2,1,layers.0.blocks.0.attn.proj,INT4__3to8,INT4,4,4,3to8,3,8,0.625,68.87,88.55,0.769999999999996,0.519999999999996,27.739096272736788,True,succeeded,/storage/users/pdarbani/Mehrshad/Transformer/v4.0/pretrained-isolation-framework/outputs/imagenetv2/swin_tiny/swin_tiny_imagenetv2_layerwise.json
swin_tiny_imagenetv2,1,layers.0.blocks.0.attn.proj,INT4__4to8,INT4,4,4,4to8,4,8,0.5,69.09,88.76,0.5499999999999972,0.30999999999998806,27.663167031481862,True,succeeded,/storage/users/pdarbani/Mehrshad/Transformer/v4.0/pretrained-isolation-framework/outputs/imagenetv2/swin_tiny/swin_tiny_imagenetv2_layerwise.json
swin_tiny_imagenetv2,1,layers.0.blocks.0.attn.proj,INT4__dense,INT4,4,4,dense,,,0.0,69.53,88.81,0.10999999999999943,0.2599999999999909,26.454550322145224,True,succeeded,/storage/users/pdarbani/Mehrshad/Transformer/v4.0/pretrained-isolation-framework/outputs/imagenetv2/swin_tiny/swin_tiny_imagenetv2_layerwise.json
swin_tiny_imagenetv2,1,layers.0.blocks.0.attn.proj,INT6__2to4,INT6,6,6,2to4,2,4,0.5,69.13,88.67,0.5100000000000051,0.3999999999999915,27.87005071900785,True,succeeded,/storage/users/pdarbani/Mehrshad/Transformer/v4.0/pretrained-isolation-framework/outputs/imagenetv2/swin_tiny/swin_tiny_imagenetv2_layerwise.json
swin_tiny_imagenetv2,1,layers.0.blocks.0.attn.proj,INT6__3to8,INT6,6,6,3to8,3,8,0.625,68.82,88.6,0.8200000000000074,0.46999999999999886,25.86536456272006,True,succeeded,/storage/users/pdarbani/Mehrshad/Transformer/v4.0/pretrained-isolation-framework/outputs/imagenetv2/swin_tiny/swin_tiny_imagenetv2_layerwise.json
swin_tiny_imagenetv2,1,layers.0.blocks.0.attn.proj,INT6__4to8,INT6,6,6,4to8,4,8,0.5,69.15,88.72,0.4899999999999949,0.3499999999999943,27.56859629228711,True,succeeded,/storage/users/pdarbani/Mehrshad/Transformer/v4.0/pretrained-isolation-framework/outputs/imagenetv2/swin_tiny/swin_tiny_imagenetv2_layerwise.json
swin_tiny_imagenetv2,1,layers.0.blocks.0.attn.proj,INT6__dense,INT6,6,6,dense,,,0.0,69.65,89.06,-0.010000000000005116,0.009999999999990905,27.927157195284963,True,succeeded,/storage/users/pdarbani/Mehrshad/Transformer/v4.0/pretrained-isolation-framework/outputs/imagenetv2/swin_tiny/swin_tiny_imagenetv2_layerwise.json
swin_tiny_imagenetv2,1,layers.0.blocks.0.attn.proj,INT8__2to4,INT8,8,8,2to4,2,4,0.5,69.12,88.68,0.519999999999996,0.38999999999998636,27.724929520860314,True,succeeded,/storage/users/pdarbani/Mehrshad/Transformer/v4.0/pretrained-isolation-framework/outputs/imagenetv2/swin_tiny/swin_tiny_imagenetv2_layerwise.json
swin_tiny_imagenetv2,1,layers.0.blocks.0.attn.proj,INT8__3to8,INT8,8,8,3to8,3,8,0.625,68.88,88.54,0.7600000000000051,0.5299999999999869,27.588197648525238,True,succeeded,/storage/users/pdarbani/Mehrshad/Transformer/v4.0/pretrained-isolation-framework/outputs/imagenetv2/swin_tiny/swin_tiny_imagenetv2_layerwise.json
swin_tiny_imagenetv2,1,layers.0.blocks.0.attn.proj,INT8__4to8,INT8,8,8,4to8,4,8,0.5,69.17,88.8,0.46999999999999886,0.269999999999996,27.772671833634377,True,succeeded,/storage/users/pdarbani/Mehrshad/Transformer/v4.0/pretrained-isolation-framework/outputs/imagenetv2/swin_tiny/swin_tiny_imagenetv2_layerwise.json
swin_tiny_imagenetv2,1,layers.0.blocks.0.attn.proj,INT8__dense,INT8,8,8,dense,,,0.0,69.67,89.04,-0.030000000000001137,0.029999999999986926,27.48749934323132,True,succeeded,/storage/users/pdarbani/Mehrshad/Transformer/v4.0/pretrained-isolation-framework/outputs/imagenetv2/swin_tiny/swin_tiny_imagenetv2_layerwise.json
swin_tiny_imagenetv2,2,layers.0.blocks.0.mlp.fc1,FP32__2to4,FP32,32,32,2to4,2,4,0.5,69.36,88.59,0.28000000000000114,0.47999999999998977,27.851524302735925,True,succeeded,/storage/users/pdarbani/Mehrshad/Transformer/v4.0/pretrained-isolation-framework/outputs/imagenetv2/swin_tiny/swin_tiny_imagenetv2_layerwise.json
swin_tiny_imagenetv2,2,layers.0.blocks.0.mlp.fc1,FP32__3to8,FP32,32,32,3to8,3,8,0.625,69.02,88.25,0.6200000000000045,0.8199999999999932,27.621974281966686,True,succeeded,/storage/users/pdarbani/Mehrshad/Transformer/v4.0/pretrained-isolation-framework/outputs/imagenetv2/swin_tiny/swin_tiny_imagenetv2_layerwise.json
swin_tiny_imagenetv2,2,layers.0.blocks.0.mlp.fc1,FP32__4to8,FP32,32,32,4to8,4,8,0.5,69.52,88.71,0.12000000000000455,0.35999999999999943,28.062600944191217,True,succeeded,/storage/users/pdarbani/Mehrshad/Transformer/v4.0/pretrained-isolation-framework/outputs/imagenetv2/swin_tiny/swin_tiny_imagenetv2_layerwise.json
swin_tiny_imagenetv2,2,layers.0.blocks.0.mlp.fc1,FP32__dense,FP32,32,32,dense,,,0.0,69.64,89.07,0.0,0.0,27.650077184662223,True,succeeded,/storage/users/pdarbani/Mehrshad/Transformer/v4.0/pretrained-isolation-framework/outputs/imagenetv2/swin_tiny/swin_tiny_imagenetv2_layerwise.json
swin_tiny_imagenetv2,2,layers.0.blocks.0.mlp.fc1,INT4__2to4,INT4,4,4,2to4,2,4,0.5,68.25,88.09,1.3900000000000006,0.9799999999999898,28.028019096702337,True,succeeded,/storage/users/pdarbani/Mehrshad/Transformer/v4.0/pretrained-isolation-framework/outputs/imagenetv2/swin_tiny/swin_tiny_imagenetv2_layerwise.json
swin_tiny_imagenetv2,2,layers.0.blocks.0.mlp.fc1,INT4__3to8,INT4,4,4,3to8,3,8,0.625,67.74,87.89,1.9000000000000057,1.1799999999999926,27.947979971766472,True,succeeded,/storage/users/pdarbani/Mehrshad/Transformer/v4.0/pretrained-isolation-framework/outputs/imagenetv2/swin_tiny/swin_tiny_imagenetv2_layerwise.json
swin_tiny_imagenetv2,2,layers.0.blocks.0.mlp.fc1,INT4__4to8,INT4,4,4,4to8,4,8,0.5,68.38,88.18,1.2600000000000051,0.8899999999999864,27.698488784953952,True,succeeded,/storage/users/pdarbani/Mehrshad/Transformer/v4.0/pretrained-isolation-framework/outputs/imagenetv2/swin_tiny/swin_tiny_imagenetv2_layerwise.json
swin_tiny_imagenetv2,2,layers.0.blocks.0.mlp.fc1,INT4__dense,INT4,4,4,dense,,,0.0,68.6,88.43,1.0400000000000063,0.6399999999999864,27.734842328354716,True,succeeded,/storage/users/pdarbani/Mehrshad/Transformer/v4.0/pretrained-isolation-framework/outputs/imagenetv2/swin_tiny/swin_tiny_imagenetv2_layerwise.json
swin_tiny_imagenetv2,2,layers.0.blocks.0.mlp.fc1,INT6__2to4,INT6,6,6,2to4,2,4,0.5,69.33,88.58,0.3100000000000023,0.4899999999999949,27.96624655649066,True,succeeded,/storage/users/pdarbani/Mehrshad/Transformer/v4.0/pretrained-isolation-framework/outputs/imagenetv2/swin_tiny/swin_tiny_imagenetv2_layerwise.json
swin_tiny_imagenetv2,2,layers.0.blocks.0.mlp.fc1,INT6__3to8,INT6,6,6,3to8,3,8,0.625,68.89,88.26,0.75,0.8099999999999881,28.330478565767407,True,succeeded,/storage/users/pdarbani/Mehrshad/Transformer/v4.0/pretrained-isolation-framework/outputs/imagenetv2/swin_tiny/swin_tiny_imagenetv2_layerwise.json
swin_tiny_imagenetv2,2,layers.0.blocks.0.mlp.fc1,INT6__4to8,INT6,6,6,4to8,4,8,0.5,69.46,88.72,0.18000000000000682,0.3499999999999943,28.125640608370304,True,succeeded,/storage/users/pdarbani/Mehrshad/Transformer/v4.0/pretrained-isolation-framework/outputs/imagenetv2/swin_tiny/swin_tiny_imagenetv2_layerwise.json
swin_tiny_imagenetv2,2,layers.0.blocks.0.mlp.fc1,INT6__dense,INT6,6,6,dense,,,0.0,69.63,88.85,0.010000000000005116,0.21999999999999886,27.79280847683549,True,succeeded,/storage/users/pdarbani/Mehrshad/Transformer/v4.0/pretrained-isolation-framework/outputs/imagenetv2/swin_tiny/swin_tiny_imagenetv2_layerwise.json
swin_tiny_imagenetv2,2,layers.0.blocks.0.mlp.fc1,INT8__2to4,INT8,8,8,2to4,2,4,0.5,69.4,88.58,0.23999999999999488,0.4899999999999949,28.016070518642664,True,succeeded,/storage/users/pdarbani/Mehrshad/Transformer/v4.0/pretrained-isolation-framework/outputs/imagenetv2/swin_tiny/swin_tiny_imagenetv2_layerwise.json
swin_tiny_imagenetv2,2,layers.0.blocks.0.mlp.fc1,INT8__3to8,INT8,8,8,3to8,3,8,0.625,69.05,88.21,0.5900000000000034,0.8599999999999994,26.948819050565362,True,succeeded,/storage/users/pdarbani/Mehrshad/Transformer/v4.0/pretrained-isolation-framework/outputs/imagenetv2/swin_tiny/swin_tiny_imagenetv2_layerwise.json
swin_tiny_imagenetv2,2,layers.0.blocks.0.mlp.fc1,INT8__4to8,INT8,8,8,4to8,4,8,0.5,69.53,88.67,0.10999999999999943,0.3999999999999915,27.405048567801714,True,succeeded,/storage/users/pdarbani/Mehrshad/Transformer/v4.0/pretrained-isolation-framework/outputs/imagenetv2/swin_tiny/swin_tiny_imagenetv2_layerwise.json
swin_tiny_imagenetv2,2,layers.0.blocks.0.mlp.fc1,INT8__dense,INT8,8,8,dense,,,0.0,69.65,89.11,-0.010000000000005116,-0.04000000000000625,28.14662649296224,True,succeeded,/storage/users/pdarbani/Mehrshad/Transformer/v4.0/pretrained-isolation-framework/outputs/imagenetv2/swin_tiny/swin_tiny_imagenetv2_layerwise.json
swin_tiny_imagenetv2,3,layers.0.blocks.0.mlp.fc2,FP32__2to4,FP32,32,32,2to4,2,4,0.5,68.94,88.37,0.7000000000000028,0.6999999999999886,28.131487065926194,True,succeeded,/storage/users/pdarbani/Mehrshad/Transformer/v4.0/pretrained-isolation-framework/outputs/imagenetv2/swin_tiny/swin_tiny_imagenetv2_layerwise.json
swin_tiny_imagenetv2,3,layers.0.blocks.0.mlp.fc2,FP32__3to8,FP32,32,32,3to8,3,8,0.625,68.3,88.01,1.3400000000000034,1.059999999999988,27.02993050403893,True,succeeded,/storage/users/pdarbani/Mehrshad/Transformer/v4.0/pretrained-isolation-framework/outputs/imagenetv2/swin_tiny/swin_tiny_imagenetv2_layerwise.json
swin_tiny_imagenetv2,3,layers.0.blocks.0.mlp.fc2,FP32__4to8,FP32,32,32,4to8,4,8,0.5,69.44,88.57,0.20000000000000284,0.5,28.101930109784007,True,succeeded,/storage/users/pdarbani/Mehrshad/Transformer/v4.0/pretrained-isolation-framework/outputs/imagenetv2/swin_tiny/swin_tiny_imagenetv2_layerwise.json
swin_tiny_imagenetv2,3,layers.0.blocks.0.mlp.fc2,FP32__dense,FP32,32,32,dense,,,0.0,69.64,89.07,0.0,0.0,27.858530592173338,True,succeeded,/storage/users/pdarbani/Mehrshad/Transformer/v4.0/pretrained-isolation-framework/outputs/imagenetv2/swin_tiny/swin_tiny_imagenetv2_layerwise.json
swin_tiny_imagenetv2,3,layers.0.blocks.0.mlp.fc2,INT4__2to4,INT4,4,4,2to4,2,4,0.5,66.29,86.2,3.3499999999999943,2.8699999999999903,28.204014407470822,True,succeeded,/storage/users/pdarbani/Mehrshad/Transformer/v4.0/pretrained-isolation-framework/outputs/imagenetv2/swin_tiny/swin_tiny_imagenetv2_layerwise.json
swin_tiny_imagenetv2,3,layers.0.blocks.0.mlp.fc2,INT4__3to8,INT4,4,4,3to8,3,8,0.625,66.11,86.19,3.530000000000001,2.8799999999999955,33.67152530141175,True,succeeded,/storage/users/pdarbani/Mehrshad/Transformer/v4.0/pretrained-isolation-framework/outputs/imagenetv2/swin_tiny/swin_tiny_imagenetv2_layerwise.json
swin_tiny_imagenetv2,3,layers.0.blocks.0.mlp.fc2,INT4__4to8,INT4,4,4,4to8,4,8,0.5,66.91,86.68,2.730000000000004,2.3899999999999864,30.828511660918593,True,succeeded,/storage/users/pdarbani/Mehrshad/Transformer/v4.0/pretrained-isolation-framework/outputs/imagenetv2/swin_tiny/swin_tiny_imagenetv2_layerwise.json
swin_tiny_imagenetv2,3,layers.0.blocks.0.mlp.fc2,INT4__dense,INT4,4,4,dense,,,0.0,67.42,87.03,2.219999999999999,2.039999999999992,31.97137162834406,True,succeeded,/storage/users/pdarbani/Mehrshad/Transformer/v4.0/pretrained-isolation-framework/outputs/imagenetv2/swin_tiny/swin_tiny_imagenetv2_layerwise.json
swin_tiny_imagenetv2,3,layers.0.blocks.0.mlp.fc2,INT6__2to4,INT6,6,6,2to4,2,4,0.5,68.56,88.15,1.0799999999999983,0.9199999999999875,28.988169703632593,True,succeeded,/storage/users/pdarbani/Mehrshad/Transformer/v4.0/pretrained-isolation-framework/outputs/imagenetv2/swin_tiny/swin_tiny_imagenetv2_layerwise.json
swin_tiny_imagenetv2,3,layers.0.blocks.0.mlp.fc2,INT6__3to8,INT6,6,6,3to8,3,8,0.625,67.63,87.65,2.010000000000005,1.4199999999999875,28.277313413098454,True,succeeded,/storage/users/pdarbani/Mehrshad/Transformer/v4.0/pretrained-isolation-framework/outputs/imagenetv2/swin_tiny/swin_tiny_imagenetv2_layerwise.json
swin_tiny_imagenetv2,3,layers.0.blocks.0.mlp.fc2,INT6__4to8,INT6,6,6,4to8,4,8,0.5,68.88,88.15,0.7600000000000051,0.9199999999999875,28.96135013923049,True,succeeded,/storage/users/pdarbani/Mehrshad/Transformer/v4.0/pretrained-isolation-framework/outputs/imagenetv2/swin_tiny/swin_tiny_imagenetv2_layerwise.json
swin_tiny_imagenetv2,3,layers.0.blocks.0.mlp.fc2,INT6__dense,INT6,6,6,dense,,,0.0,69.31,88.65,0.3299999999999983,0.4199999999999875,28.124259065836668,True,succeeded,/storage/users/pdarbani/Mehrshad/Transformer/v4.0/pretrained-isolation-framework/outputs/imagenetv2/swin_tiny/swin_tiny_imagenetv2_layerwise.json
swin_tiny_imagenetv2,3,layers.0.blocks.0.mlp.fc2,INT8__2to4,INT8,8,8,2to4,2,4,0.5,69.0,88.3,0.6400000000000006,0.769999999999996,27.490922993049026,True,succeeded,/storage/users/pdarbani/Mehrshad/Transformer/v4.0/pretrained-isolation-framework/outputs/imagenetv2/swin_tiny/swin_tiny_imagenetv2_layerwise.json
swin_tiny_imagenetv2,3,layers.0.blocks.0.mlp.fc2,INT8__3to8,INT8,8,8,3to8,3,8,0.625,68.33,88.02,1.3100000000000023,1.0499999999999972,28.54955230653286,True,succeeded,/storage/users/pdarbani/Mehrshad/Transformer/v4.0/pretrained-isolation-framework/outputs/imagenetv2/swin_tiny/swin_tiny_imagenetv2_layerwise.json
swin_tiny_imagenetv2,3,layers.0.blocks.0.mlp.fc2,INT8__4to8,INT8,8,8,4to8,4,8,0.5,69.44,88.65,0.20000000000000284,0.4199999999999875,28.092877749353647,True,succeeded,/storage/users/pdarbani/Mehrshad/Transformer/v4.0/pretrained-isolation-framework/outputs/imagenetv2/swin_tiny/swin_tiny_imagenetv2_layerwise.json
swin_tiny_imagenetv2,3,layers.0.blocks.0.mlp.fc2,INT8__dense,INT8,8,8,dense,,,0.0,69.62,88.97,0.01999999999999602,0.09999999999999432,28.091336457058787,True,succeeded,/storage/users/pdarbani/Mehrshad/Transformer/v4.0/pretrained-isolation-framework/outputs/imagenetv2/swin_tiny/swin_tiny_imagenetv2_layerwise.json
swin_tiny_imagenetv2,4,layers.0.blocks.1.attn.qkv,FP32__2to4,FP32,32,32,2to4,2,4,0.5,69.59,88.8,0.04999999999999716,0.269999999999996,32.60374331846833,True,succeeded,/storage/users/pdarbani/Mehrshad/Transformer/v4.0/pretrained-isolation-framework/outputs/imagenetv2/swin_tiny/swin_tiny_imagenetv2_layerwise.json
swin_tiny_imagenetv2,4,layers.0.blocks.1.attn.qkv,FP32__3to8,FP32,32,32,3to8,3,8,0.625,69.65,88.81,-0.010000000000005116,0.2599999999999909,32.58361350744963,True,succeeded,/storage/users/pdarbani/Mehrshad/Transformer/v4.0/pretrained-isolation-framework/outputs/imagenetv2/swin_tiny/swin_tiny_imagenetv2_layerwise.json
swin_tiny_imagenetv2,4,layers.0.blocks.1.attn.qkv,FP32__4to8,FP32,32,32,4to8,4,8,0.5,69.68,88.83,-0.04000000000000625,0.23999999999999488,32.59319541417062,True,succeeded,/storage/users/pdarbani/Mehrshad/Transformer/v4.0/pretrained-isolation-framework/outputs/imagenetv2/swin_tiny/swin_tiny_imagenetv2_layerwise.json
swin_tiny_imagenetv2,4,layers.0.blocks.1.attn.qkv,FP32__dense,FP32,32,32,dense,,,0.0,69.64,89.07,0.0,0.0,33.1649912185967,True,succeeded,/storage/users/pdarbani/Mehrshad/Transformer/v4.0/pretrained-isolation-framework/outputs/imagenetv2/swin_tiny/swin_tiny_imagenetv2_layerwise.json
swin_tiny_imagenetv2,4,layers.0.blocks.1.attn.qkv,INT4__2to4,INT4,4,4,2to4,2,4,0.5,69.56,88.9,0.0799999999999983,0.1699999999999875,30.42919252999127,True,succeeded,/storage/users/pdarbani/Mehrshad/Transformer/v4.0/pretrained-isolation-framework/outputs/imagenetv2/swin_tiny/swin_tiny_imagenetv2_layerwise.json
swin_tiny_imagenetv2,4,layers.0.blocks.1.attn.qkv,INT4__3to8,INT4,4,4,3to8,3,8,0.625,69.62,88.81,0.01999999999999602,0.2599999999999909,32.52973305620253,True,succeeded,/storage/users/pdarbani/Mehrshad/Transformer/v4.0/pretrained-isolation-framework/outputs/imagenetv2/swin_tiny/swin_tiny_imagenetv2_layerwise.json
swin_tiny_imagenetv2,4,layers.0.blocks.1.attn.qkv,INT4__4to8,INT4,4,4,4to8,4,8,0.5,69.67,88.83,-0.030000000000001137,0.23999999999999488,31.81745241768658,True,succeeded,/storage/users/pdarbani/Mehrshad/Transformer/v4.0/pretrained-isolation-framework/outputs/imagenetv2/swin_tiny/swin_tiny_imagenetv2_layerwise.json
swin_tiny_imagenetv2,4,layers.0.blocks.1.attn.qkv,INT4__dense,INT4,4,4,dense,,,0.0,69.52,89.02,0.12000000000000455,0.04999999999999716,33.06091052107513,True,succeeded,/storage/users/pdarbani/Mehrshad/Transformer/v4.0/pretrained-isolation-framework/outputs/imagenetv2/swin_tiny/swin_tiny_imagenetv2_layerwise.json
swin_tiny_imagenetv2,4,layers.0.blocks.1.attn.qkv,INT6__2to4,INT6,6,6,2to4,2,4,0.5,69.62,88.78,0.01999999999999602,0.28999999999999204,32.949585653841496,True,succeeded,/storage/users/pdarbani/Mehrshad/Transformer/v4.0/pretrained-isolation-framework/outputs/imagenetv2/swin_tiny/swin_tiny_imagenetv2_layerwise.json
swin_tiny_imagenetv2,4,layers.0.blocks.1.attn.qkv,INT6__3to8,INT6,6,6,3to8,3,8,0.625,69.6,88.89,0.04000000000000625,0.1799999999999926,32.85770144313574,True,succeeded,/storage/users/pdarbani/Mehrshad/Transformer/v4.0/pretrained-isolation-framework/outputs/imagenetv2/swin_tiny/swin_tiny_imagenetv2_layerwise.json
swin_tiny_imagenetv2,4,layers.0.blocks.1.attn.qkv,INT6__4to8,INT6,6,6,4to8,4,8,0.5,69.63,88.81,0.010000000000005116,0.2599999999999909,32.414066759869456,True,succeeded,/storage/users/pdarbani/Mehrshad/Transformer/v4.0/pretrained-isolation-framework/outputs/imagenetv2/swin_tiny/swin_tiny_imagenetv2_layerwise.json
swin_tiny_imagenetv2,4,layers.0.blocks.1.attn.qkv,INT6__dense,INT6,6,6,dense,,,0.0,69.62,89.05,0.01999999999999602,0.01999999999999602,32.876135593280196,True,succeeded,/storage/users/pdarbani/Mehrshad/Transformer/v4.0/pretrained-isolation-framework/outputs/imagenetv2/swin_tiny/swin_tiny_imagenetv2_layerwise.json
swin_tiny_imagenetv2,4,layers.0.blocks.1.attn.qkv,INT8__2to4,INT8,8,8,2to4,2,4,0.5,69.57,88.8,0.07000000000000739,0.269999999999996,32.65935545600951,True,succeeded,/storage/users/pdarbani/Mehrshad/Transformer/v4.0/pretrained-isolation-framework/outputs/imagenetv2/swin_tiny/swin_tiny_imagenetv2_layerwise.json
swin_tiny_imagenetv2,4,layers.0.blocks.1.attn.qkv,INT8__3to8,INT8,8,8,3to8,3,8,0.625,69.65,88.84,-0.010000000000005116,0.22999999999998977,33.21314734406769,True,succeeded,/storage/users/pdarbani/Mehrshad/Transformer/v4.0/pretrained-isolation-framework/outputs/imagenetv2/swin_tiny/swin_tiny_imagenetv2_layerwise.json
swin_tiny_imagenetv2,4,layers.0.blocks.1.attn.qkv,INT8__4to8,INT8,8,8,4to8,4,8,0.5,69.68,88.83,-0.04000000000000625,0.23999999999999488,33.11866710521281,True,succeeded,/storage/users/pdarbani/Mehrshad/Transformer/v4.0/pretrained-isolation-framework/outputs/imagenetv2/swin_tiny/swin_tiny_imagenetv2_layerwise.json
swin_tiny_imagenetv2,4,layers.0.blocks.1.attn.qkv,INT8__dense,INT8,8,8,dense,,,0.0,69.63,89.06,0.010000000000005116,0.009999999999990905,33.35881155915558,True,succeeded,/storage/users/pdarbani/Mehrshad/Transformer/v4.0/pretrained-isolation-framework/outputs/imagenetv2/swin_tiny/swin_tiny_imagenetv2_layerwise.json
swin_tiny_imagenetv2,5,layers.0.blocks.1.attn.proj,FP32__2to4,FP32,32,32,2to4,2,4,0.5,69.48,88.9,0.1599999999999966,0.1699999999999875,32.41265011206269,True,succeeded,/storage/users/pdarbani/Mehrshad/Transformer/v4.0/pretrained-isolation-framework/outputs/imagenetv2/swin_tiny/swin_tiny_imagenetv2_layerwise.json
swin_tiny_imagenetv2,5,layers.0.blocks.1.attn.proj,FP32__3to8,FP32,32,32,3to8,3,8,0.625,69.43,88.79,0.20999999999999375,0.2799999999999869,32.88825164362788,True,succeeded,/storage/users/pdarbani/Mehrshad/Transformer/v4.0/pretrained-isolation-framework/outputs/imagenetv2/swin_tiny/swin_tiny_imagenetv2_layerwise.json
swin_tiny_imagenetv2,5,layers.0.blocks.1.attn.proj,FP32__4to8,FP32,32,32,4to8,4,8,0.5,69.47,88.87,0.1700000000000017,0.19999999999998863,32.427881084382534,True,succeeded,/storage/users/pdarbani/Mehrshad/Transformer/v4.0/pretrained-isolation-framework/outputs/imagenetv2/swin_tiny/swin_tiny_imagenetv2_layerwise.json
swin_tiny_imagenetv2,5,layers.0.blocks.1.attn.proj,FP32__dense,FP32,32,32,dense,,,0.0,69.64,89.07,0.0,0.0,32.79118048213422,True,succeeded,/storage/users/pdarbani/Mehrshad/Transformer/v4.0/pretrained-isolation-framework/outputs/imagenetv2/swin_tiny/swin_tiny_imagenetv2_layerwise.json
swin_tiny_imagenetv2,5,layers.0.blocks.1.attn.proj,INT4__2to4,INT4,4,4,2to4,2,4,0.5,69.31,88.71,0.3299999999999983,0.35999999999999943,32.710658023133874,True,succeeded,/storage/users/pdarbani/Mehrshad/Transformer/v4.0/pretrained-isolation-framework/outputs/imagenetv2/swin_tiny/swin_tiny_imagenetv2_layerwise.json
swin_tiny_imagenetv2,5,layers.0.blocks.1.attn.proj,INT4__3to8,INT4,4,4,3to8,3,8,0.625,69.16,88.75,0.480000000000004,0.3199999999999932,32.39000107161701,True,succeeded,/storage/users/pdarbani/Mehrshad/Transformer/v4.0/pretrained-isolation-framework/outputs/imagenetv2/swin_tiny/swin_tiny_imagenetv2_layerwise.json
swin_tiny_imagenetv2,5,layers.0.blocks.1.attn.proj,INT4__4to8,INT4,4,4,4to8,4,8,0.5,69.25,88.65,0.39000000000000057,0.4199999999999875,32.92514683492482,True,succeeded,/storage/users/pdarbani/Mehrshad/Transformer/v4.0/pretrained-isolation-framework/outputs/imagenetv2/swin_tiny/swin_tiny_imagenetv2_layerwise.json
swin_tiny_imagenetv2,5,layers.0.blocks.1.attn.proj,INT4__dense,INT4,4,4,dense,,,0.0,69.4,88.98,0.23999999999999488,0.0899999999999892,31.376230489462614,True,succeeded,/storage/users/pdarbani/Mehrshad/Transformer/v4.0/pretrained-isolation-framework/outputs/imagenetv2/swin_tiny/swin_tiny_imagenetv2_layerwise.json
swin_tiny_imagenetv2,5,layers.0.blocks.1.attn.proj,INT6__2to4,INT6,6,6,2to4,2,4,0.5,69.44,88.89,0.20000000000000284,0.1799999999999926,32.612273186445236,True,succeeded,/storage/users/pdarbani/Mehrshad/Transformer/v4.0/pretrained-isolation-framework/outputs/imagenetv2/swin_tiny/swin_tiny_imagenetv2_layerwise.json
swin_tiny_imagenetv2,5,layers.0.blocks.1.attn.proj,INT6__3to8,INT6,6,6,3to8,3,8,0.625,69.49,88.81,0.15000000000000568,0.2599999999999909,31.95528295636177,True,succeeded,/storage/users/pdarbani/Mehrshad/Transformer/v4.0/pretrained-isolation-framework/outputs/imagenetv2/swin_tiny/swin_tiny_imagenetv2_layerwise.json
swin_tiny_imagenetv2,5,layers.0.blocks.1.attn.proj,INT6__4to8,INT6,6,6,4to8,4,8,0.5,69.53,88.88,0.10999999999999943,0.18999999999999773,32.64556987583637,True,succeeded,/storage/users/pdarbani/Mehrshad/Transformer/v4.0/pretrained-isolation-framework/outputs/imagenetv2/swin_tiny/swin_tiny_imagenetv2_layerwise.json
swin_tiny_imagenetv2,5,layers.0.blocks.1.attn.proj,INT6__dense,INT6,6,6,dense,,,0.0,69.67,89.05,-0.030000000000001137,0.01999999999999602,33.25729548372328,True,succeeded,/storage/users/pdarbani/Mehrshad/Transformer/v4.0/pretrained-isolation-framework/outputs/imagenetv2/swin_tiny/swin_tiny_imagenetv2_layerwise.json
swin_tiny_imagenetv2,5,layers.0.blocks.1.attn.proj,INT8__2to4,INT8,8,8,2to4,2,4,0.5,69.5,88.89,0.14000000000000057,0.1799999999999926,33.14326406829059,True,succeeded,/storage/users/pdarbani/Mehrshad/Transformer/v4.0/pretrained-isolation-framework/outputs/imagenetv2/swin_tiny/swin_tiny_imagenetv2_layerwise.json
swin_tiny_imagenetv2,5,layers.0.blocks.1.attn.proj,INT8__3to8,INT8,8,8,3to8,3,8,0.625,69.42,88.81,0.21999999999999886,0.2599999999999909,32.889527540653944,True,succeeded,/storage/users/pdarbani/Mehrshad/Transformer/v4.0/pretrained-isolation-framework/outputs/imagenetv2/swin_tiny/swin_tiny_imagenetv2_layerwise.json
swin_tiny_imagenetv2,5,layers.0.blocks.1.attn.proj,INT8__4to8,INT8,8,8,4to8,4,8,0.5,69.5,88.87,0.14000000000000057,0.19999999999998863,33.11164667643607,True,succeeded,/storage/users/pdarbani/Mehrshad/Transformer/v4.0/pretrained-isolation-framework/outputs/imagenetv2/swin_tiny/swin_tiny_imagenetv2_layerwise.json
swin_tiny_imagenetv2,5,layers.0.blocks.1.attn.proj,INT8__dense,INT8,8,8,dense,,,0.0,69.66,89.05,-0.01999999999999602,0.01999999999999602,32.65706512518227,True,succeeded,/storage/users/pdarbani/Mehrshad/Transformer/v4.0/pretrained-isolation-framework/outputs/imagenetv2/swin_tiny/swin_tiny_imagenetv2_layerwise.json
swin_tiny_imagenetv2,6,layers.0.blocks.1.mlp.fc1,FP32__2to4,FP32,32,32,2to4,2,4,0.5,69.46,88.63,0.18000000000000682,0.4399999999999977,32.63382375240326,True,succeeded,/storage/users/pdarbani/Mehrshad/Transformer/v4.0/pretrained-isolation-framework/outputs/imagenetv2/swin_tiny/swin_tiny_imagenetv2_layerwise.json
swin_tiny_imagenetv2,6,layers.0.blocks.1.mlp.fc1,FP32__3to8,FP32,32,32,3to8,3,8,0.625,69.18,88.8,0.45999999999999375,0.269999999999996,32.458817545324564,True,succeeded,/storage/users/pdarbani/Mehrshad/Transformer/v4.0/pretrained-isolation-framework/outputs/imagenetv2/swin_tiny/swin_tiny_imagenetv2_layerwise.json
swin_tiny_imagenetv2,6,layers.0.blocks.1.mlp.fc1,FP32__4to8,FP32,32,32,4to8,4,8,0.5,69.3,88.7,0.3400000000000034,0.36999999999999034,32.15840771794319,True,succeeded,/storage/users/pdarbani/Mehrshad/Transformer/v4.0/pretrained-isolation-framework/outputs/imagenetv2/swin_tiny/swin_tiny_imagenetv2_layerwise.json
swin_tiny_imagenetv2,6,layers.0.blocks.1.mlp.fc1,FP32__dense,FP32,32,32,dense,,,0.0,69.64,89.07,0.0,0.0,32.383520470932126,True,succeeded,/storage/users/pdarbani/Mehrshad/Transformer/v4.0/pretrained-isolation-framework/outputs/imagenetv2/swin_tiny/swin_tiny_imagenetv2_layerwise.json
swin_tiny_imagenetv2,6,layers.0.blocks.1.mlp.fc1,INT4__2to4,INT4,4,4,2to4,2,4,0.5,68.87,88.66,0.769999999999996,0.4099999999999966,32.80756493099034,True,succeeded,/storage/users/pdarbani/Mehrshad/Transformer/v4.0/pretrained-isolation-framework/outputs/imagenetv2/swin_tiny/swin_tiny_imagenetv2_layerwise.json
swin_tiny_imagenetv2,6,layers.0.blocks.1.mlp.fc1,INT4__3to8,INT4,4,4,3to8,3,8,0.625,68.76,88.62,0.8799999999999955,0.44999999999998863,33.14708778075874,True,succeeded,/storage/users/pdarbani/Mehrshad/Transformer/v4.0/pretrained-isolation-framework/outputs/imagenetv2/swin_tiny/swin_tiny_imagenetv2_layerwise.json
swin_tiny_imagenetv2,6,layers.0.blocks.1.mlp.fc1,INT4__4to8,INT4,4,4,4to8,4,8,0.5,68.78,88.66,0.8599999999999994,0.4099999999999966,32.72497956082225,True,succeeded,/storage/users/pdarbani/Mehrshad/Transformer/v4.0/pretrained-isolation-framework/outputs/imagenetv2/swin_tiny/swin_tiny_imagenetv2_layerwise.json
swin_tiny_imagenetv2,6,layers.0.blocks.1.mlp.fc1,INT4__dense,INT4,4,4,dense,,,0.0,68.89,88.78,0.75,0.28999999999999204,33.05016377195716,True,succeeded,/storage/users/pdarbani/Mehrshad/Transformer/v4.0/pretrained-isolation-framework/outputs/imagenetv2/swin_tiny/swin_tiny_imagenetv2_layerwise.json
swin_tiny_imagenetv2,6,layers.0.blocks.1.mlp.fc1,INT6__2to4,INT6,6,6,2to4,2,4,0.5,69.49,88.65,0.15000000000000568,0.4199999999999875,33.19384758733213,True,succeeded,/storage/users/pdarbani/Mehrshad/Transformer/v4.0/pretrained-isolation-framework/outputs/imagenetv2/swin_tiny/swin_tiny_imagenetv2_layerwise.json
swin_tiny_imagenetv2,6,layers.0.blocks.1.mlp.fc1,INT6__3to8,INT6,6,6,3to8,3,8,0.625,69.1,88.78,0.5400000000000063,0.28999999999999204,33.07815791666508,True,succeeded,/storage/users/pdarbani/Mehrshad/Transformer/v4.0/pretrained-isolation-framework/outputs/imagenetv2/swin_tiny/swin_tiny_imagenetv2_layerwise.json
swin_tiny_imagenetv2,6,layers.0.blocks.1.mlp.fc1,INT6__4to8,INT6,6,6,4to8,4,8,0.5,69.28,88.63,0.35999999999999943,0.4399999999999977,29.860237188637257,True,succeeded,/storage/users/pdarbani/Mehrshad/Transformer/v4.0/pretrained-isolation-framework/outputs/imagenetv2/swin_tiny/swin_tiny_imagenetv2_layerwise.json
swin_tiny_imagenetv2,6,layers.0.blocks.1.mlp.fc1,INT6__dense,INT6,6,6,dense,,,0.0,69.71,89.1,-0.06999999999999318,-0.030000000000001137,32.67826008424163,True,succeeded,/storage/users/pdarbani/Mehrshad/Transformer/v4.0/pretrained-isolation-framework/outputs/imagenetv2/swin_tiny/swin_tiny_imagenetv2_layerwise.json
swin_tiny_imagenetv2,6,layers.0.blocks.1.mlp.fc1,INT8__2to4,INT8,8,8,2to4,2,4,0.5,69.42,88.64,0.21999999999999886,0.4299999999999926,33.049546014517546,True,succeeded,/storage/users/pdarbani/Mehrshad/Transformer/v4.0/pretrained-isolation-framework/outputs/imagenetv2/swin_tiny/swin_tiny_imagenetv2_layerwise.json
swin_tiny_imagenetv2,6,layers.0.blocks.1.mlp.fc1,INT8__3to8,INT8,8,8,3to8,3,8,0.625,69.12,88.76,0.519999999999996,0.30999999999998806,32.611418433487415,True,succeeded,/storage/users/pdarbani/Mehrshad/Transformer/v4.0/pretrained-isolation-framework/outputs/imagenetv2/swin_tiny/swin_tiny_imagenetv2_layerwise.json
swin_tiny_imagenetv2,6,layers.0.blocks.1.mlp.fc1,INT8__4to8,INT8,8,8,4to8,4,8,0.5,69.28,88.68,0.35999999999999943,0.38999999999998636,32.803324937820435,True,succeeded,/storage/users/pdarbani/Mehrshad/Transformer/v4.0/pretrained-isolation-framework/outputs/imagenetv2/swin_tiny/swin_tiny_imagenetv2_layerwise.json
swin_tiny_imagenetv2,6,layers.0.blocks.1.mlp.fc1,INT8__dense,INT8,8,8,dense,,,0.0,69.66,89.06,-0.01999999999999602,0.009999999999990905,33.064980352297425,True,succeeded,/storage/users/pdarbani/Mehrshad/Transformer/v4.0/pretrained-isolation-framework/outputs/imagenetv2/swin_tiny/swin_tiny_imagenetv2_layerwise.json
swin_tiny_imagenetv2,7,layers.0.blocks.1.mlp.fc2,FP32__2to4,FP32,32,32,2to4,2,4,0.5,69.64,88.74,0.0,0.3299999999999983,32.848414313048124,True,succeeded,/storage/users/pdarbani/Mehrshad/Transformer/v4.0/pretrained-isolation-framework/outputs/imagenetv2/swin_tiny/swin_tiny_imagenetv2_layerwise.json
swin_tiny_imagenetv2,7,layers.0.blocks.1.mlp.fc2,FP32__3to8,FP32,32,32,3to8,3,8,0.625,69.31,88.58,0.3299999999999983,0.4899999999999949,32.60756256058812,True,succeeded,/storage/users/pdarbani/Mehrshad/Transformer/v4.0/pretrained-isolation-framework/outputs/imagenetv2/swin_tiny/swin_tiny_imagenetv2_layerwise.json
swin_tiny_imagenetv2,7,layers.0.blocks.1.mlp.fc2,FP32__4to8,FP32,32,32,4to8,4,8,0.5,69.56,88.95,0.0799999999999983,0.11999999999999034,32.536980057135224,True,succeeded,/storage/users/pdarbani/Mehrshad/Transformer/v4.0/pretrained-isolation-framework/outputs/imagenetv2/swin_tiny/swin_tiny_imagenetv2_layerwise.json
swin_tiny_imagenetv2,7,layers.0.blocks.1.mlp.fc2,FP32__dense,FP32,32,32,dense,,,0.0,69.64,89.07,0.0,0.0,32.96572029218078,True,succeeded,/storage/users/pdarbani/Mehrshad/Transformer/v4.0/pretrained-isolation-framework/outputs/imagenetv2/swin_tiny/swin_tiny_imagenetv2_layerwise.json
swin_tiny_imagenetv2,7,layers.0.blocks.1.mlp.fc2,INT4__2to4,INT4,4,4,2to4,2,4,0.5,68.47,88.23,1.1700000000000017,0.8399999999999892,33.397629991173744,True,succeeded,/storage/users/pdarbani/Mehrshad/Transformer/v4.0/pretrained-isolation-framework/outputs/imagenetv2/swin_tiny/swin_tiny_imagenetv2_layerwise.json
swin_tiny_imagenetv2,7,layers.0.blocks.1.mlp.fc2,INT4__3to8,INT4,4,4,3to8,3,8,0.625,68.41,88.2,1.230000000000004,0.8699999999999903,33.73638034239411,True,succeeded,/storage/users/pdarbani/Mehrshad/Transformer/v4.0/pretrained-isolation-framework/outputs/imagenetv2/swin_tiny/swin_tiny_imagenetv2_layerwise.json
swin_tiny_imagenetv2,7,layers.0.blocks.1.mlp.fc2,INT4__4to8,INT4,4,4,4to8,4,8,0.5,68.29,88.47,1.3499999999999943,0.5999999999999943,33.76053699851036,True,succeeded,/storage/users/pdarbani/Mehrshad/Transformer/v4.0/pretrained-isolation-framework/outputs/imagenetv2/swin_tiny/swin_tiny_imagenetv2_layerwise.json
swin_tiny_imagenetv2,7,layers.0.blocks.1.mlp.fc2,INT4__dense,INT4,4,4,dense,,,0.0,68.65,88.37,0.9899999999999949,0.6999999999999886,33.76849000900984,True,succeeded,/storage/users/pdarbani/Mehrshad/Transformer/v4.0/pretrained-isolation-framework/outputs/imagenetv2/swin_tiny/swin_tiny_imagenetv2_layerwise.json
swin_tiny_imagenetv2,7,layers.0.blocks.1.mlp.fc2,INT6__2to4,INT6,6,6,2to4,2,4,0.5,69.73,88.7,-0.09000000000000341,0.36999999999999034,33.69099273905158,True,succeeded,/storage/users/pdarbani/Mehrshad/Transformer/v4.0/pretrained-isolation-framework/outputs/imagenetv2/swin_tiny/swin_tiny_imagenetv2_layerwise.json
swin_tiny_imagenetv2,7,layers.0.blocks.1.mlp.fc2,INT6__3to8,INT6,6,6,3to8,3,8,0.625,69.57,88.63,0.07000000000000739,0.4399999999999977,33.88005897589028,True,succeeded,/storage/users/pdarbani/Mehrshad/Transformer/v4.0/pretrained-isolation-framework/outputs/imagenetv2/swin_tiny/swin_tiny_imagenetv2_layerwise.json
swin_tiny_imagenetv2,7,layers.0.blocks.1.mlp.fc2,INT6__4to8,INT6,6,6,4to8,4,8,0.5,69.63,88.97,0.010000000000005116,0.09999999999999432,34.389008946716785,True,succeeded,/storage/users/pdarbani/Mehrshad/Transformer/v4.0/pretrained-isolation-framework/outputs/imagenetv2/swin_tiny/swin_tiny_imagenetv2_layerwise.json
swin_tiny_imagenetv2,7,layers.0.blocks.1.mlp.fc2,INT6__dense,INT6,6,6,dense,,,0.0,69.4,89.01,0.23999999999999488,0.05999999999998806,33.98067732900381,True,succeeded,/storage/users/pdarbani/Mehrshad/Transformer/v4.0/pretrained-isolation-framework/outputs/imagenetv2/swin_tiny/swin_tiny_imagenetv2_layerwise.json
swin_tiny_imagenetv2,7,layers.0.blocks.1.mlp.fc2,INT8__2to4,INT8,8,8,2to4,2,4,0.5,69.58,88.7,0.060000000000002274,0.36999999999999034,33.520173735916615,True,succeeded,/storage/users/pdarbani/Mehrshad/Transformer/v4.0/pretrained-isolation-framework/outputs/imagenetv2/swin_tiny/swin_tiny_imagenetv2_layerwise.json
swin_tiny_imagenetv2,7,layers.0.blocks.1.mlp.fc2,INT8__3to8,INT8,8,8,3to8,3,8,0.625,69.3,88.59,0.3400000000000034,0.47999999999998977,33.76887738890946,True,succeeded,/storage/users/pdarbani/Mehrshad/Transformer/v4.0/pretrained-isolation-framework/outputs/imagenetv2/swin_tiny/swin_tiny_imagenetv2_layerwise.json
swin_tiny_imagenetv2,7,layers.0.blocks.1.mlp.fc2,INT8__4to8,INT8,8,8,4to8,4,8,0.5,69.53,88.93,0.10999999999999943,0.13999999999998636,33.83208757825196,True,succeeded,/storage/users/pdarbani/Mehrshad/Transformer/v4.0/pretrained-isolation-framework/outputs/imagenetv2/swin_tiny/swin_tiny_imagenetv2_layerwise.json
swin_tiny_imagenetv2,7,layers.0.blocks.1.mlp.fc2,INT8__dense,INT8,8,8,dense,,,0.0,69.65,89.05,-0.010000000000005116,0.01999999999999602,33.75156484358013,True,succeeded,/storage/users/pdarbani/Mehrshad/Transformer/v4.0/pretrained-isolation-framework/outputs/imagenetv2/swin_tiny/swin_tiny_imagenetv2_layerwise.json
swin_tiny_imagenetv2,8,layers.1.blocks.0.attn.qkv,FP32__2to4,FP32,32,32,2to4,2,4,0.5,69.56,88.91,0.0799999999999983,0.1599999999999966,32.66700444184244,True,succeeded,/storage/users/pdarbani/Mehrshad/Transformer/v4.0/pretrained-isolation-framework/outputs/imagenetv2/swin_tiny/swin_tiny_imagenetv2_layerwise.json
swin_tiny_imagenetv2,8,layers.1.blocks.0.attn.qkv,FP32__3to8,FP32,32,32,3to8,3,8,0.625,69.54,88.83,0.09999999999999432,0.23999999999999488,32.733646247535944,True,succeeded,/storage/users/pdarbani/Mehrshad/Transformer/v4.0/pretrained-isolation-framework/outputs/imagenetv2/swin_tiny/swin_tiny_imagenetv2_layerwise.json
swin_tiny_imagenetv2,8,layers.1.blocks.0.attn.qkv,FP32__4to8,FP32,32,32,4to8,4,8,0.5,69.72,88.97,-0.0799999999999983,0.09999999999999432,32.665000192821026,True,succeeded,/storage/users/pdarbani/Mehrshad/Transformer/v4.0/pretrained-isolation-framework/outputs/imagenetv2/swin_tiny/swin_tiny_imagenetv2_layerwise.json
swin_tiny_imagenetv2,8,layers.1.blocks.0.attn.qkv,FP32__dense,FP32,32,32,dense,,,0.0,69.64,89.07,0.0,0.0,32.94799652136862,True,succeeded,/storage/users/pdarbani/Mehrshad/Transformer/v4.0/pretrained-isolation-framework/outputs/imagenetv2/swin_tiny/swin_tiny_imagenetv2_layerwise.json
swin_tiny_imagenetv2,8,layers.1.blocks.0.attn.qkv,INT4__2to4,INT4,4,4,2to4,2,4,0.5,69.6,88.89,0.04000000000000625,0.1799999999999926,32.768809797242284,True,succeeded,/storage/users/pdarbani/Mehrshad/Transformer/v4.0/pretrained-isolation-framework/outputs/imagenetv2/swin_tiny/swin_tiny_imagenetv2_layerwise.json
swin_tiny_imagenetv2,8,layers.1.blocks.0.attn.qkv,INT4__3to8,INT4,4,4,3to8,3,8,0.625,69.56,88.85,0.0799999999999983,0.21999999999999886,33.42741599865258,True,succeeded,/storage/users/pdarbani/Mehrshad/Transformer/v4.0/pretrained-isolation-framework/outputs/imagenetv2/swin_tiny/swin_tiny_imagenetv2_layerwise.json
swin_tiny_imagenetv2,8,layers.1.blocks.0.attn.qkv,INT4__4to8,INT4,4,4,4to8,4,8,0.5,69.54,88.89,0.09999999999999432,0.1799999999999926,32.74514218606055,True,succeeded,/storage/users/pdarbani/Mehrshad/Transformer/v4.0/pretrained-isolation-framework/outputs/imagenetv2/swin_tiny/swin_tiny_imagenetv2_layerwise.json
swin_tiny_imagenetv2,8,layers.1.blocks.0.attn.qkv,INT4__dense,INT4,4,4,dense,,,0.0,69.58,89.01,0.060000000000002274,0.05999999999998806,33.022737769410014,True,succeeded,/storage/users/pdarbani/Mehrshad/Transformer/v4.0/pretrained-isolation-framework/outputs/imagenetv2/swin_tiny/swin_tiny_imagenetv2_layerwise.json
swin_tiny_imagenetv2,8,layers.1.blocks.0.attn.qkv,INT6__2to4,INT6,6,6,2to4,2,4,0.5,69.58,88.92,0.060000000000002274,0.14999999999999147,32.46278880350292,True,succeeded,/storage/users/pdarbani/Mehrshad/Transformer/v4.0/pretrained-isolation-framework/outputs/imagenetv2/swin_tiny/swin_tiny_imagenetv2_layerwise.json
swin_tiny_imagenetv2,8,layers.1.blocks.0.attn.qkv,INT6__3to8,INT6,6,6,3to8,3,8,0.625,69.47,88.87,0.1700000000000017,0.19999999999998863,33.066371439024806,True,succeeded,/storage/users/pdarbani/Mehrshad/Transformer/v4.0/pretrained-isolation-framework/outputs/imagenetv2/swin_tiny/swin_tiny_imagenetv2_layerwise.json
swin_tiny_imagenetv2,8,layers.1.blocks.0.attn.qkv,INT6__4to8,INT6,6,6,4to8,4,8,0.5,69.72,88.95,-0.0799999999999983,0.11999999999999034,32.75497702509165,True,succeeded,/storage/users/pdarbani/Mehrshad/Transformer/v4.0/pretrained-isolation-framework/outputs/imagenetv2/swin_tiny/swin_tiny_imagenetv2_layerwise.json
swin_tiny_imagenetv2,8,layers.1.blocks.0.attn.qkv,INT6__dense,INT6,6,6,dense,,,0.0,69.64,89.05,0.0,0.01999999999999602,32.89319780096412,True,succeeded,/storage/users/pdarbani/Mehrshad/Transformer/v4.0/pretrained-isolation-framework/outputs/imagenetv2/swin_tiny/swin_tiny_imagenetv2_layerwise.json
swin_tiny_imagenetv2,8,layers.1.blocks.0.attn.qkv,INT8__2to4,INT8,8,8,2to4,2,4,0.5,69.57,88.88,0.07000000000000739,0.18999999999999773,32.287773156538606,True,succeeded,/storage/users/pdarbani/Mehrshad/Transformer/v4.0/pretrained-isolation-framework/outputs/imagenetv2/swin_tiny/swin_tiny_imagenetv2_layerwise.json
swin_tiny_imagenetv2,8,layers.1.blocks.0.attn.qkv,INT8__3to8,INT8,8,8,3to8,3,8,0.625,69.56,88.84,0.0799999999999983,0.22999999999998977,32.59516541287303,True,succeeded,/storage/users/pdarbani/Mehrshad/Transformer/v4.0/pretrained-isolation-framework/outputs/imagenetv2/swin_tiny/swin_tiny_imagenetv2_layerwise.json
swin_tiny_imagenetv2,8,layers.1.blocks.0.attn.qkv,INT8__4to8,INT8,8,8,4to8,4,8,0.5,69.72,88.95,-0.0799999999999983,0.11999999999999034,30.647994792088866,True,succeeded,/storage/users/pdarbani/Mehrshad/Transformer/v4.0/pretrained-isolation-framework/outputs/imagenetv2/swin_tiny/swin_tiny_imagenetv2_layerwise.json
swin_tiny_imagenetv2,8,layers.1.blocks.0.attn.qkv,INT8__dense,INT8,8,8,dense,,,0.0,69.66,89.05,-0.01999999999999602,0.01999999999999602,33.261740766465664,True,succeeded,/storage/users/pdarbani/Mehrshad/Transformer/v4.0/pretrained-isolation-framework/outputs/imagenetv2/swin_tiny/swin_tiny_imagenetv2_layerwise.json
swin_tiny_imagenetv2,9,layers.1.blocks.0.attn.proj,FP32__2to4,FP32,32,32,2to4,2,4,0.5,69.47,88.97,0.1700000000000017,0.09999999999999432,32.512897092849016,True,succeeded,/storage/users/pdarbani/Mehrshad/Transformer/v4.0/pretrained-isolation-framework/outputs/imagenetv2/swin_tiny/swin_tiny_imagenetv2_layerwise.json
swin_tiny_imagenetv2,9,layers.1.blocks.0.attn.proj,FP32__3to8,FP32,32,32,3to8,3,8,0.625,69.5,88.87,0.14000000000000057,0.19999999999998863,33.04410142637789,True,succeeded,/storage/users/pdarbani/Mehrshad/Transformer/v4.0/pretrained-isolation-framework/outputs/imagenetv2/swin_tiny/swin_tiny_imagenetv2_layerwise.json
swin_tiny_imagenetv2,9,layers.1.blocks.0.attn.proj,FP32__4to8,FP32,32,32,4to8,4,8,0.5,69.42,89.03,0.21999999999999886,0.03999999999999204,33.01306368410587,True,succeeded,/storage/users/pdarbani/Mehrshad/Transformer/v4.0/pretrained-isolation-framework/outputs/imagenetv2/swin_tiny/swin_tiny_imagenetv2_layerwise.json
swin_tiny_imagenetv2,9,layers.1.blocks.0.attn.proj,FP32__dense,FP32,32,32,dense,,,0.0,69.64,89.07,0.0,0.0,32.74854854121804,True,succeeded,/storage/users/pdarbani/Mehrshad/Transformer/v4.0/pretrained-isolation-framework/outputs/imagenetv2/swin_tiny/swin_tiny_imagenetv2_layerwise.json
swin_tiny_imagenetv2,9,layers.1.blocks.0.attn.proj,INT4__2to4,INT4,4,4,2to4,2,4,0.5,69.56,88.87,0.0799999999999983,0.19999999999998863,32.586120614781976,True,succeeded,/storage/users/pdarbani/Mehrshad/Transformer/v4.0/pretrained-isolation-framework/outputs/imagenetv2/swin_tiny/swin_tiny_imagenetv2_layerwise.json
swin_tiny_imagenetv2,9,layers.1.blocks.0.attn.proj,INT4__3to8,INT4,4,4,3to8,3,8,0.625,69.4,88.86,0.23999999999999488,0.20999999999999375,32.875732745975256,True,succeeded,/storage/users/pdarbani/Mehrshad/Transformer/v4.0/pretrained-isolation-framework/outputs/imagenetv2/swin_tiny/swin_tiny_imagenetv2_layerwise.json
swin_tiny_imagenetv2,9,layers.1.blocks.0.attn.proj,INT4__4to8,INT4,4,4,4to8,4,8,0.5,69.65,89.02,-0.010000000000005116,0.04999999999999716,30.68967721797526,True,succeeded,/storage/users/pdarbani/Mehrshad/Transformer/v4.0/pretrained-isolation-framework/outputs/imagenetv2/swin_tiny/swin_tiny_imagenetv2_layerwise.json
swin_tiny_imagenetv2,9,layers.1.blocks.0.attn.proj,INT4__dense,INT4,4,4,dense,,,0.0,69.48,88.94,0.1599999999999966,0.12999999999999545,32.962855538353324,True,succeeded,/storage/users/pdarbani/Mehrshad/Transformer/v4.0/pretrained-isolation-framework/outputs/imagenetv2/swin_tiny/swin_tiny_imagenetv2_layerwise.json
swin_tiny_imagenetv2,9,layers.1.blocks.0.attn.proj,INT6__2to4,INT6,6,6,2to4,2,4,0.5,69.55,88.92,0.09000000000000341,0.14999999999999147,32.435165636241436,True,succeeded,/storage/users/pdarbani/Mehrshad/Transformer/v4.0/pretrained-isolation-framework/outputs/imagenetv2/swin_tiny/swin_tiny_imagenetv2_layerwise.json
swin_tiny_imagenetv2,9,layers.1.blocks.0.attn.proj,INT6__3to8,INT6,6,6,3to8,3,8,0.625,69.41,88.88,0.23000000000000398,0.18999999999999773,32.42448656074703,True,succeeded,/storage/users/pdarbani/Mehrshad/Transformer/v4.0/pretrained-isolation-framework/outputs/imagenetv2/swin_tiny/swin_tiny_imagenetv2_layerwise.json
swin_tiny_imagenetv2,9,layers.1.blocks.0.attn.proj,INT6__4to8,INT6,6,6,4to8,4,8,0.5,69.45,88.99,0.18999999999999773,0.0799999999999983,32.79318937845528,True,succeeded,/storage/users/pdarbani/Mehrshad/Transformer/v4.0/pretrained-isolation-framework/outputs/imagenetv2/swin_tiny/swin_tiny_imagenetv2_layerwise.json
swin_tiny_imagenetv2,9,layers.1.blocks.0.attn.proj,INT6__dense,INT6,6,6,dense,,,0.0,69.6,89.08,0.04000000000000625,-0.010000000000005116,33.09642550908029,True,succeeded,/storage/users/pdarbani/Mehrshad/Transformer/v4.0/pretrained-isolation-framework/outputs/imagenetv2/swin_tiny/swin_tiny_imagenetv2_layerwise.json
swin_tiny_imagenetv2,9,layers.1.blocks.0.attn.proj,INT8__2to4,INT8,8,8,2to4,2,4,0.5,69.51,88.96,0.12999999999999545,0.10999999999999943,33.2751839235425,True,succeeded,/storage/users/pdarbani/Mehrshad/Transformer/v4.0/pretrained-isolation-framework/outputs/imagenetv2/swin_tiny/swin_tiny_imagenetv2_layerwise.json
swin_tiny_imagenetv2,9,layers.1.blocks.0.attn.proj,INT8__3to8,INT8,8,8,3to8,3,8,0.625,69.46,88.85,0.18000000000000682,0.21999999999999886,32.98975087329745,True,succeeded,/storage/users/pdarbani/Mehrshad/Transformer/v4.0/pretrained-isolation-framework/outputs/imagenetv2/swin_tiny/swin_tiny_imagenetv2_layerwise.json
swin_tiny_imagenetv2,9,layers.1.blocks.0.attn.proj,INT8__4to8,INT8,8,8,4to8,4,8,0.5,69.44,89.05,0.20000000000000284,0.01999999999999602,32.54588644951582,True,succeeded,/storage/users/pdarbani/Mehrshad/Transformer/v4.0/pretrained-isolation-framework/outputs/imagenetv2/swin_tiny/swin_tiny_imagenetv2_layerwise.json
swin_tiny_imagenetv2,9,layers.1.blocks.0.attn.proj,INT8__dense,INT8,8,8,dense,,,0.0,69.62,89.09,0.01999999999999602,-0.020000000000010232,32.558552948758006,True,succeeded,/storage/users/pdarbani/Mehrshad/Transformer/v4.0/pretrained-isolation-framework/outputs/imagenetv2/swin_tiny/swin_tiny_imagenetv2_layerwise.json
swin_tiny_imagenetv2,10,layers.1.blocks.0.mlp.fc1,FP32__2to4,FP32,32,32,2to4,2,4,0.5,69.43,88.8,0.20999999999999375,0.269999999999996,32.865667663514614,True,succeeded,/storage/users/pdarbani/Mehrshad/Transformer/v4.0/pretrained-isolation-framework/outputs/imagenetv2/swin_tiny/swin_tiny_imagenetv2_layerwise.json
swin_tiny_imagenetv2,10,layers.1.blocks.0.mlp.fc1,FP32__3to8,FP32,32,32,3to8,3,8,0.625,69.2,88.7,0.4399999999999977,0.36999999999999034,32.8520076405257,True,succeeded,/storage/users/pdarbani/Mehrshad/Transformer/v4.0/pretrained-isolation-framework/outputs/imagenetv2/swin_tiny/swin_tiny_imagenetv2_layerwise.json
swin_tiny_imagenetv2,10,layers.1.blocks.0.mlp.fc1,FP32__4to8,FP32,32,32,4to8,4,8,0.5,69.62,88.88,0.01999999999999602,0.18999999999999773,32.63062042184174,True,succeeded,/storage/users/pdarbani/Mehrshad/Transformer/v4.0/pretrained-isolation-framework/outputs/imagenetv2/swin_tiny/swin_tiny_imagenetv2_layerwise.json
swin_tiny_imagenetv2,10,layers.1.blocks.0.mlp.fc1,FP32__dense,FP32,32,32,dense,,,0.0,69.64,89.07,0.0,0.0,32.51726308837533,True,succeeded,/storage/users/pdarbani/Mehrshad/Transformer/v4.0/pretrained-isolation-framework/outputs/imagenetv2/swin_tiny/swin_tiny_imagenetv2_layerwise.json
swin_tiny_imagenetv2,10,layers.1.blocks.0.mlp.fc1,INT4__2to4,INT4,4,4,2to4,2,4,0.5,69.26,88.65,0.37999999999999545,0.4199999999999875,30.128045743331313,True,succeeded,/storage/users/pdarbani/Mehrshad/Transformer/v4.0/pretrained-isolation-framework/outputs/imagenetv2/swin_tiny/swin_tiny_imagenetv2_layerwise.json
swin_tiny_imagenetv2,10,layers.1.blocks.0.mlp.fc1,INT4__3to8,INT4,4,4,3to8,3,8,0.625,68.97,88.66,0.6700000000000017,0.4099999999999966,32.88604610785842,True,succeeded,/storage/users/pdarbani/Mehrshad/Transformer/v4.0/pretrained-isolation-framework/outputs/imagenetv2/swin_tiny/swin_tiny_imagenetv2_layerwise.json
swin_tiny_imagenetv2,10,layers.1.blocks.0.mlp.fc1,INT4__4to8,INT4,4,4,4to8,4,8,0.5,69.47,88.76,0.1700000000000017,0.30999999999998806,32.839912889525294,True,succeeded,/storage/users/pdarbani/Mehrshad/Transformer/v4.0/pretrained-isolation-framework/outputs/imagenetv2/swin_tiny/swin_tiny_imagenetv2_layerwise.json
swin_tiny_imagenetv2,10,layers.1.blocks.0.mlp.fc1,INT4__dense,INT4,4,4,dense,,,0.0,69.15,88.71,0.4899999999999949,0.35999999999999943,32.97349442541599,True,succeeded,/storage/users/pdarbani/Mehrshad/Transformer/v4.0/pretrained-isolation-framework/outputs/imagenetv2/swin_tiny/swin_tiny_imagenetv2_layerwise.json
swin_tiny_imagenetv2,10,layers.1.blocks.0.mlp.fc1,INT6__2to4,INT6,6,6,2to4,2,4,0.5,69.43,88.79,0.20999999999999375,0.2799999999999869,32.956879740580916,True,succeeded,/storage/users/pdarbani/Mehrshad/Transformer/v4.0/pretrained-isolation-framework/outputs/imagenetv2/swin_tiny/swin_tiny_imagenetv2_layerwise.json
swin_tiny_imagenetv2,10,layers.1.blocks.0.mlp.fc1,INT6__3to8,INT6,6,6,3to8,3,8,0.625,69.2,88.65,0.4399999999999977,0.4199999999999875,32.937956631183624,True,succeeded,/storage/users/pdarbani/Mehrshad/Transformer/v4.0/pretrained-isolation-framework/outputs/imagenetv2/swin_tiny/swin_tiny_imagenetv2_layerwise.json
swin_tiny_imagenetv2,10,layers.1.blocks.0.mlp.fc1,INT6__4to8,INT6,6,6,4to8,4,8,0.5,69.67,88.92,-0.030000000000001137,0.14999999999999147,33.33199482038617,True,succeeded,/storage/users/pdarbani/Mehrshad/Transformer/v4.0/pretrained-isolation-framework/outputs/imagenetv2/swin_tiny/swin_tiny_imagenetv2_layerwise.json
swin_tiny_imagenetv2,10,layers.1.blocks.0.mlp.fc1,INT6__dense,INT6,6,6,dense,,,0.0,69.66,89.07,-0.01999999999999602,0.0,32.70328184403479,True,succeeded,/storage/users/pdarbani/Mehrshad/Transformer/v4.0/pretrained-isolation-framework/outputs/imagenetv2/swin_tiny/swin_tiny_imagenetv2_layerwise.json
swin_tiny_imagenetv2,10,layers.1.blocks.0.mlp.fc1,INT8__2to4,INT8,8,8,2to4,2,4,0.5,69.44,88.81,0.20000000000000284,0.2599999999999909,33.07215123809874,True,succeeded,/storage/users/pdarbani/Mehrshad/Transformer/v4.0/pretrained-isolation-framework/outputs/imagenetv2/swin_tiny/swin_tiny_imagenetv2_layerwise.json
swin_tiny_imagenetv2,10,layers.1.blocks.0.mlp.fc1,INT8__3to8,INT8,8,8,3to8,3,8,0.625,69.22,88.71,0.4200000000000017,0.35999999999999943,32.581612542271614,True,succeeded,/storage/users/pdarbani/Mehrshad/Transformer/v4.0/pretrained-isolation-framework/outputs/imagenetv2/swin_tiny/swin_tiny_imagenetv2_layerwise.json
swin_tiny_imagenetv2,10,layers.1.blocks.0.mlp.fc1,INT8__4to8,INT8,8,8,4to8,4,8,0.5,69.63,88.89,0.010000000000005116,0.1799999999999926,32.88077044300735,True,succeeded,/storage/users/pdarbani/Mehrshad/Transformer/v4.0/pretrained-isolation-framework/outputs/imagenetv2/swin_tiny/swin_tiny_imagenetv2_layerwise.json
swin_tiny_imagenetv2,10,layers.1.blocks.0.mlp.fc1,INT8__dense,INT8,8,8,dense,,,0.0,69.67,89.05,-0.030000000000001137,0.01999999999999602,32.98754411749542,True,succeeded,/storage/users/pdarbani/Mehrshad/Transformer/v4.0/pretrained-isolation-framework/outputs/imagenetv2/swin_tiny/swin_tiny_imagenetv2_layerwise.json
swin_tiny_imagenetv2,11,layers.1.blocks.0.mlp.fc2,FP32__2to4,FP32,32,32,2to4,2,4,0.5,69.14,88.8,0.5,0.269999999999996,32.54309080913663,True,succeeded,/storage/users/pdarbani/Mehrshad/Transformer/v4.0/pretrained-isolation-framework/outputs/imagenetv2/swin_tiny/swin_tiny_imagenetv2_layerwise.json
swin_tiny_imagenetv2,11,layers.1.blocks.0.mlp.fc2,FP32__3to8,FP32,32,32,3to8,3,8,0.625,68.65,88.35,0.9899999999999949,0.7199999999999989,32.83468094095588,True,succeeded,/storage/users/pdarbani/Mehrshad/Transformer/v4.0/pretrained-isolation-framework/outputs/imagenetv2/swin_tiny/swin_tiny_imagenetv2_layerwise.json
swin_tiny_imagenetv2,11,layers.1.blocks.0.mlp.fc2,FP32__4to8,FP32,32,32,4to8,4,8,0.5,69.22,88.61,0.4200000000000017,0.45999999999999375,32.78656047396362,True,succeeded,/storage/users/pdarbani/Mehrshad/Transformer/v4.0/pretrained-isolation-framework/outputs/imagenetv2/swin_tiny/swin_tiny_imagenetv2_layerwise.json
swin_tiny_imagenetv2,11,layers.1.blocks.0.mlp.fc2,FP32__dense,FP32,32,32,dense,,,0.0,69.64,89.07,0.0,0.0,32.21711420081556,True,succeeded,/storage/users/pdarbani/Mehrshad/Transformer/v4.0/pretrained-isolation-framework/outputs/imagenetv2/swin_tiny/swin_tiny_imagenetv2_layerwise.json
swin_tiny_imagenetv2,11,layers.1.blocks.0.mlp.fc2,INT4__2to4,INT4,4,4,2to4,2,4,0.5,59.38,81.54,10.259999999999998,7.529999999999987,31.947711285203695,True,succeeded,/storage/users/pdarbani/Mehrshad/Transformer/v4.0/pretrained-isolation-framework/outputs/imagenetv2/swin_tiny/swin_tiny_imagenetv2_layerwise.json
swin_tiny_imagenetv2,11,layers.1.blocks.0.mlp.fc2,INT4__3to8,INT4,4,4,3to8,3,8,0.625,59.21,81.49,10.43,7.579999999999998,31.961096493527293,True,succeeded,/storage/users/pdarbani/Mehrshad/Transformer/v4.0/pretrained-isolation-framework/outputs/imagenetv2/swin_tiny/swin_tiny_imagenetv2_layerwise.json
swin_tiny_imagenetv2,11,layers.1.blocks.0.mlp.fc2,INT4__4to8,INT4,4,4,4to8,4,8,0.5,59.49,81.6,10.149999999999999,7.469999999999999,31.868094064295292,True,succeeded,/storage/users/pdarbani/Mehrshad/Transformer/v4.0/pretrained-isolation-framework/outputs/imagenetv2/swin_tiny/swin_tiny_imagenetv2_layerwise.json
swin_tiny_imagenetv2,11,layers.1.blocks.0.mlp.fc2,INT4__dense,INT4,4,4,dense,,,0.0,59.69,81.93,9.950000000000003,7.139999999999986,30.808556135743856,True,succeeded,/storage/users/pdarbani/Mehrshad/Transformer/v4.0/pretrained-isolation-framework/outputs/imagenetv2/swin_tiny/swin_tiny_imagenetv2_layerwise.json
swin_tiny_imagenetv2,11,layers.1.blocks.0.mlp.fc2,INT6__2to4,INT6,6,6,2to4,2,4,0.5,69.38,88.73,0.2600000000000051,0.3399999999999892,33.256224071606994,True,succeeded,/storage/users/pdarbani/Mehrshad/Transformer/v4.0/pretrained-isolation-framework/outputs/imagenetv2/swin_tiny/swin_tiny_imagenetv2_layerwise.json
swin_tiny_imagenetv2,11,layers.1.blocks.0.mlp.fc2,INT6__3to8,INT6,6,6,3to8,3,8,0.625,69.1,88.54,0.5400000000000063,0.5299999999999869,31.613041238859296,True,succeeded,/storage/users/pdarbani/Mehrshad/Transformer/v4.0/pretrained-isolation-framework/outputs/imagenetv2/swin_tiny/swin_tiny_imagenetv2_layerwise.json
swin_tiny_imagenetv2,11,layers.1.blocks.0.mlp.fc2,INT6__4to8,INT6,6,6,4to8,4,8,0.5,69.01,88.51,0.6299999999999955,0.5599999999999881,32.84260241873562,True,succeeded,/storage/users/pdarbani/Mehrshad/Transformer/v4.0/pretrained-isolation-framework/outputs/imagenetv2/swin_tiny/swin_tiny_imagenetv2_layerwise.json
swin_tiny_imagenetv2,11,layers.1.blocks.0.mlp.fc2,INT6__dense,INT6,6,6,dense,,,0.0,68.43,87.92,1.2099999999999937,1.1499999999999915,32.950035629794,True,succeeded,/storage/users/pdarbani/Mehrshad/Transformer/v4.0/pretrained-isolation-framework/outputs/imagenetv2/swin_tiny/swin_tiny_imagenetv2_layerwise.json
swin_tiny_imagenetv2,11,layers.1.blocks.0.mlp.fc2,INT8__2to4,INT8,8,8,2to4,2,4,0.5,69.11,88.83,0.5300000000000011,0.23999999999999488,33.114402236416936,True,succeeded,/storage/users/pdarbani/Mehrshad/Transformer/v4.0/pretrained-isolation-framework/outputs/imagenetv2/swin_tiny/swin_tiny_imagenetv2_layerwise.json
swin_tiny_imagenetv2,11,layers.1.blocks.0.mlp.fc2,INT8__3to8,INT8,8,8,3to8,3,8,0.625,68.68,88.39,0.9599999999999937,0.6799999999999926,33.09342218004167,True,succeeded,/storage/users/pdarbani/Mehrshad/Transformer/v4.0/pretrained-isolation-framework/outputs/imagenetv2/swin_tiny/swin_tiny_imagenetv2_layerwise.json
swin_tiny_imagenetv2,11,layers.1.blocks.0.mlp.fc2,INT8__4to8,INT8,8,8,4to8,4,8,0.5,69.26,88.68,0.37999999999999545,0.38999999999998636,33.03591481409967,True,succeeded,/storage/users/pdarbani/Mehrshad/Transformer/v4.0/pretrained-isolation-framework/outputs/imagenetv2/swin_tiny/swin_tiny_imagenetv2_layerwise.json
swin_tiny_imagenetv2,11,layers.1.blocks.0.mlp.fc2,INT8__dense,INT8,8,8,dense,,,0.0,69.71,89.06,-0.06999999999999318,0.009999999999990905,33.488330671563745,True,succeeded,/storage/users/pdarbani/Mehrshad/Transformer/v4.0/pretrained-isolation-framework/outputs/imagenetv2/swin_tiny/swin_tiny_imagenetv2_layerwise.json
swin_tiny_imagenetv2,12,layers.1.blocks.1.attn.qkv,FP32__2to4,FP32,32,32,2to4,2,4,0.5,69.51,88.85,0.12999999999999545,0.21999999999999886,31.20347246900201,True,succeeded,/storage/users/pdarbani/Mehrshad/Transformer/v4.0/pretrained-isolation-framework/outputs/imagenetv2/swin_tiny/swin_tiny_imagenetv2_layerwise.json
swin_tiny_imagenetv2,12,layers.1.blocks.1.attn.qkv,FP32__3to8,FP32,32,32,3to8,3,8,0.625,69.27,88.8,0.37000000000000455,0.269999999999996,31.197704270482063,True,succeeded,/storage/users/pdarbani/Mehrshad/Transformer/v4.0/pretrained-isolation-framework/outputs/imagenetv2/swin_tiny/swin_tiny_imagenetv2_layerwise.json
swin_tiny_imagenetv2,12,layers.1.blocks.1.attn.qkv,FP32__4to8,FP32,32,32,4to8,4,8,0.5,69.33,88.83,0.3100000000000023,0.23999999999999488,31.335764836519957,True,succeeded,/storage/users/pdarbani/Mehrshad/Transformer/v4.0/pretrained-isolation-framework/outputs/imagenetv2/swin_tiny/swin_tiny_imagenetv2_layerwise.json
swin_tiny_imagenetv2,12,layers.1.blocks.1.attn.qkv,FP32__dense,FP32,32,32,dense,,,0.0,69.64,89.07,0.0,0.0,30.901918418705463,True,succeeded,/storage/users/pdarbani/Mehrshad/Transformer/v4.0/pretrained-isolation-framework/outputs/imagenetv2/swin_tiny/swin_tiny_imagenetv2_layerwise.json
swin_tiny_imagenetv2,12,layers.1.blocks.1.attn.qkv,INT4__2to4,INT4,4,4,2to4,2,4,0.5,69.35,88.82,0.29000000000000625,0.25,32.262152237817645,True,succeeded,/storage/users/pdarbani/Mehrshad/Transformer/v4.0/pretrained-isolation-framework/outputs/imagenetv2/swin_tiny/swin_tiny_imagenetv2_layerwise.json
swin_tiny_imagenetv2,12,layers.1.blocks.1.attn.qkv,INT4__3to8,INT4,4,4,3to8,3,8,0.625,69.25,88.77,0.39000000000000057,0.29999999999999716,32.604192504659295,True,succeeded,/storage/users/pdarbani/Mehrshad/Transformer/v4.0/pretrained-isolation-framework/outputs/imagenetv2/swin_tiny/swin_tiny_imagenetv2_layerwise.json
swin_tiny_imagenetv2,12,layers.1.blocks.1.attn.qkv,INT4__4to8,INT4,4,4,4to8,4,8,0.5,69.32,88.86,0.3200000000000074,0.20999999999999375,29.658714534714818,True,succeeded,/storage/users/pdarbani/Mehrshad/Transformer/v4.0/pretrained-isolation-framework/outputs/imagenetv2/swin_tiny/swin_tiny_imagenetv2_layerwise.json
swin_tiny_imagenetv2,12,layers.1.blocks.1.attn.qkv,INT4__dense,INT4,4,4,dense,,,0.0,69.6,88.96,0.04000000000000625,0.10999999999999943,31.922514975070953,True,succeeded,/storage/users/pdarbani/Mehrshad/Transformer/v4.0/pretrained-isolation-framework/outputs/imagenetv2/swin_tiny/swin_tiny_imagenetv2_layerwise.json
swin_tiny_imagenetv2,12,layers.1.blocks.1.attn.qkv,INT6__2to4,INT6,6,6,2to4,2,4,0.5,69.52,88.85,0.12000000000000455,0.21999999999999886,31.77420451492071,True,succeeded,/storage/users/pdarbani/Mehrshad/Transformer/v4.0/pretrained-isolation-framework/outputs/imagenetv2/swin_tiny/swin_tiny_imagenetv2_layerwise.json
swin_tiny_imagenetv2,12,layers.1.blocks.1.attn.qkv,INT6__3to8,INT6,6,6,3to8,3,8,0.625,69.22,88.8,0.4200000000000017,0.269999999999996,31.930119117721915,True,succeeded,/storage/users/pdarbani/Mehrshad/Transformer/v4.0/pretrained-isolation-framework/outputs/imagenetv2/swin_tiny/swin_tiny_imagenetv2_layerwise.json
swin_tiny_imagenetv2,12,layers.1.blocks.1.attn.qkv,INT6__4to8,INT6,6,6,4to8,4,8,0.5,69.25,88.87,0.39000000000000057,0.19999999999998863,31.809401584789157,True,succeeded,/storage/users/pdarbani/Mehrshad/Transformer/v4.0/pretrained-isolation-framework/outputs/imagenetv2/swin_tiny/swin_tiny_imagenetv2_layerwise.json
swin_tiny_imagenetv2,12,layers.1.blocks.1.attn.qkv,INT6__dense,INT6,6,6,dense,,,0.0,69.65,89.08,-0.010000000000005116,-0.010000000000005116,31.781138395890594,True,succeeded,/storage/users/pdarbani/Mehrshad/Transformer/v4.0/pretrained-isolation-framework/outputs/imagenetv2/swin_tiny/swin_tiny_imagenetv2_layerwise.json
swin_tiny_imagenetv2,12,layers.1.blocks.1.attn.qkv,INT8__2to4,INT8,8,8,2to4,2,4,0.5,69.48,88.85,0.1599999999999966,0.21999999999999886,31.94142636656761,True,succeeded,/storage/users/pdarbani/Mehrshad/Transformer/v4.0/pretrained-isolation-framework/outputs/imagenetv2/swin_tiny/swin_tiny_imagenetv2_layerwise.json
swin_tiny_imagenetv2,12,layers.1.blocks.1.attn.qkv,INT8__3to8,INT8,8,8,3to8,3,8,0.625,69.24,88.8,0.4000000000000057,0.269999999999996,31.52928452566266,True,succeeded,/storage/users/pdarbani/Mehrshad/Transformer/v4.0/pretrained-isolation-framework/outputs/imagenetv2/swin_tiny/swin_tiny_imagenetv2_layerwise.json
swin_tiny_imagenetv2,12,layers.1.blocks.1.attn.qkv,INT8__4to8,INT8,8,8,4to8,4,8,0.5,69.35,88.86,0.29000000000000625,0.20999999999999375,32.07155066356063,True,succeeded,/storage/users/pdarbani/Mehrshad/Transformer/v4.0/pretrained-isolation-framework/outputs/imagenetv2/swin_tiny/swin_tiny_imagenetv2_layerwise.json
swin_tiny_imagenetv2,12,layers.1.blocks.1.attn.qkv,INT8__dense,INT8,8,8,dense,,,0.0,69.69,89.08,-0.04999999999999716,-0.010000000000005116,31.722787955775857,True,succeeded,/storage/users/pdarbani/Mehrshad/Transformer/v4.0/pretrained-isolation-framework/outputs/imagenetv2/swin_tiny/swin_tiny_imagenetv2_layerwise.json
swin_tiny_imagenetv2,13,layers.1.blocks.1.attn.proj,FP32__2to4,FP32,32,32,2to4,2,4,0.5,69.57,88.87,0.07000000000000739,0.19999999999998863,32.33172630518675,True,succeeded,/storage/users/pdarbani/Mehrshad/Transformer/v4.0/pretrained-isolation-framework/outputs/imagenetv2/swin_tiny/swin_tiny_imagenetv2_layerwise.json
swin_tiny_imagenetv2,13,layers.1.blocks.1.attn.proj,FP32__3to8,FP32,32,32,3to8,3,8,0.625,69.41,88.78,0.23000000000000398,0.28999999999999204,31.971411822363734,True,succeeded,/storage/users/pdarbani/Mehrshad/Transformer/v4.0/pretrained-isolation-framework/outputs/imagenetv2/swin_tiny/swin_tiny_imagenetv2_layerwise.json
swin_tiny_imagenetv2,13,layers.1.blocks.1.attn.proj,FP32__4to8,FP32,32,32,4to8,4,8,0.5,69.64,88.79,0.0,0.2799999999999869,32.26999903656542,True,succeeded,/storage/users/pdarbani/Mehrshad/Transformer/v4.0/pretrained-isolation-framework/outputs/imagenetv2/swin_tiny/swin_tiny_imagenetv2_layerwise.json
swin_tiny_imagenetv2,13,layers.1.blocks.1.attn.proj,FP32__dense,FP32,32,32,dense,,,0.0,69.64,89.07,0.0,0.0,32.282538175582886,True,succeeded,/storage/users/pdarbani/Mehrshad/Transformer/v4.0/pretrained-isolation-framework/outputs/imagenetv2/swin_tiny/swin_tiny_imagenetv2_layerwise.json
swin_tiny_imagenetv2,13,layers.1.blocks.1.attn.proj,INT4__2to4,INT4,4,4,2to4,2,4,0.5,69.31,88.74,0.3299999999999983,0.3299999999999983,28.85819384455681,True,succeeded,/storage/users/pdarbani/Mehrshad/Transformer/v4.0/pretrained-isolation-framework/outputs/imagenetv2/swin_tiny/swin_tiny_imagenetv2_layerwise.json
swin_tiny_imagenetv2,13,layers.1.blocks.1.attn.proj,INT4__3to8,INT4,4,4,3to8,3,8,0.625,69.4,88.68,0.23999999999999488,0.38999999999998636,26.850596280768514,True,succeeded,/storage/users/pdarbani/Mehrshad/Transformer/v4.0/pretrained-isolation-framework/outputs/imagenetv2/swin_tiny/swin_tiny_imagenetv2_layerwise.json
swin_tiny_imagenetv2,13,layers.1.blocks.1.attn.proj,INT4__4to8,INT4,4,4,4to8,4,8,0.5,69.26,88.79,0.37999999999999545,0.2799999999999869,26.995715772733092,True,succeeded,/storage/users/pdarbani/Mehrshad/Transformer/v4.0/pretrained-isolation-framework/outputs/imagenetv2/swin_tiny/swin_tiny_imagenetv2_layerwise.json
swin_tiny_imagenetv2,13,layers.1.blocks.1.attn.proj,INT4__dense,INT4,4,4,dense,,,0.0,69.49,88.94,0.15000000000000568,0.12999999999999545,32.84924582391977,True,succeeded,/storage/users/pdarbani/Mehrshad/Transformer/v4.0/pretrained-isolation-framework/outputs/imagenetv2/swin_tiny/swin_tiny_imagenetv2_layerwise.json
swin_tiny_imagenetv2,13,layers.1.blocks.1.attn.proj,INT6__2to4,INT6,6,6,2to4,2,4,0.5,69.57,88.81,0.07000000000000739,0.2599999999999909,32.954978534951806,True,succeeded,/storage/users/pdarbani/Mehrshad/Transformer/v4.0/pretrained-isolation-framework/outputs/imagenetv2/swin_tiny/swin_tiny_imagenetv2_layerwise.json
swin_tiny_imagenetv2,13,layers.1.blocks.1.attn.proj,INT6__3to8,INT6,6,6,3to8,3,8,0.625,69.43,88.8,0.20999999999999375,0.269999999999996,32.501988023519516,True,succeeded,/storage/users/pdarbani/Mehrshad/Transformer/v4.0/pretrained-isolation-framework/outputs/imagenetv2/swin_tiny/swin_tiny_imagenetv2_layerwise.json
swin_tiny_imagenetv2,13,layers.1.blocks.1.attn.proj,INT6__4to8,INT6,6,6,4to8,4,8,0.5,69.61,88.81,0.030000000000001137,0.2599999999999909,32.48836414702237,True,succeeded,/storage/users/pdarbani/Mehrshad/Transformer/v4.0/pretrained-isolation-framework/outputs/imagenetv2/swin_tiny/swin_tiny_imagenetv2_layerwise.json
swin_tiny_imagenetv2,13,layers.1.blocks.1.attn.proj,INT6__dense,INT6,6,6,dense,,,0.0,69.57,89.1,0.07000000000000739,-0.030000000000001137,32.571683989837766,True,succeeded,/storage/users/pdarbani/Mehrshad/Transformer/v4.0/pretrained-isolation-framework/outputs/imagenetv2/swin_tiny/swin_tiny_imagenetv2_layerwise.json
swin_tiny_imagenetv2,13,layers.1.blocks.1.attn.proj,INT8__2to4,INT8,8,8,2to4,2,4,0.5,69.56,88.86,0.0799999999999983,0.20999999999999375,32.20030343905091,True,succeeded,/storage/users/pdarbani/Mehrshad/Transformer/v4.0/pretrained-isolation-framework/outputs/imagenetv2/swin_tiny/swin_tiny_imagenetv2_layerwise.json
swin_tiny_imagenetv2,13,layers.1.blocks.1.attn.proj,INT8__3to8,INT8,8,8,3to8,3,8,0.625,69.4,88.79,0.23999999999999488,0.2799999999999869,32.82079253718257,True,succeeded,/storage/users/pdarbani/Mehrshad/Transformer/v4.0/pretrained-isolation-framework/outputs/imagenetv2/swin_tiny/swin_tiny_imagenetv2_layerwise.json
swin_tiny_imagenetv2,13,layers.1.blocks.1.attn.proj,INT8__4to8,INT8,8,8,4to8,4,8,0.5,69.62,88.8,0.01999999999999602,0.269999999999996,32.5122567974031,True,succeeded,/storage/users/pdarbani/Mehrshad/Transformer/v4.0/pretrained-isolation-framework/outputs/imagenetv2/swin_tiny/swin_tiny_imagenetv2_layerwise.json
swin_tiny_imagenetv2,13,layers.1.blocks.1.attn.proj,INT8__dense,INT8,8,8,dense,,,0.0,69.62,89.09,0.01999999999999602,-0.020000000000010232,31.91265299730003,True,succeeded,/storage/users/pdarbani/Mehrshad/Transformer/v4.0/pretrained-isolation-framework/outputs/imagenetv2/swin_tiny/swin_tiny_imagenetv2_layerwise.json
swin_tiny_imagenetv2,14,layers.1.blocks.1.mlp.fc1,FP32__2to4,FP32,32,32,2to4,2,4,0.5,69.19,88.5,0.45000000000000284,0.5699999999999932,27.185682885348797,True,succeeded,/storage/users/pdarbani/Mehrshad/Transformer/v4.0/pretrained-isolation-framework/outputs/imagenetv2/swin_tiny/swin_tiny_imagenetv2_layerwise.json
swin_tiny_imagenetv2,14,layers.1.blocks.1.mlp.fc1,FP32__3to8,FP32,32,32,3to8,3,8,0.625,69.07,88.48,0.5700000000000074,0.5899999999999892,27.81746963225305,True,succeeded,/storage/users/pdarbani/Mehrshad/Transformer/v4.0/pretrained-isolation-framework/outputs/imagenetv2/swin_tiny/swin_tiny_imagenetv2_layerwise.json
swin_tiny_imagenetv2,14,layers.1.blocks.1.mlp.fc1,FP32__4to8,FP32,32,32,4to8,4,8,0.5,69.53,88.6,0.10999999999999943,0.46999999999999886,27.34508033283055,True,succeeded,/storage/users/pdarbani/Mehrshad/Transformer/v4.0/pretrained-isolation-framework/outputs/imagenetv2/swin_tiny/swin_tiny_imagenetv2_layerwise.json
swin_tiny_imagenetv2,14,layers.1.blocks.1.mlp.fc1,FP32__dense,FP32,32,32,dense,,,0.0,69.64,89.07,0.0,0.0,27.024167113006115,True,succeeded,/storage/users/pdarbani/Mehrshad/Transformer/v4.0/pretrained-isolation-framework/outputs/imagenetv2/swin_tiny/swin_tiny_imagenetv2_layerwise.json
swin_tiny_imagenetv2,14,layers.1.blocks.1.mlp.fc1,INT4__2to4,INT4,4,4,2to4,2,4,0.5,69.12,88.63,0.519999999999996,0.4399999999999977,27.884950138628483,True,succeeded,/storage/users/pdarbani/Mehrshad/Transformer/v4.0/pretrained-isolation-framework/outputs/imagenetv2/swin_tiny/swin_tiny_imagenetv2_layerwise.json
swin_tiny_imagenetv2,14,layers.1.blocks.1.mlp.fc1,INT4__3to8,INT4,4,4,3to8,3,8,0.625,68.95,88.34,0.6899999999999977,0.7299999999999898,27.32982663810253,True,succeeded,/storage/users/pdarbani/Mehrshad/Transformer/v4.0/pretrained-isolation-framework/outputs/imagenetv2/swin_tiny/swin_tiny_imagenetv2_layerwise.json
swin_tiny_imagenetv2,14,layers.1.blocks.1.mlp.fc1,INT4__4to8,INT4,4,4,4to8,4,8,0.5,69.34,88.64,0.29999999999999716,0.4299999999999926,27.644618103280663,True,succeeded,/storage/users/pdarbani/Mehrshad/Transformer/v4.0/pretrained-isolation-framework/outputs/imagenetv2/swin_tiny/swin_tiny_imagenetv2_layerwise.json
swin_tiny_imagenetv2,14,layers.1.blocks.1.mlp.fc1,INT4__dense,INT4,4,4,dense,,,0.0,69.68,88.94,-0.04000000000000625,0.12999999999999545,28.075242534279823,True,succeeded,/storage/users/pdarbani/Mehrshad/Transformer/v4.0/pretrained-isolation-framework/outputs/imagenetv2/swin_tiny/swin_tiny_imagenetv2_layerwise.json
swin_tiny_imagenetv2,14,layers.1.blocks.1.mlp.fc1,INT6__2to4,INT6,6,6,2to4,2,4,0.5,69.19,88.54,0.45000000000000284,0.5299999999999869,27.514823213219643,True,succeeded,/storage/users/pdarbani/Mehrshad/Transformer/v4.0/pretrained-isolation-framework/outputs/imagenetv2/swin_tiny/swin_tiny_imagenetv2_layerwise.json
swin_tiny_imagenetv2,14,layers.1.blocks.1.mlp.fc1,INT6__3to8,INT6,6,6,3to8,3,8,0.625,69.02,88.49,0.6200000000000045,0.5799999999999983,27.81490527279675,True,succeeded,/storage/users/pdarbani/Mehrshad/Transformer/v4.0/pretrained-isolation-framework/outputs/imagenetv2/swin_tiny/swin_tiny_imagenetv2_layerwise.json
swin_tiny_imagenetv2,14,layers.1.blocks.1.mlp.fc1,INT6__4to8,INT6,6,6,4to8,4,8,0.5,69.52,88.75,0.12000000000000455,0.3199999999999932,27.980126950889826,True,succeeded,/storage/users/pdarbani/Mehrshad/Transformer/v4.0/pretrained-isolation-framework/outputs/imagenetv2/swin_tiny/swin_tiny_imagenetv2_layerwise.json
swin_tiny_imagenetv2,14,layers.1.blocks.1.mlp.fc1,INT6__dense,INT6,6,6,dense,,,0.0,69.64,89.05,0.0,0.01999999999999602,27.765439551323652,True,succeeded,/storage/users/pdarbani/Mehrshad/Transformer/v4.0/pretrained-isolation-framework/outputs/imagenetv2/swin_tiny/swin_tiny_imagenetv2_layerwise.json
swin_tiny_imagenetv2,14,layers.1.blocks.1.mlp.fc1,INT8__2to4,INT8,8,8,2to4,2,4,0.5,69.16,88.48,0.480000000000004,0.5899999999999892,27.364002214744687,True,succeeded,/storage/users/pdarbani/Mehrshad/Transformer/v4.0/pretrained-isolation-framework/outputs/imagenetv2/swin_tiny/swin_tiny_imagenetv2_layerwise.json
swin_tiny_imagenetv2,14,layers.1.blocks.1.mlp.fc1,INT8__3to8,INT8,8,8,3to8,3,8,0.625,69.08,88.47,0.5600000000000023,0.5999999999999943,27.470027470961213,True,succeeded,/storage/users/pdarbani/Mehrshad/Transformer/v4.0/pretrained-isolation-framework/outputs/imagenetv2/swin_tiny/swin_tiny_imagenetv2_layerwise.json
swin_tiny_imagenetv2,14,layers.1.blocks.1.mlp.fc1,INT8__4to8,INT8,8,8,4to8,4,8,0.5,69.55,88.61,0.09000000000000341,0.45999999999999375,27.650133905932307,True,succeeded,/storage/users/pdarbani/Mehrshad/Transformer/v4.0/pretrained-isolation-framework/outputs/imagenetv2/swin_tiny/swin_tiny_imagenetv2_layerwise.json
swin_tiny_imagenetv2,14,layers.1.blocks.1.mlp.fc1,INT8__dense,INT8,8,8,dense,,,0.0,69.68,89.06,-0.04000000000000625,0.009999999999990905,27.54843400232494,True,succeeded,/storage/users/pdarbani/Mehrshad/Transformer/v4.0/pretrained-isolation-framework/outputs/imagenetv2/swin_tiny/swin_tiny_imagenetv2_layerwise.json
swin_tiny_imagenetv2,15,layers.1.blocks.1.mlp.fc2,FP32__2to4,FP32,32,32,2to4,2,4,0.5,69.49,88.75,0.15000000000000568,0.3199999999999932,27.309742795303464,True,succeeded,/storage/users/pdarbani/Mehrshad/Transformer/v4.0/pretrained-isolation-framework/outputs/imagenetv2/swin_tiny/swin_tiny_imagenetv2_layerwise.json
swin_tiny_imagenetv2,15,layers.1.blocks.1.mlp.fc2,FP32__3to8,FP32,32,32,3to8,3,8,0.625,69.4,88.65,0.23999999999999488,0.4199999999999875,28.347857240587473,True,succeeded,/storage/users/pdarbani/Mehrshad/Transformer/v4.0/pretrained-isolation-framework/outputs/imagenetv2/swin_tiny/swin_tiny_imagenetv2_layerwise.json
swin_tiny_imagenetv2,15,layers.1.blocks.1.mlp.fc2,FP32__4to8,FP32,32,32,4to8,4,8,0.5,69.62,88.84,0.01999999999999602,0.22999999999998977,27.95710594765842,True,succeeded,/storage/users/pdarbani/Mehrshad/Transformer/v4.0/pretrained-isolation-framework/outputs/imagenetv2/swin_tiny/swin_tiny_imagenetv2_layerwise.json
swin_tiny_imagenetv2,15,layers.1.blocks.1.mlp.fc2,FP32__dense,FP32,32,32,dense,,,0.0,69.64,89.07,0.0,0.0,27.505064679309726,True,succeeded,/storage/users/pdarbani/Mehrshad/Transformer/v4.0/pretrained-isolation-framework/outputs/imagenetv2/swin_tiny/swin_tiny_imagenetv2_layerwise.json
swin_tiny_imagenetv2,15,layers.1.blocks.1.mlp.fc2,INT4__2to4,INT4,4,4,2to4,2,4,0.5,67.06,86.99,2.5799999999999983,2.0799999999999983,28.036798253655434,True,succeeded,/storage/users/pdarbani/Mehrshad/Transformer/v4.0/pretrained-isolation-framework/outputs/imagenetv2/swin_tiny/swin_tiny_imagenetv2_layerwise.json
swin_tiny_imagenetv2,15,layers.1.blocks.1.mlp.fc2,INT4__3to8,INT4,4,4,3to8,3,8,0.625,67.06,86.99,2.5799999999999983,2.0799999999999983,28.290924271568656,True,succeeded,/storage/users/pdarbani/Mehrshad/Transformer/v4.0/pretrained-isolation-framework/outputs/imagenetv2/swin_tiny/swin_tiny_imagenetv2_layerwise.json
swin_tiny_imagenetv2,15,layers.1.blocks.1.mlp.fc2,INT4__4to8,INT4,4,4,4to8,4,8,0.5,67.04,86.97,2.5999999999999943,2.0999999999999943,27.992846416309476,True,succeeded,/storage/users/pdarbani/Mehrshad/Transformer/v4.0/pretrained-isolation-framework/outputs/imagenetv2/swin_tiny/swin_tiny_imagenetv2_layerwise.json
swin_tiny_imagenetv2,15,layers.1.blocks.1.mlp.fc2,INT4__dense,INT4,4,4,dense,,,0.0,67.01,86.91,2.6299999999999955,2.1599999999999966,27.979738853871822,True,succeeded,/storage/users/pdarbani/Mehrshad/Transformer/v4.0/pretrained-isolation-framework/outputs/imagenetv2/swin_tiny/swin_tiny_imagenetv2_layerwise.json
swin_tiny_imagenetv2,15,layers.1.blocks.1.mlp.fc2,INT6__2to4,INT6,6,6,2to4,2,4,0.5,69.48,88.9,0.1599999999999966,0.1699999999999875,28.279583726078272,True,succeeded,/storage/users/pdarbani/Mehrshad/Transformer/v4.0/pretrained-isolation-framework/outputs/imagenetv2/swin_tiny/swin_tiny_imagenetv2_layerwise.json
swin_tiny_imagenetv2,15,layers.1.blocks.1.mlp.fc2,INT6__3to8,INT6,6,6,3to8,3,8,0.625,69.39,88.79,0.25,0.2799999999999869,27.986423924565315,True,succeeded,/storage/users/pdarbani/Mehrshad/Transformer/v4.0/pretrained-isolation-framework/outputs/imagenetv2/swin_tiny/swin_tiny_imagenetv2_layerwise.json
swin_tiny_imagenetv2,15,layers.1.blocks.1.mlp.fc2,INT6__4to8,INT6,6,6,4to8,4,8,0.5,69.76,88.91,-0.12000000000000455,0.1599999999999966,28.025804145261645,True,succeeded,/storage/users/pdarbani/Mehrshad/Transformer/v4.0/pretrained-isolation-framework/outputs/imagenetv2/swin_tiny/swin_tiny_imagenetv2_layerwise.json
swin_tiny_imagenetv2,15,layers.1.blocks.1.mlp.fc2,INT6__dense,INT6,6,6,dense,,,0.0,69.69,88.8,-0.04999999999999716,0.269999999999996,27.958506610244513,True,succeeded,/storage/users/pdarbani/Mehrshad/Transformer/v4.0/pretrained-isolation-framework/outputs/imagenetv2/swin_tiny/swin_tiny_imagenetv2_layerwise.json
swin_tiny_imagenetv2,15,layers.1.blocks.1.mlp.fc2,INT8__2to4,INT8,8,8,2to4,2,4,0.5,69.43,88.72,0.20999999999999375,0.3499999999999943,27.961344124749303,True,succeeded,/storage/users/pdarbani/Mehrshad/Transformer/v4.0/pretrained-isolation-framework/outputs/imagenetv2/swin_tiny/swin_tiny_imagenetv2_layerwise.json
swin_tiny_imagenetv2,15,layers.1.blocks.1.mlp.fc2,INT8__3to8,INT8,8,8,3to8,3,8,0.625,69.41,88.68,0.23000000000000398,0.38999999999998636,27.941490780562162,True,succeeded,/storage/users/pdarbani/Mehrshad/Transformer/v4.0/pretrained-isolation-framework/outputs/imagenetv2/swin_tiny/swin_tiny_imagenetv2_layerwise.json
swin_tiny_imagenetv2,15,layers.1.blocks.1.mlp.fc2,INT8__4to8,INT8,8,8,4to8,4,8,0.5,69.51,88.82,0.12999999999999545,0.25,28.32091498374939,True,succeeded,/storage/users/pdarbani/Mehrshad/Transformer/v4.0/pretrained-isolation-framework/outputs/imagenetv2/swin_tiny/swin_tiny_imagenetv2_layerwise.json
swin_tiny_imagenetv2,15,layers.1.blocks.1.mlp.fc2,INT8__dense,INT8,8,8,dense,,,0.0,69.62,89.08,0.01999999999999602,-0.010000000000005116,28.206584272906184,True,succeeded,/storage/users/pdarbani/Mehrshad/Transformer/v4.0/pretrained-isolation-framework/outputs/imagenetv2/swin_tiny/swin_tiny_imagenetv2_layerwise.json
swin_tiny_imagenetv2,16,layers.2.blocks.0.attn.qkv,FP32__2to4,FP32,32,32,2to4,2,4,0.5,69.54,88.88,0.09999999999999432,0.18999999999999773,27.498150061815977,True,succeeded,/storage/users/pdarbani/Mehrshad/Transformer/v4.0/pretrained-isolation-framework/outputs/imagenetv2/swin_tiny/swin_tiny_imagenetv2_layerwise.json
swin_tiny_imagenetv2,16,layers.2.blocks.0.attn.qkv,FP32__3to8,FP32,32,32,3to8,3,8,0.625,69.44,88.84,0.20000000000000284,0.22999999999998977,28.05924124456942,True,succeeded,/storage/users/pdarbani/Mehrshad/Transformer/v4.0/pretrained-isolation-framework/outputs/imagenetv2/swin_tiny/swin_tiny_imagenetv2_layerwise.json
swin_tiny_imagenetv2,16,layers.2.blocks.0.attn.qkv,FP32__4to8,FP32,32,32,4to8,4,8,0.5,69.61,88.95,0.030000000000001137,0.11999999999999034,28.331402361392975,True,succeeded,/storage/users/pdarbani/Mehrshad/Transformer/v4.0/pretrained-isolation-framework/outputs/imagenetv2/swin_tiny/swin_tiny_imagenetv2_layerwise.json
swin_tiny_imagenetv2,16,layers.2.blocks.0.attn.qkv,FP32__dense,FP32,32,32,dense,,,0.0,69.64,89.07,0.0,0.0,27.508891757577658,True,succeeded,/storage/users/pdarbani/Mehrshad/Transformer/v4.0/pretrained-isolation-framework/outputs/imagenetv2/swin_tiny/swin_tiny_imagenetv2_layerwise.json
swin_tiny_imagenetv2,16,layers.2.blocks.0.attn.qkv,INT4__2to4,INT4,4,4,2to4,2,4,0.5,69.55,88.95,0.09000000000000341,0.11999999999999034,27.98345972970128,True,succeeded,/storage/users/pdarbani/Mehrshad/Transformer/v4.0/pretrained-isolation-framework/outputs/imagenetv2/swin_tiny/swin_tiny_imagenetv2_layerwise.json
swin_tiny_imagenetv2,16,layers.2.blocks.0.attn.qkv,INT4__3to8,INT4,4,4,3to8,3,8,0.625,69.5,88.82,0.14000000000000057,0.25,27.826830580830574,True,succeeded,/storage/users/pdarbani/Mehrshad/Transformer/v4.0/pretrained-isolation-framework/outputs/imagenetv2/swin_tiny/swin_tiny_imagenetv2_layerwise.json
swin_tiny_imagenetv2,16,layers.2.blocks.0.attn.qkv,INT4__4to8,INT4,4,4,4to8,4,8,0.5,69.6,88.94,0.04000000000000625,0.12999999999999545,27.285163786262274,True,succeeded,/storage/users/pdarbani/Mehrshad/Transformer/v4.0/pretrained-isolation-framework/outputs/imagenetv2/swin_tiny/swin_tiny_imagenetv2_layerwise.json
swin_tiny_imagenetv2,16,layers.2.blocks.0.attn.qkv,INT4__dense,INT4,4,4,dense,,,0.0,69.57,89.09,0.07000000000000739,-0.020000000000010232,27.89840822853148,True,succeeded,/storage/users/pdarbani/Mehrshad/Transformer/v4.0/pretrained-isolation-framework/outputs/imagenetv2/swin_tiny/swin_tiny_imagenetv2_layerwise.json
swin_tiny_imagenetv2,16,layers.2.blocks.0.attn.qkv,INT6__2to4,INT6,6,6,2to4,2,4,0.5,69.55,88.9,0.09000000000000341,0.1699999999999875,27.99610945954919,True,succeeded,/storage/users/pdarbani/Mehrshad/Transformer/v4.0/pretrained-isolation-framework/outputs/imagenetv2/swin_tiny/swin_tiny_imagenetv2_layerwise.json
swin_tiny_imagenetv2,16,layers.2.blocks.0.attn.qkv,INT6__3to8,INT6,6,6,3to8,3,8,0.625,69.48,88.87,0.1599999999999966,0.19999999999998863,27.71068129874766,True,succeeded,/storage/users/pdarbani/Mehrshad/Transformer/v4.0/pretrained-isolation-framework/outputs/imagenetv2/swin_tiny/swin_tiny_imagenetv2_layerwise.json
swin_tiny_imagenetv2,16,layers.2.blocks.0.attn.qkv,INT6__4to8,INT6,6,6,4to8,4,8,0.5,69.62,88.98,0.01999999999999602,0.0899999999999892,28.08505678549409,True,succeeded,/storage/users/pdarbani/Mehrshad/Transformer/v4.0/pretrained-isolation-framework/outputs/imagenetv2/swin_tiny/swin_tiny_imagenetv2_layerwise.json
swin_tiny_imagenetv2,16,layers.2.blocks.0.attn.qkv,INT6__dense,INT6,6,6,dense,,,0.0,69.6,89.07,0.04000000000000625,0.0,27.810580775141716,True,succeeded,/storage/users/pdarbani/Mehrshad/Transformer/v4.0/pretrained-isolation-framework/outputs/imagenetv2/swin_tiny/swin_tiny_imagenetv2_layerwise.json
swin_tiny_imagenetv2,16,layers.2.blocks.0.attn.qkv,INT8__2to4,INT8,8,8,2to4,2,4,0.5,69.55,88.9,0.09000000000000341,0.1699999999999875,28.356271259486675,True,succeeded,/storage/users/pdarbani/Mehrshad/Transformer/v4.0/pretrained-isolation-framework/outputs/imagenetv2/swin_tiny/swin_tiny_imagenetv2_layerwise.json
swin_tiny_imagenetv2,16,layers.2.blocks.0.attn.qkv,INT8__3to8,INT8,8,8,3to8,3,8,0.625,69.43,88.84,0.20999999999999375,0.22999999999998977,27.817329397425056,True,succeeded,/storage/users/pdarbani/Mehrshad/Transformer/v4.0/pretrained-isolation-framework/outputs/imagenetv2/swin_tiny/swin_tiny_imagenetv2_layerwise.json
swin_tiny_imagenetv2,16,layers.2.blocks.0.attn.qkv,INT8__4to8,INT8,8,8,4to8,4,8,0.5,69.61,88.95,0.030000000000001137,0.11999999999999034,27.730010142549872,True,succeeded,/storage/users/pdarbani/Mehrshad/Transformer/v4.0/pretrained-isolation-framework/outputs/imagenetv2/swin_tiny/swin_tiny_imagenetv2_layerwise.json
swin_tiny_imagenetv2,16,layers.2.blocks.0.attn.qkv,INT8__dense,INT8,8,8,dense,,,0.0,69.66,89.05,-0.01999999999999602,0.01999999999999602,27.891634108498693,True,succeeded,/storage/users/pdarbani/Mehrshad/Transformer/v4.0/pretrained-isolation-framework/outputs/imagenetv2/swin_tiny/swin_tiny_imagenetv2_layerwise.json
swin_tiny_imagenetv2,17,layers.2.blocks.0.attn.proj,FP32__2to4,FP32,32,32,2to4,2,4,0.5,69.37,88.83,0.269999999999996,0.23999999999999488,27.995703114196658,True,succeeded,/storage/users/pdarbani/Mehrshad/Transformer/v4.0/pretrained-isolation-framework/outputs/imagenetv2/swin_tiny/swin_tiny_imagenetv2_layerwise.json
swin_tiny_imagenetv2,17,layers.2.blocks.0.attn.proj,FP32__3to8,FP32,32,32,3to8,3,8,0.625,69.39,88.83,0.25,0.23999999999999488,27.512727042660117,True,succeeded,/storage/users/pdarbani/Mehrshad/Transformer/v4.0/pretrained-isolation-framework/outputs/imagenetv2/swin_tiny/swin_tiny_imagenetv2_layerwise.json
swin_tiny_imagenetv2,17,layers.2.blocks.0.attn.proj,FP32__4to8,FP32,32,32,4to8,4,8,0.5,69.59,88.85,0.04999999999999716,0.21999999999999886,27.400979924947023,True,succeeded,/storage/users/pdarbani/Mehrshad/Transformer/v4.0/pretrained-isolation-framework/outputs/imagenetv2/swin_tiny/swin_tiny_imagenetv2_layerwise.json
swin_tiny_imagenetv2,17,layers.2.blocks.0.attn.proj,FP32__dense,FP32,32,32,dense,,,0.0,69.64,89.07,0.0,0.0,27.842852918431163,True,succeeded,/storage/users/pdarbani/Mehrshad/Transformer/v4.0/pretrained-isolation-framework/outputs/imagenetv2/swin_tiny/swin_tiny_imagenetv2_layerwise.json
swin_tiny_imagenetv2,17,layers.2.blocks.0.attn.proj,INT4__2to4,INT4,4,4,2to4,2,4,0.5,69.5,88.79,0.14000000000000057,0.2799999999999869,27.695697870105505,True,succeeded,/storage/users/pdarbani/Mehrshad/Transformer/v4.0/pretrained-isolation-framework/outputs/imagenetv2/swin_tiny/swin_tiny_imagenetv2_layerwise.json
swin_tiny_imagenetv2,17,layers.2.blocks.0.attn.proj,INT4__3to8,INT4,4,4,3to8,3,8,0.625,69.32,88.8,0.3200000000000074,0.269999999999996,27.522895235568285,True,succeeded,/storage/users/pdarbani/Mehrshad/Transformer/v4.0/pretrained-isolation-framework/outputs/imagenetv2/swin_tiny/swin_tiny_imagenetv2_layerwise.json
swin_tiny_imagenetv2,17,layers.2.blocks.0.attn.proj,INT4__4to8,INT4,4,4,4to8,4,8,0.5,69.52,88.79,0.12000000000000455,0.2799999999999869,27.631123900413513,True,succeeded,/storage/users/pdarbani/Mehrshad/Transformer/v4.0/pretrained-isolation-framework/outputs/imagenetv2/swin_tiny/swin_tiny_imagenetv2_layerwise.json
swin_tiny_imagenetv2,17,layers.2.blocks.0.attn.proj,INT4__dense,INT4,4,4,dense,,,0.0,69.79,88.92,-0.15000000000000568,0.14999999999999147,27.86002764478326,True,succeeded,/storage/users/pdarbani/Mehrshad/Transformer/v4.0/pretrained-isolation-framework/outputs/imagenetv2/swin_tiny/swin_tiny_imagenetv2_layerwise.json
swin_tiny_imagenetv2,17,layers.2.blocks.0.attn.proj,INT6__2to4,INT6,6,6,2to4,2,4,0.5,69.32,88.84,0.3200000000000074,0.22999999999998977,28.04552269913256,True,succeeded,/storage/users/pdarbani/Mehrshad/Transformer/v4.0/pretrained-isolation-framework/outputs/imagenetv2/swin_tiny/swin_tiny_imagenetv2_layerwise.json
swin_tiny_imagenetv2,17,layers.2.blocks.0.attn.proj,INT6__3to8,INT6,6,6,3to8,3,8,0.625,69.34,88.81,0.29999999999999716,0.2599999999999909,27.682253079488873,True,succeeded,/storage/users/pdarbani/Mehrshad/Transformer/v4.0/pretrained-isolation-framework/outputs/imagenetv2/swin_tiny/swin_tiny_imagenetv2_layerwise.json
swin_tiny_imagenetv2,17,layers.2.blocks.0.attn.proj,INT6__4to8,INT6,6,6,4to8,4,8,0.5,69.59,88.88,0.04999999999999716,0.18999999999999773,27.88493707962334,True,succeeded,/storage/users/pdarbani/Mehrshad/Transformer/v4.0/pretrained-isolation-framework/outputs/imagenetv2/swin_tiny/swin_tiny_imagenetv2_layerwise.json
swin_tiny_imagenetv2,17,layers.2.blocks.0.attn.proj,INT6__dense,INT6,6,6,dense,,,0.0,69.67,89.06,-0.030000000000001137,0.009999999999990905,27.80735770985484,True,succeeded,/storage/users/pdarbani/Mehrshad/Transformer/v4.0/pretrained-isolation-framework/outputs/imagenetv2/swin_tiny/swin_tiny_imagenetv2_layerwise.json
swin_tiny_imagenetv2,17,layers.2.blocks.0.attn.proj,INT8__2to4,INT8,8,8,2to4,2,4,0.5,69.35,88.81,0.29000000000000625,0.2599999999999909,27.574448883533478,True,succeeded,/storage/users/pdarbani/Mehrshad/Transformer/v4.0/pretrained-isolation-framework/outputs/imagenetv2/swin_tiny/swin_tiny_imagenetv2_layerwise.json
swin_tiny_imagenetv2,17,layers.2.blocks.0.attn.proj,INT8__3to8,INT8,8,8,3to8,3,8,0.625,69.38,88.84,0.2600000000000051,0.22999999999998977,27.696712912991643,True,succeeded,/storage/users/pdarbani/Mehrshad/Transformer/v4.0/pretrained-isolation-framework/outputs/imagenetv2/swin_tiny/swin_tiny_imagenetv2_layerwise.json
swin_tiny_imagenetv2,17,layers.2.blocks.0.attn.proj,INT8__4to8,INT8,8,8,4to8,4,8,0.5,69.59,88.86,0.04999999999999716,0.20999999999999375,27.650333061814308,True,succeeded,/storage/users/pdarbani/Mehrshad/Transformer/v4.0/pretrained-isolation-framework/outputs/imagenetv2/swin_tiny/swin_tiny_imagenetv2_layerwise.json
swin_tiny_imagenetv2,17,layers.2.blocks.0.attn.proj,INT8__dense,INT8,8,8,dense,,,0.0,69.65,89.06,-0.010000000000005116,0.009999999999990905,27.449871381744742,True,succeeded,/storage/users/pdarbani/Mehrshad/Transformer/v4.0/pretrained-isolation-framework/outputs/imagenetv2/swin_tiny/swin_tiny_imagenetv2_layerwise.json
swin_tiny_imagenetv2,18,layers.2.blocks.0.mlp.fc1,FP32__2to4,FP32,32,32,2to4,2,4,0.5,69.57,88.76,0.07000000000000739,0.30999999999998806,27.77771262265742,True,succeeded,/storage/users/pdarbani/Mehrshad/Transformer/v4.0/pretrained-isolation-framework/outputs/imagenetv2/swin_tiny/swin_tiny_imagenetv2_layerwise.json
swin_tiny_imagenetv2,18,layers.2.blocks.0.mlp.fc1,FP32__3to8,FP32,32,32,3to8,3,8,0.625,69.44,88.66,0.20000000000000284,0.4099999999999966,27.8801521230489,True,succeeded,/storage/users/pdarbani/Mehrshad/Transformer/v4.0/pretrained-isolation-framework/outputs/imagenetv2/swin_tiny/swin_tiny_imagenetv2_layerwise.json
swin_tiny_imagenetv2,18,layers.2.blocks.0.mlp.fc1,FP32__4to8,FP32,32,32,4to8,4,8,0.5,69.58,88.89,0.060000000000002274,0.1799999999999926,27.86735300347209,True,succeeded,/storage/users/pdarbani/Mehrshad/Transformer/v4.0/pretrained-isolation-framework/outputs/imagenetv2/swin_tiny/swin_tiny_imagenetv2_layerwise.json
swin_tiny_imagenetv2,18,layers.2.blocks.0.mlp.fc1,FP32__dense,FP32,32,32,dense,,,0.0,69.64,89.07,0.0,0.0,24.224027385935187,True,succeeded,/storage/users/pdarbani/Mehrshad/Transformer/v4.0/pretrained-isolation-framework/outputs/imagenetv2/swin_tiny/swin_tiny_imagenetv2_layerwise.json
swin_tiny_imagenetv2,18,layers.2.blocks.0.mlp.fc1,INT4__2to4,INT4,4,4,2to4,2,4,0.5,69.24,88.84,0.4000000000000057,0.22999999999998977,27.675182797014713,True,succeeded,/storage/users/pdarbani/Mehrshad/Transformer/v4.0/pretrained-isolation-framework/outputs/imagenetv2/swin_tiny/swin_tiny_imagenetv2_layerwise.json
swin_tiny_imagenetv2,18,layers.2.blocks.0.mlp.fc1,INT4__3to8,INT4,4,4,3to8,3,8,0.625,69.36,88.64,0.28000000000000114,0.4299999999999926,27.685783982276917,True,succeeded,/storage/users/pdarbani/Mehrshad/Transformer/v4.0/pretrained-isolation-framework/outputs/imagenetv2/swin_tiny/swin_tiny_imagenetv2_layerwise.json
swin_tiny_imagenetv2,18,layers.2.blocks.0.mlp.fc1,INT4__4to8,INT4,4,4,4to8,4,8,0.5,69.19,88.8,0.45000000000000284,0.269999999999996,27.764904588460922,True,succeeded,/storage/users/pdarbani/Mehrshad/Transformer/v4.0/pretrained-isolation-framework/outputs/imagenetv2/swin_tiny/swin_tiny_imagenetv2_layerwise.json
swin_tiny_imagenetv2,18,layers.2.blocks.0.mlp.fc1,INT4__dense,INT4,4,4,dense,,,0.0,69.53,89.02,0.10999999999999943,0.04999999999999716,27.345530934631824,True,succeeded,/storage/users/pdarbani/Mehrshad/Transformer/v4.0/pretrained-isolation-framework/outputs/imagenetv2/swin_tiny/swin_tiny_imagenetv2_layerwise.json
swin_tiny_imagenetv2,18,layers.2.blocks.0.mlp.fc1,INT6__2to4,INT6,6,6,2to4,2,4,0.5,69.49,88.73,0.15000000000000568,0.3399999999999892,27.743669852614403,True,succeeded,/storage/users/pdarbani/Mehrshad/Transformer/v4.0/pretrained-isolation-framework/outputs/imagenetv2/swin_tiny/swin_tiny_imagenetv2_layerwise.json
swin_tiny_imagenetv2,18,layers.2.blocks.0.mlp.fc1,INT6__3to8,INT6,6,6,3to8,3,8,0.625,69.42,88.63,0.21999999999999886,0.4399999999999977,28.05556628666818,True,succeeded,/storage/users/pdarbani/Mehrshad/Transformer/v4.0/pretrained-isolation-framework/outputs/imagenetv2/swin_tiny/swin_tiny_imagenetv2_layerwise.json
swin_tiny_imagenetv2,18,layers.2.blocks.0.mlp.fc1,INT6__4to8,INT6,6,6,4to8,4,8,0.5,69.63,88.86,0.010000000000005116,0.20999999999999375,27.458167992532253,True,succeeded,/storage/users/pdarbani/Mehrshad/Transformer/v4.0/pretrained-isolation-framework/outputs/imagenetv2/swin_tiny/swin_tiny_imagenetv2_layerwise.json
swin_tiny_imagenetv2,18,layers.2.blocks.0.mlp.fc1,INT6__dense,INT6,6,6,dense,,,0.0,69.63,89.04,0.010000000000005116,0.029999999999986926,28.136939076706767,True,succeeded,/storage/users/pdarbani/Mehrshad/Transformer/v4.0/pretrained-isolation-framework/outputs/imagenetv2/swin_tiny/swin_tiny_imagenetv2_layerwise.json
swin_tiny_imagenetv2,18,layers.2.blocks.0.mlp.fc1,INT8__2to4,INT8,8,8,2to4,2,4,0.5,69.58,88.77,0.060000000000002274,0.29999999999999716,27.92776107043028,True,succeeded,/storage/users/pdarbani/Mehrshad/Transformer/v4.0/pretrained-isolation-framework/outputs/imagenetv2/swin_tiny/swin_tiny_imagenetv2_layerwise.json
swin_tiny_imagenetv2,18,layers.2.blocks.0.mlp.fc1,INT8__3to8,INT8,8,8,3to8,3,8,0.625,69.42,88.67,0.21999999999999886,0.3999999999999915,27.87259384058416,True,succeeded,/storage/users/pdarbani/Mehrshad/Transformer/v4.0/pretrained-isolation-framework/outputs/imagenetv2/swin_tiny/swin_tiny_imagenetv2_layerwise.json
swin_tiny_imagenetv2,18,layers.2.blocks.0.mlp.fc1,INT8__4to8,INT8,8,8,4to8,4,8,0.5,69.56,88.85,0.0799999999999983,0.21999999999999886,27.918109430000186,True,succeeded,/storage/users/pdarbani/Mehrshad/Transformer/v4.0/pretrained-isolation-framework/outputs/imagenetv2/swin_tiny/swin_tiny_imagenetv2_layerwise.json
swin_tiny_imagenetv2,18,layers.2.blocks.0.mlp.fc1,INT8__dense,INT8,8,8,dense,,,0.0,69.63,89.08,0.010000000000005116,-0.010000000000005116,27.512174669653177,True,succeeded,/storage/users/pdarbani/Mehrshad/Transformer/v4.0/pretrained-isolation-framework/outputs/imagenetv2/swin_tiny/swin_tiny_imagenetv2_layerwise.json
swin_tiny_imagenetv2,19,layers.2.blocks.0.mlp.fc2,FP32__2to4,FP32,32,32,2to4,2,4,0.5,69.58,88.97,0.060000000000002274,0.09999999999999432,27.837666297331452,True,succeeded,/storage/users/pdarbani/Mehrshad/Transformer/v4.0/pretrained-isolation-framework/outputs/imagenetv2/swin_tiny/swin_tiny_imagenetv2_layerwise.json
swin_tiny_imagenetv2,19,layers.2.blocks.0.mlp.fc2,FP32__3to8,FP32,32,32,3to8,3,8,0.625,69.4,89.05,0.23999999999999488,0.01999999999999602,27.9231527633965,True,succeeded,/storage/users/pdarbani/Mehrshad/Transformer/v4.0/pretrained-isolation-framework/outputs/imagenetv2/swin_tiny/swin_tiny_imagenetv2_layerwise.json
swin_tiny_imagenetv2,19,layers.2.blocks.0.mlp.fc2,FP32__4to8,FP32,32,32,4to8,4,8,0.5,69.81,89.07,-0.1700000000000017,0.0,27.405053075402975,True,succeeded,/storage/users/pdarbani/Mehrshad/Transformer/v4.0/pretrained-isolation-framework/outputs/imagenetv2/swin_tiny/swin_tiny_imagenetv2_layerwise.json
swin_tiny_imagenetv2,19,layers.2.blocks.0.mlp.fc2,FP32__dense,FP32,32,32,dense,,,0.0,69.64,89.07,0.0,0.0,27.56435924395919,True,succeeded,/storage/users/pdarbani/Mehrshad/Transformer/v4.0/pretrained-isolation-framework/outputs/imagenetv2/swin_tiny/swin_tiny_imagenetv2_layerwise.json
swin_tiny_imagenetv2,19,layers.2.blocks.0.mlp.fc2,INT4__2to4,INT4,4,4,2to4,2,4,0.5,66.01,86.01,3.6299999999999955,3.059999999999988,27.851827396079898,True,succeeded,/storage/users/pdarbani/Mehrshad/Transformer/v4.0/pretrained-isolation-framework/outputs/imagenetv2/swin_tiny/swin_tiny_imagenetv2_layerwise.json
swin_tiny_imagenetv2,19,layers.2.blocks.0.mlp.fc2,INT4__3to8,INT4,4,4,3to8,3,8,0.625,65.96,86.07,3.680000000000007,3.0,27.422280130907893,True,succeeded,/storage/users/pdarbani/Mehrshad/Transformer/v4.0/pretrained-isolation-framework/outputs/imagenetv2/swin_tiny/swin_tiny_imagenetv2_layerwise.json
swin_tiny_imagenetv2,19,layers.2.blocks.0.mlp.fc2,INT4__4to8,INT4,4,4,4to8,4,8,0.5,65.96,85.99,3.680000000000007,3.0799999999999983,27.395838264375925,True,succeeded,/storage/users/pdarbani/Mehrshad/Transformer/v4.0/pretrained-isolation-framework/outputs/imagenetv2/swin_tiny/swin_tiny_imagenetv2_layerwise.json
swin_tiny_imagenetv2,19,layers.2.blocks.0.mlp.fc2,INT4__dense,INT4,4,4,dense,,,0.0,65.83,85.93,3.8100000000000023,3.1399999999999864,27.651049679145217,True,succeeded,/storage/users/pdarbani/Mehrshad/Transformer/v4.0/pretrained-isolation-framework/outputs/imagenetv2/swin_tiny/swin_tiny_imagenetv2_layerwise.json
swin_tiny_imagenetv2,19,layers.2.blocks.0.mlp.fc2,INT6__2to4,INT6,6,6,2to4,2,4,0.5,69.59,88.93,0.04999999999999716,0.13999999999998636,28.46212036162615,True,succeeded,/storage/users/pdarbani/Mehrshad/Transformer/v4.0/pretrained-isolation-framework/outputs/imagenetv2/swin_tiny/swin_tiny_imagenetv2_layerwise.json
swin_tiny_imagenetv2,19,layers.2.blocks.0.mlp.fc2,INT6__3to8,INT6,6,6,3to8,3,8,0.625,69.46,88.9,0.18000000000000682,0.1699999999999875,28.169208789244294,True,succeeded,/storage/users/pdarbani/Mehrshad/Transformer/v4.0/pretrained-isolation-framework/outputs/imagenetv2/swin_tiny/swin_tiny_imagenetv2_layerwise.json
swin_tiny_imagenetv2,19,layers.2.blocks.0.mlp.fc2,INT6__4to8,INT6,6,6,4to8,4,8,0.5,69.72,88.98,-0.0799999999999983,0.0899999999999892,28.01516385562718,True,succeeded,/storage/users/pdarbani/Mehrshad/Transformer/v4.0/pretrained-isolation-framework/outputs/imagenetv2/swin_tiny/swin_tiny_imagenetv2_layerwise.json
swin_tiny_imagenetv2,19,layers.2.blocks.0.mlp.fc2,INT6__dense,INT6,6,6,dense,,,0.0,69.61,88.8,0.030000000000001137,0.269999999999996,28.55892034061253,True,succeeded,/storage/users/pdarbani/Mehrshad/Transformer/v4.0/pretrained-isolation-framework/outputs/imagenetv2/swin_tiny/swin_tiny_imagenetv2_layerwise.json
swin_tiny_imagenetv2,19,layers.2.blocks.0.mlp.fc2,INT8__2to4,INT8,8,8,2to4,2,4,0.5,69.59,89.0,0.04999999999999716,0.06999999999999318,27.41481905989349,True,succeeded,/storage/users/pdarbani/Mehrshad/Transformer/v4.0/pretrained-isolation-framework/outputs/imagenetv2/swin_tiny/swin_tiny_imagenetv2_layerwise.json
swin_tiny_imagenetv2,19,layers.2.blocks.0.mlp.fc2,INT8__3to8,INT8,8,8,3to8,3,8,0.625,69.44,89.0,0.20000000000000284,0.06999999999999318,28.02879281155765,True,succeeded,/storage/users/pdarbani/Mehrshad/Transformer/v4.0/pretrained-isolation-framework/outputs/imagenetv2/swin_tiny/swin_tiny_imagenetv2_layerwise.json
swin_tiny_imagenetv2,19,layers.2.blocks.0.mlp.fc2,INT8__4to8,INT8,8,8,4to8,4,8,0.5,69.84,89.09,-0.20000000000000284,-0.020000000000010232,28.411954736337066,True,succeeded,/storage/users/pdarbani/Mehrshad/Transformer/v4.0/pretrained-isolation-framework/outputs/imagenetv2/swin_tiny/swin_tiny_imagenetv2_layerwise.json
swin_tiny_imagenetv2,19,layers.2.blocks.0.mlp.fc2,INT8__dense,INT8,8,8,dense,,,0.0,69.63,89.08,0.010000000000005116,-0.010000000000005116,27.8968707639724,True,succeeded,/storage/users/pdarbani/Mehrshad/Transformer/v4.0/pretrained-isolation-framework/outputs/imagenetv2/swin_tiny/swin_tiny_imagenetv2_layerwise.json
swin_tiny_imagenetv2,20,layers.2.blocks.1.attn.qkv,FP32__2to4,FP32,32,32,2to4,2,4,0.5,69.66,89.04,-0.01999999999999602,0.029999999999986926,27.50764398649335,True,succeeded,/storage/users/pdarbani/Mehrshad/Transformer/v4.0/pretrained-isolation-framework/outputs/imagenetv2/swin_tiny/swin_tiny_imagenetv2_layerwise.json
swin_tiny_imagenetv2,20,layers.2.blocks.1.attn.qkv,FP32__3to8,FP32,32,32,3to8,3,8,0.625,69.52,88.87,0.12000000000000455,0.19999999999998863,27.901000786572695,True,succeeded,/storage/users/pdarbani/Mehrshad/Transformer/v4.0/pretrained-isolation-framework/outputs/imagenetv2/swin_tiny/swin_tiny_imagenetv2_layerwise.json
swin_tiny_imagenetv2,20,layers.2.blocks.1.attn.qkv,FP32__4to8,FP32,32,32,4to8,4,8,0.5,69.59,89.02,0.04999999999999716,0.04999999999999716,27.624646896496415,True,succeeded,/storage/users/pdarbani/Mehrshad/Transformer/v4.0/pretrained-isolation-framework/outputs/imagenetv2/swin_tiny/swin_tiny_imagenetv2_layerwise.json
swin_tiny_imagenetv2,20,layers.2.blocks.1.attn.qkv,FP32__dense,FP32,32,32,dense,,,0.0,69.64,89.07,0.0,0.0,27.939376287162304,True,succeeded,/storage/users/pdarbani/Mehrshad/Transformer/v4.0/pretrained-isolation-framework/outputs/imagenetv2/swin_tiny/swin_tiny_imagenetv2_layerwise.json
swin_tiny_imagenetv2,20,layers.2.blocks.1.attn.qkv,INT4__2to4,INT4,4,4,2to4,2,4,0.5,69.51,88.91,0.12999999999999545,0.1599999999999966,28.102141389623284,True,succeeded,/storage/users/pdarbani/Mehrshad/Transformer/v4.0/pretrained-isolation-framework/outputs/imagenetv2/swin_tiny/swin_tiny_imagenetv2_layerwise.json
swin_tiny_imagenetv2,20,layers.2.blocks.1.attn.qkv,INT4__3to8,INT4,4,4,3to8,3,8,0.625,69.59,88.84,0.04999999999999716,0.22999999999998977,27.24193906970322,True,succeeded,/storage/users/pdarbani/Mehrshad/Transformer/v4.0/pretrained-isolation-framework/outputs/imagenetv2/swin_tiny/swin_tiny_imagenetv2_layerwise.json
swin_tiny_imagenetv2,20,layers.2.blocks.1.attn.qkv,INT4__4to8,INT4,4,4,4to8,4,8,0.5,69.51,89.0,0.12999999999999545,0.06999999999999318,27.272834077477455,True,succeeded,/storage/users/pdarbani/Mehrshad/Transformer/v4.0/pretrained-isolation-framework/outputs/imagenetv2/swin_tiny/swin_tiny_imagenetv2_layerwise.json
swin_tiny_imagenetv2,20,layers.2.blocks.1.attn.qkv,INT4__dense,INT4,4,4,dense,,,0.0,69.58,89.05,0.060000000000002274,0.01999999999999602,27.485084649175406,True,succeeded,/storage/users/pdarbani/Mehrshad/Transformer/v4.0/pretrained-isolation-framework/outputs/imagenetv2/swin_tiny/swin_tiny_imagenetv2_layerwise.json
swin_tiny_imagenetv2,20,layers.2.blocks.1.attn.qkv,INT6__2to4,INT6,6,6,2to4,2,4,0.5,69.65,89.05,-0.010000000000005116,0.01999999999999602,27.73030950129032,True,succeeded,/storage/users/pdarbani/Mehrshad/Transformer/v4.0/pretrained-isolation-framework/outputs/imagenetv2/swin_tiny/swin_tiny_imagenetv2_layerwise.json
swin_tiny_imagenetv2,20,layers.2.blocks.1.attn.qkv,INT6__3to8,INT6,6,6,3to8,3,8,0.625,69.49,88.85,0.15000000000000568,0.21999999999999886,27.883743047714233,True,succeeded,/storage/users/pdarbani/Mehrshad/Transformer/v4.0/pretrained-isolation-framework/outputs/imagenetv2/swin_tiny/swin_tiny_imagenetv2_layerwise.json
swin_tiny_imagenetv2,20,layers.2.blocks.1.attn.qkv,INT6__4to8,INT6,6,6,4to8,4,8,0.5,69.57,89.04,0.07000000000000739,0.029999999999986926,26.28934471309185,True,succeeded,/storage/users/pdarbani/Mehrshad/Transformer/v4.0/pretrained-isolation-framework/outputs/imagenetv2/swin_tiny/swin_tiny_imagenetv2_layerwise.json
swin_tiny_imagenetv2,20,layers.2.blocks.1.attn.qkv,INT6__dense,INT6,6,6,dense,,,0.0,69.57,89.01,0.07000000000000739,0.05999999999998806,27.878882559016347,True,succeeded,/storage/users/pdarbani/Mehrshad/Transformer/v4.0/pretrained-isolation-framework/outputs/imagenetv2/swin_tiny/swin_tiny_imagenetv2_layerwise.json
swin_tiny_imagenetv2,20,layers.2.blocks.1.attn.qkv,INT8__2to4,INT8,8,8,2to4,2,4,0.5,69.67,89.04,-0.030000000000001137,0.029999999999986926,27.65580335818231,True,succeeded,/storage/users/pdarbani/Mehrshad/Transformer/v4.0/pretrained-isolation-framework/outputs/imagenetv2/swin_tiny/swin_tiny_imagenetv2_layerwise.json
swin_tiny_imagenetv2,20,layers.2.blocks.1.attn.qkv,INT8__3to8,INT8,8,8,3to8,3,8,0.625,69.52,88.87,0.12000000000000455,0.19999999999998863,27.97855592519045,True,succeeded,/storage/users/pdarbani/Mehrshad/Transformer/v4.0/pretrained-isolation-framework/outputs/imagenetv2/swin_tiny/swin_tiny_imagenetv2_layerwise.json
swin_tiny_imagenetv2,20,layers.2.blocks.1.attn.qkv,INT8__4to8,INT8,8,8,4to8,4,8,0.5,69.63,89.03,0.010000000000005116,0.03999999999999204,27.870781555771828,True,succeeded,/storage/users/pdarbani/Mehrshad/Transformer/v4.0/pretrained-isolation-framework/outputs/imagenetv2/swin_tiny/swin_tiny_imagenetv2_layerwise.json
swin_tiny_imagenetv2,20,layers.2.blocks.1.attn.qkv,INT8__dense,INT8,8,8,dense,,,0.0,69.66,89.08,-0.01999999999999602,-0.010000000000005116,27.469043601304293,True,succeeded,/storage/users/pdarbani/Mehrshad/Transformer/v4.0/pretrained-isolation-framework/outputs/imagenetv2/swin_tiny/swin_tiny_imagenetv2_layerwise.json
swin_tiny_imagenetv2,21,layers.2.blocks.1.attn.proj,FP32__2to4,FP32,32,32,2to4,2,4,0.5,69.53,88.8,0.10999999999999943,0.269999999999996,26.74745674431324,True,succeeded,/storage/users/pdarbani/Mehrshad/Transformer/v4.0/pretrained-isolation-framework/outputs/imagenetv2/swin_tiny/swin_tiny_imagenetv2_layerwise.json
swin_tiny_imagenetv2,21,layers.2.blocks.1.attn.proj,FP32__3to8,FP32,32,32,3to8,3,8,0.625,69.36,88.83,0.28000000000000114,0.23999999999999488,26.45738905109465,True,succeeded,/storage/users/pdarbani/Mehrshad/Transformer/v4.0/pretrained-isolation-framework/outputs/imagenetv2/swin_tiny/swin_tiny_imagenetv2_layerwise.json
swin_tiny_imagenetv2,21,layers.2.blocks.1.attn.proj,FP32__4to8,FP32,32,32,4to8,4,8,0.5,69.62,88.92,0.01999999999999602,0.14999999999999147,26.25841779448092,True,succeeded,/storage/users/pdarbani/Mehrshad/Transformer/v4.0/pretrained-isolation-framework/outputs/imagenetv2/swin_tiny/swin_tiny_imagenetv2_layerwise.json
swin_tiny_imagenetv2,21,layers.2.blocks.1.attn.proj,FP32__dense,FP32,32,32,dense,,,0.0,69.64,89.07,0.0,0.0,26.793180184438825,True,succeeded,/storage/users/pdarbani/Mehrshad/Transformer/v4.0/pretrained-isolation-framework/outputs/imagenetv2/swin_tiny/swin_tiny_imagenetv2_layerwise.json
swin_tiny_imagenetv2,21,layers.2.blocks.1.attn.proj,INT4__2to4,INT4,4,4,2to4,2,4,0.5,69.61,88.9,0.030000000000001137,0.1699999999999875,25.046809755265713,True,succeeded,/storage/users/pdarbani/Mehrshad/Transformer/v4.0/pretrained-isolation-framework/outputs/imagenetv2/swin_tiny/swin_tiny_imagenetv2_layerwise.json
swin_tiny_imagenetv2,21,layers.2.blocks.1.attn.proj,INT4__3to8,INT4,4,4,3to8,3,8,0.625,69.27,88.97,0.37000000000000455,0.09999999999999432,24.667091051116586,True,succeeded,/storage/users/pdarbani/Mehrshad/Transformer/v4.0/pretrained-isolation-framework/outputs/imagenetv2/swin_tiny/swin_tiny_imagenetv2_layerwise.json
swin_tiny_imagenetv2,21,layers.2.blocks.1.attn.proj,INT4__4to8,INT4,4,4,4to8,4,8,0.5,69.54,88.99,0.09999999999999432,0.0799999999999983,24.987530421465635,True,succeeded,/storage/users/pdarbani/Mehrshad/Transformer/v4.0/pretrained-isolation-framework/outputs/imagenetv2/swin_tiny/swin_tiny_imagenetv2_layerwise.json
swin_tiny_imagenetv2,21,layers.2.blocks.1.attn.proj,INT4__dense,INT4,4,4,dense,,,0.0,69.56,89.0,0.0799999999999983,0.06999999999999318,24.753000605851412,True,succeeded,/storage/users/pdarbani/Mehrshad/Transformer/v4.0/pretrained-isolation-framework/outputs/imagenetv2/swin_tiny/swin_tiny_imagenetv2_layerwise.json
swin_tiny_imagenetv2,21,layers.2.blocks.1.attn.proj,INT6__2to4,INT6,6,6,2to4,2,4,0.5,69.45,88.81,0.18999999999999773,0.2599999999999909,25.089655935764313,True,succeeded,/storage/users/pdarbani/Mehrshad/Transformer/v4.0/pretrained-isolation-framework/outputs/imagenetv2/swin_tiny/swin_tiny_imagenetv2_layerwise.json
swin_tiny_imagenetv2,21,layers.2.blocks.1.attn.proj,INT6__3to8,INT6,6,6,3to8,3,8,0.625,69.47,88.81,0.1700000000000017,0.2599999999999909,24.809186432510614,True,succeeded,/storage/users/pdarbani/Mehrshad/Transformer/v4.0/pretrained-isolation-framework/outputs/imagenetv2/swin_tiny/swin_tiny_imagenetv2_layerwise.json
swin_tiny_imagenetv2,21,layers.2.blocks.1.attn.proj,INT6__4to8,INT6,6,6,4to8,4,8,0.5,69.54,88.97,0.09999999999999432,0.09999999999999432,24.902403820306063,True,succeeded,/storage/users/pdarbani/Mehrshad/Transformer/v4.0/pretrained-isolation-framework/outputs/imagenetv2/swin_tiny/swin_tiny_imagenetv2_layerwise.json
swin_tiny_imagenetv2,21,layers.2.blocks.1.attn.proj,INT6__dense,INT6,6,6,dense,,,0.0,69.62,89.09,0.01999999999999602,-0.020000000000010232,24.894203344359994,True,succeeded,/storage/users/pdarbani/Mehrshad/Transformer/v4.0/pretrained-isolation-framework/outputs/imagenetv2/swin_tiny/swin_tiny_imagenetv2_layerwise.json
swin_tiny_imagenetv2,21,layers.2.blocks.1.attn.proj,INT8__2to4,INT8,8,8,2to4,2,4,0.5,69.59,88.76,0.04999999999999716,0.30999999999998806,25.89653754606843,True,succeeded,/storage/users/pdarbani/Mehrshad/Transformer/v4.0/pretrained-isolation-framework/outputs/imagenetv2/swin_tiny/swin_tiny_imagenetv2_layerwise.json
swin_tiny_imagenetv2,21,layers.2.blocks.1.attn.proj,INT8__3to8,INT8,8,8,3to8,3,8,0.625,69.39,88.82,0.25,0.25,24.882744746282697,True,succeeded,/storage/users/pdarbani/Mehrshad/Transformer/v4.0/pretrained-isolation-framework/outputs/imagenetv2/swin_tiny/swin_tiny_imagenetv2_layerwise.json
swin_tiny_imagenetv2,21,layers.2.blocks.1.attn.proj,INT8__4to8,INT8,8,8,4to8,4,8,0.5,69.62,88.93,0.01999999999999602,0.13999999999998636,25.573789915069938,True,succeeded,/storage/users/pdarbani/Mehrshad/Transformer/v4.0/pretrained-isolation-framework/outputs/imagenetv2/swin_tiny/swin_tiny_imagenetv2_layerwise.json
swin_tiny_imagenetv2,21,layers.2.blocks.1.attn.proj,INT8__dense,INT8,8,8,dense,,,0.0,69.63,89.08,0.010000000000005116,-0.010000000000005116,26.223402542993426,True,succeeded,/storage/users/pdarbani/Mehrshad/Transformer/v4.0/pretrained-isolation-framework/outputs/imagenetv2/swin_tiny/swin_tiny_imagenetv2_layerwise.json
swin_tiny_imagenetv2,22,layers.2.blocks.1.mlp.fc1,FP32__2to4,FP32,32,32,2to4,2,4,0.5,69.53,88.78,0.10999999999999943,0.28999999999999204,24.80667384341359,True,succeeded,/storage/users/pdarbani/Mehrshad/Transformer/v4.0/pretrained-isolation-framework/outputs/imagenetv2/swin_tiny/swin_tiny_imagenetv2_layerwise.json
swin_tiny_imagenetv2,22,layers.2.blocks.1.mlp.fc1,FP32__3to8,FP32,32,32,3to8,3,8,0.625,69.49,88.77,0.15000000000000568,0.29999999999999716,24.65814148634672,True,succeeded,/storage/users/pdarbani/Mehrshad/Transformer/v4.0/pretrained-isolation-framework/outputs/imagenetv2/swin_tiny/swin_tiny_imagenetv2_layerwise.json
swin_tiny_imagenetv2,22,layers.2.blocks.1.mlp.fc1,FP32__4to8,FP32,32,32,4to8,4,8,0.5,69.5,88.85,0.14000000000000057,0.21999999999999886,24.478480890393257,True,succeeded,/storage/users/pdarbani/Mehrshad/Transformer/v4.0/pretrained-isolation-framework/outputs/imagenetv2/swin_tiny/swin_tiny_imagenetv2_layerwise.json
swin_tiny_imagenetv2,22,layers.2.blocks.1.mlp.fc1,FP32__dense,FP32,32,32,dense,,,0.0,69.64,89.07,0.0,0.0,24.452949004247785,True,succeeded,/storage/users/pdarbani/Mehrshad/Transformer/v4.0/pretrained-isolation-framework/outputs/imagenetv2/swin_tiny/swin_tiny_imagenetv2_layerwise.json
swin_tiny_imagenetv2,22,layers.2.blocks.1.mlp.fc1,INT4__2to4,INT4,4,4,2to4,2,4,0.5,69.45,88.66,0.18999999999999773,0.4099999999999966,22.466586297377944,True,succeeded,/storage/users/pdarbani/Mehrshad/Transformer/v4.0/pretrained-isolation-framework/outputs/imagenetv2/swin_tiny/swin_tiny_imagenetv2_layerwise.json
swin_tiny_imagenetv2,22,layers.2.blocks.1.mlp.fc1,INT4__3to8,INT4,4,4,3to8,3,8,0.625,69.31,88.62,0.3299999999999983,0.44999999999998863,19.4946183655411,True,succeeded,/storage/users/pdarbani/Mehrshad/Transformer/v4.0/pretrained-isolation-framework/outputs/imagenetv2/swin_tiny/swin_tiny_imagenetv2_layerwise.json
swin_tiny_imagenetv2,22,layers.2.blocks.1.mlp.fc1,INT4__4to8,INT4,4,4,4to8,4,8,0.5,69.43,88.74,0.20999999999999375,0.3299999999999983,22.141009284183383,True,succeeded,/storage/users/pdarbani/Mehrshad/Transformer/v4.0/pretrained-isolation-framework/outputs/imagenetv2/swin_tiny/swin_tiny_imagenetv2_layerwise.json
swin_tiny_imagenetv2,22,layers.2.blocks.1.mlp.fc1,INT4__dense,INT4,4,4,dense,,,0.0,69.42,88.71,0.21999999999999886,0.35999999999999943,19.72831496410072,True,succeeded,/storage/users/pdarbani/Mehrshad/Transformer/v4.0/pretrained-isolation-framework/outputs/imagenetv2/swin_tiny/swin_tiny_imagenetv2_layerwise.json
swin_tiny_imagenetv2,22,layers.2.blocks.1.mlp.fc1,INT6__2to4,INT6,6,6,2to4,2,4,0.5,69.53,88.74,0.10999999999999943,0.3299999999999983,21.138618106022477,True,succeeded,/storage/users/pdarbani/Mehrshad/Transformer/v4.0/pretrained-isolation-framework/outputs/imagenetv2/swin_tiny/swin_tiny_imagenetv2_layerwise.json
swin_tiny_imagenetv2,22,layers.2.blocks.1.mlp.fc1,INT6__3to8,INT6,6,6,3to8,3,8,0.625,69.53,88.76,0.10999999999999943,0.30999999999998806,21.31746869534254,True,succeeded,/storage/users/pdarbani/Mehrshad/Transformer/v4.0/pretrained-isolation-framework/outputs/imagenetv2/swin_tiny/swin_tiny_imagenetv2_layerwise.json
swin_tiny_imagenetv2,22,layers.2.blocks.1.mlp.fc1,INT6__4to8,INT6,6,6,4to8,4,8,0.5,69.62,88.81,0.01999999999999602,0.2599999999999909,21.571626095101237,True,succeeded,/storage/users/pdarbani/Mehrshad/Transformer/v4.0/pretrained-isolation-framework/outputs/imagenetv2/swin_tiny/swin_tiny_imagenetv2_layerwise.json
swin_tiny_imagenetv2,22,layers.2.blocks.1.mlp.fc1,INT6__dense,INT6,6,6,dense,,,0.0,69.72,89.04,-0.0799999999999983,0.029999999999986926,14.746201055124402,True,succeeded,/storage/users/pdarbani/Mehrshad/Transformer/v4.0/pretrained-isolation-framework/outputs/imagenetv2/swin_tiny/swin_tiny_imagenetv2_layerwise.json
swin_tiny_imagenetv2,22,layers.2.blocks.1.mlp.fc1,INT8__2to4,INT8,8,8,2to4,2,4,0.5,69.52,88.79,0.12000000000000455,0.2799999999999869,25.045570969581604,True,succeeded,/storage/users/pdarbani/Mehrshad/Transformer/v4.0/pretrained-isolation-framework/outputs/imagenetv2/swin_tiny/swin_tiny_imagenetv2_layerwise.json
swin_tiny_imagenetv2,22,layers.2.blocks.1.mlp.fc1,INT8__3to8,INT8,8,8,3to8,3,8,0.625,69.46,88.79,0.18000000000000682,0.2799999999999869,24.185801941901445,True,succeeded,/storage/users/pdarbani/Mehrshad/Transformer/v4.0/pretrained-isolation-framework/outputs/imagenetv2/swin_tiny/swin_tiny_imagenetv2_layerwise.json
swin_tiny_imagenetv2,22,layers.2.blocks.1.mlp.fc1,INT8__4to8,INT8,8,8,4to8,4,8,0.5,69.48,88.88,0.1599999999999966,0.18999999999999773,25.04295907728374,True,succeeded,/storage/users/pdarbani/Mehrshad/Transformer/v4.0/pretrained-isolation-framework/outputs/imagenetv2/swin_tiny/swin_tiny_imagenetv2_layerwise.json
swin_tiny_imagenetv2,22,layers.2.blocks.1.mlp.fc1,INT8__dense,INT8,8,8,dense,,,0.0,69.65,89.07,-0.010000000000005116,0.0,24.869738832116127,True,succeeded,/storage/users/pdarbani/Mehrshad/Transformer/v4.0/pretrained-isolation-framework/outputs/imagenetv2/swin_tiny/swin_tiny_imagenetv2_layerwise.json
swin_tiny_imagenetv2,23,layers.2.blocks.1.mlp.fc2,FP32__2to4,FP32,32,32,2to4,2,4,0.5,69.49,89.0,0.15000000000000568,0.06999999999999318,21.831673489883542,True,succeeded,/storage/users/pdarbani/Mehrshad/Transformer/v4.0/pretrained-isolation-framework/outputs/imagenetv2/swin_tiny/swin_tiny_imagenetv2_layerwise.json
swin_tiny_imagenetv2,23,layers.2.blocks.1.mlp.fc2,FP32__3to8,FP32,32,32,3to8,3,8,0.625,69.35,88.8,0.29000000000000625,0.269999999999996,23.11413338035345,True,succeeded,/storage/users/pdarbani/Mehrshad/Transformer/v4.0/pretrained-isolation-framework/outputs/imagenetv2/swin_tiny/swin_tiny_imagenetv2_layerwise.json
swin_tiny_imagenetv2,23,layers.2.blocks.1.mlp.fc2,FP32__4to8,FP32,32,32,4to8,4,8,0.5,69.4,88.9,0.23999999999999488,0.1699999999999875,19.15686452947557,True,succeeded,/storage/users/pdarbani/Mehrshad/Transformer/v4.0/pretrained-isolation-framework/outputs/imagenetv2/swin_tiny/swin_tiny_imagenetv2_layerwise.json
swin_tiny_imagenetv2,23,layers.2.blocks.1.mlp.fc2,FP32__dense,FP32,32,32,dense,,,0.0,69.64,89.07,0.0,0.0,22.36467758566141,True,succeeded,/storage/users/pdarbani/Mehrshad/Transformer/v4.0/pretrained-isolation-framework/outputs/imagenetv2/swin_tiny/swin_tiny_imagenetv2_layerwise.json
swin_tiny_imagenetv2,23,layers.2.blocks.1.mlp.fc2,INT4__2to4,INT4,4,4,2to4,2,4,0.5,67.67,87.59,1.9699999999999989,1.4799999999999898,20.708952067419887,True,succeeded,/storage/users/pdarbani/Mehrshad/Transformer/v4.0/pretrained-isolation-framework/outputs/imagenetv2/swin_tiny/swin_tiny_imagenetv2_layerwise.json
swin_tiny_imagenetv2,23,layers.2.blocks.1.mlp.fc2,INT4__3to8,INT4,4,4,3to8,3,8,0.625,67.66,87.83,1.980000000000004,1.2399999999999949,21.908110320568085,True,succeeded,/storage/users/pdarbani/Mehrshad/Transformer/v4.0/pretrained-isolation-framework/outputs/imagenetv2/swin_tiny/swin_tiny_imagenetv2_layerwise.json
swin_tiny_imagenetv2,23,layers.2.blocks.1.mlp.fc2,INT4__4to8,INT4,4,4,4to8,4,8,0.5,67.66,87.72,1.980000000000004,1.3499999999999943,20.941682416945696,True,succeeded,/storage/users/pdarbani/Mehrshad/Transformer/v4.0/pretrained-isolation-framework/outputs/imagenetv2/swin_tiny/swin_tiny_imagenetv2_layerwise.json
swin_tiny_imagenetv2,23,layers.2.blocks.1.mlp.fc2,INT4__dense,INT4,4,4,dense,,,0.0,67.45,87.66,2.1899999999999977,1.4099999999999966,23.592468636110425,True,succeeded,/storage/users/pdarbani/Mehrshad/Transformer/v4.0/pretrained-isolation-framework/outputs/imagenetv2/swin_tiny/swin_tiny_imagenetv2_layerwise.json
swin_tiny_imagenetv2,23,layers.2.blocks.1.mlp.fc2,INT6__2to4,INT6,6,6,2to4,2,4,0.5,69.54,88.91,0.09999999999999432,0.1599999999999966,24.15133394487202,True,succeeded,/storage/users/pdarbani/Mehrshad/Transformer/v4.0/pretrained-isolation-framework/outputs/imagenetv2/swin_tiny/swin_tiny_imagenetv2_layerwise.json
swin_tiny_imagenetv2,23,layers.2.blocks.1.mlp.fc2,INT6__3to8,INT6,6,6,3to8,3,8,0.625,69.3,88.78,0.3400000000000034,0.28999999999999204,19.11372623592615,True,succeeded,/storage/users/pdarbani/Mehrshad/Transformer/v4.0/pretrained-isolation-framework/outputs/imagenetv2/swin_tiny/swin_tiny_imagenetv2_layerwise.json
swin_tiny_imagenetv2,23,layers.2.blocks.1.mlp.fc2,INT6__4to8,INT6,6,6,4to8,4,8,0.5,69.44,88.88,0.20000000000000284,0.18999999999999773,21.55938913486898,True,succeeded,/storage/users/pdarbani/Mehrshad/Transformer/v4.0/pretrained-isolation-framework/outputs/imagenetv2/swin_tiny/swin_tiny_imagenetv2_layerwise.json
swin_tiny_imagenetv2,23,layers.2.blocks.1.mlp.fc2,INT6__dense,INT6,6,6,dense,,,0.0,69.6,88.96,0.04000000000000625,0.10999999999999943,17.99421927705407,True,succeeded,/storage/users/pdarbani/Mehrshad/Transformer/v4.0/pretrained-isolation-framework/outputs/imagenetv2/swin_tiny/swin_tiny_imagenetv2_layerwise.json
swin_tiny_imagenetv2,23,layers.2.blocks.1.mlp.fc2,INT8__2to4,INT8,8,8,2to4,2,4,0.5,69.52,88.99,0.12000000000000455,0.0799999999999983,18.26355480402708,True,succeeded,/storage/users/pdarbani/Mehrshad/Transformer/v4.0/pretrained-isolation-framework/outputs/imagenetv2/swin_tiny/swin_tiny_imagenetv2_layerwise.json
swin_tiny_imagenetv2,23,layers.2.blocks.1.mlp.fc2,INT8__3to8,INT8,8,8,3to8,3,8,0.625,69.34,88.78,0.29999999999999716,0.28999999999999204,21.88761101476848,True,succeeded,/storage/users/pdarbani/Mehrshad/Transformer/v4.0/pretrained-isolation-framework/outputs/imagenetv2/swin_tiny/swin_tiny_imagenetv2_layerwise.json
swin_tiny_imagenetv2,23,layers.2.blocks.1.mlp.fc2,INT8__4to8,INT8,8,8,4to8,4,8,0.5,69.43,88.97,0.20999999999999375,0.09999999999999432,23.959924755617976,True,succeeded,/storage/users/pdarbani/Mehrshad/Transformer/v4.0/pretrained-isolation-framework/outputs/imagenetv2/swin_tiny/swin_tiny_imagenetv2_layerwise.json
swin_tiny_imagenetv2,23,layers.2.blocks.1.mlp.fc2,INT8__dense,INT8,8,8,dense,,,0.0,69.67,89.08,-0.030000000000001137,-0.010000000000005116,21.911459671333432,True,succeeded,/storage/users/pdarbani/Mehrshad/Transformer/v4.0/pretrained-isolation-framework/outputs/imagenetv2/swin_tiny/swin_tiny_imagenetv2_layerwise.json
swin_tiny_imagenetv2,24,layers.2.blocks.2.attn.qkv,FP32__2to4,FP32,32,32,2to4,2,4,0.5,69.58,88.83,0.060000000000002274,0.23999999999999488,21.88807736337185,True,succeeded,/storage/users/pdarbani/Mehrshad/Transformer/v4.0/pretrained-isolation-framework/outputs/imagenetv2/swin_tiny/swin_tiny_imagenetv2_layerwise.json
swin_tiny_imagenetv2,24,layers.2.blocks.2.attn.qkv,FP32__3to8,FP32,32,32,3to8,3,8,0.625,69.4,88.72,0.23999999999999488,0.3499999999999943,21.222606167197227,True,succeeded,/storage/users/pdarbani/Mehrshad/Transformer/v4.0/pretrained-isolation-framework/outputs/imagenetv2/swin_tiny/swin_tiny_imagenetv2_layerwise.json
swin_tiny_imagenetv2,24,layers.2.blocks.2.attn.qkv,FP32__4to8,FP32,32,32,4to8,4,8,0.5,69.54,88.89,0.09999999999999432,0.1799999999999926,21.011350333690643,True,succeeded,/storage/users/pdarbani/Mehrshad/Transformer/v4.0/pretrained-isolation-framework/outputs/imagenetv2/swin_tiny/swin_tiny_imagenetv2_layerwise.json
swin_tiny_imagenetv2,24,layers.2.blocks.2.attn.qkv,FP32__dense,FP32,32,32,dense,,,0.0,69.64,89.07,0.0,0.0,21.159905863925815,True,succeeded,/storage/users/pdarbani/Mehrshad/Transformer/v4.0/pretrained-isolation-framework/outputs/imagenetv2/swin_tiny/swin_tiny_imagenetv2_layerwise.json
swin_tiny_imagenetv2,24,layers.2.blocks.2.attn.qkv,INT4__2to4,INT4,4,4,2to4,2,4,0.5,69.57,88.67,0.07000000000000739,0.3999999999999915,14.50584470294416,True,succeeded,/storage/users/pdarbani/Mehrshad/Transformer/v4.0/pretrained-isolation-framework/outputs/imagenetv2/swin_tiny/swin_tiny_imagenetv2_layerwise.json
swin_tiny_imagenetv2,24,layers.2.blocks.2.attn.qkv,INT4__3to8,INT4,4,4,3to8,3,8,0.625,69.35,88.85,0.29000000000000625,0.21999999999999886,14.404193356633186,True,succeeded,/storage/users/pdarbani/Mehrshad/Transformer/v4.0/pretrained-isolation-framework/outputs/imagenetv2/swin_tiny/swin_tiny_imagenetv2_layerwise.json
swin_tiny_imagenetv2,24,layers.2.blocks.2.attn.qkv,INT4__4to8,INT4,4,4,4to8,4,8,0.5,69.49,88.74,0.15000000000000568,0.3299999999999983,14.310883346945047,True,succeeded,/storage/users/pdarbani/Mehrshad/Transformer/v4.0/pretrained-isolation-framework/outputs/imagenetv2/swin_tiny/swin_tiny_imagenetv2_layerwise.json
swin_tiny_imagenetv2,24,layers.2.blocks.2.attn.qkv,INT4__dense,INT4,4,4,dense,,,0.0,69.62,88.91,0.01999999999999602,0.1599999999999966,14.642272166907787,True,succeeded,/storage/users/pdarbani/Mehrshad/Transformer/v4.0/pretrained-isolation-framework/outputs/imagenetv2/swin_tiny/swin_tiny_imagenetv2_layerwise.json
swin_tiny_imagenetv2,24,layers.2.blocks.2.attn.qkv,INT6__2to4,INT6,6,6,2to4,2,4,0.5,69.55,88.86,0.09000000000000341,0.20999999999999375,14.36154192686081,True,succeeded,/storage/users/pdarbani/Mehrshad/Transformer/v4.0/pretrained-isolation-framework/outputs/imagenetv2/swin_tiny/swin_tiny_imagenetv2_layerwise.json
swin_tiny_imagenetv2,24,layers.2.blocks.2.attn.qkv,INT6__3to8,INT6,6,6,3to8,3,8,0.625,69.44,88.8,0.20000000000000284,0.269999999999996,14.44312254525721,True,succeeded,/storage/users/pdarbani/Mehrshad/Transformer/v4.0/pretrained-isolation-framework/outputs/imagenetv2/swin_tiny/swin_tiny_imagenetv2_layerwise.json
swin_tiny_imagenetv2,24,layers.2.blocks.2.attn.qkv,INT6__4to8,INT6,6,6,4to8,4,8,0.5,69.63,88.87,0.010000000000005116,0.19999999999998863,14.290794802829623,True,succeeded,/storage/users/pdarbani/Mehrshad/Transformer/v4.0/pretrained-isolation-framework/outputs/imagenetv2/swin_tiny/swin_tiny_imagenetv2_layerwise.json
swin_tiny_imagenetv2,24,layers.2.blocks.2.attn.qkv,INT6__dense,INT6,6,6,dense,,,0.0,69.66,89.08,-0.01999999999999602,-0.010000000000005116,14.943927701562643,True,succeeded,/storage/users/pdarbani/Mehrshad/Transformer/v4.0/pretrained-isolation-framework/outputs/imagenetv2/swin_tiny/swin_tiny_imagenetv2_layerwise.json
swin_tiny_imagenetv2,24,layers.2.blocks.2.attn.qkv,INT8__2to4,INT8,8,8,2to4,2,4,0.5,69.59,88.83,0.04999999999999716,0.23999999999999488,20.714750474318862,True,succeeded,/storage/users/pdarbani/Mehrshad/Transformer/v4.0/pretrained-isolation-framework/outputs/imagenetv2/swin_tiny/swin_tiny_imagenetv2_layerwise.json
swin_tiny_imagenetv2,24,layers.2.blocks.2.attn.qkv,INT8__3to8,INT8,8,8,3to8,3,8,0.625,69.41,88.73,0.23000000000000398,0.3399999999999892,19.3796494808048,True,succeeded,/storage/users/pdarbani/Mehrshad/Transformer/v4.0/pretrained-isolation-framework/outputs/imagenetv2/swin_tiny/swin_tiny_imagenetv2_layerwise.json
swin_tiny_imagenetv2,24,layers.2.blocks.2.attn.qkv,INT8__4to8,INT8,8,8,4to8,4,8,0.5,69.52,88.89,0.12000000000000455,0.1799999999999926,20.986226050183177,True,succeeded,/storage/users/pdarbani/Mehrshad/Transformer/v4.0/pretrained-isolation-framework/outputs/imagenetv2/swin_tiny/swin_tiny_imagenetv2_layerwise.json
swin_tiny_imagenetv2,24,layers.2.blocks.2.attn.qkv,INT8__dense,INT8,8,8,dense,,,0.0,69.66,89.08,-0.01999999999999602,-0.010000000000005116,20.767970889806747,True,succeeded,/storage/users/pdarbani/Mehrshad/Transformer/v4.0/pretrained-isolation-framework/outputs/imagenetv2/swin_tiny/swin_tiny_imagenetv2_layerwise.json
swin_tiny_imagenetv2,25,layers.2.blocks.2.attn.proj,FP32__2to4,FP32,32,32,2to4,2,4,0.5,69.65,88.98,-0.010000000000005116,0.0899999999999892,14.719907235354185,True,succeeded,/storage/users/pdarbani/Mehrshad/Transformer/v4.0/pretrained-isolation-framework/outputs/imagenetv2/swin_tiny/swin_tiny_imagenetv2_layerwise.json
swin_tiny_imagenetv2,25,layers.2.blocks.2.attn.proj,FP32__3to8,FP32,32,32,3to8,3,8,0.625,69.52,88.94,0.12000000000000455,0.12999999999999545,14.333413448184729,True,succeeded,/storage/users/pdarbani/Mehrshad/Transformer/v4.0/pretrained-isolation-framework/outputs/imagenetv2/swin_tiny/swin_tiny_imagenetv2_layerwise.json
swin_tiny_imagenetv2,25,layers.2.blocks.2.attn.proj,FP32__4to8,FP32,32,32,4to8,4,8,0.5,69.77,89.0,-0.12999999999999545,0.06999999999999318,14.338977888226509,True,succeeded,/storage/users/pdarbani/Mehrshad/Transformer/v4.0/pretrained-isolation-framework/outputs/imagenetv2/swin_tiny/swin_tiny_imagenetv2_layerwise.json
swin_tiny_imagenetv2,25,layers.2.blocks.2.attn.proj,FP32__dense,FP32,32,32,dense,,,0.0,69.64,89.07,0.0,0.0,14.405901590362191,True,succeeded,/storage/users/pdarbani/Mehrshad/Transformer/v4.0/pretrained-isolation-framework/outputs/imagenetv2/swin_tiny/swin_tiny_imagenetv2_layerwise.json
swin_tiny_imagenetv2,25,layers.2.blocks.2.attn.proj,INT4__2to4,INT4,4,4,2to4,2,4,0.5,69.29,88.88,0.3499999999999943,0.18999999999999773,14.390892799943686,True,succeeded,/storage/users/pdarbani/Mehrshad/Transformer/v4.0/pretrained-isolation-framework/outputs/imagenetv2/swin_tiny/swin_tiny_imagenetv2_layerwise.json
swin_tiny_imagenetv2,25,layers.2.blocks.2.attn.proj,INT4__3to8,INT4,4,4,3to8,3,8,0.625,69.28,88.77,0.35999999999999943,0.29999999999999716,14.36032934859395,True,succeeded,/storage/users/pdarbani/Mehrshad/Transformer/v4.0/pretrained-isolation-framework/outputs/imagenetv2/swin_tiny/swin_tiny_imagenetv2_layerwise.json
swin_tiny_imagenetv2,25,layers.2.blocks.2.attn.proj,INT4__4to8,INT4,4,4,4to8,4,8,0.5,69.34,88.87,0.29999999999999716,0.19999999999998863,14.383936583995819,True,succeeded,/storage/users/pdarbani/Mehrshad/Transformer/v4.0/pretrained-isolation-framework/outputs/imagenetv2/swin_tiny/swin_tiny_imagenetv2_layerwise.json
swin_tiny_imagenetv2,25,layers.2.blocks.2.attn.proj,INT4__dense,INT4,4,4,dense,,,0.0,69.32,88.78,0.3200000000000074,0.28999999999999204,14.499297006055713,True,succeeded,/storage/users/pdarbani/Mehrshad/Transformer/v4.0/pretrained-isolation-framework/outputs/imagenetv2/swin_tiny/swin_tiny_imagenetv2_layerwise.json
swin_tiny_imagenetv2,25,layers.2.blocks.2.attn.proj,INT6__2to4,INT6,6,6,2to4,2,4,0.5,69.61,88.94,0.030000000000001137,0.12999999999999545,14.35786915011704,True,succeeded,/storage/users/pdarbani/Mehrshad/Transformer/v4.0/pretrained-isolation-framework/outputs/imagenetv2/swin_tiny/swin_tiny_imagenetv2_layerwise.json
swin_tiny_imagenetv2,25,layers.2.blocks.2.attn.proj,INT6__3to8,INT6,6,6,3to8,3,8,0.625,69.42,88.91,0.21999999999999886,0.1599999999999966,14.380881985649467,True,succeeded,/storage/users/pdarbani/Mehrshad/Transformer/v4.0/pretrained-isolation-framework/outputs/imagenetv2/swin_tiny/swin_tiny_imagenetv2_layerwise.json
swin_tiny_imagenetv2,25,layers.2.blocks.2.attn.proj,INT6__4to8,INT6,6,6,4to8,4,8,0.5,69.75,89.01,-0.10999999999999943,0.05999999999998806,14.367198549211025,True,succeeded,/storage/users/pdarbani/Mehrshad/Transformer/v4.0/pretrained-isolation-framework/outputs/imagenetv2/swin_tiny/swin_tiny_imagenetv2_layerwise.json
swin_tiny_imagenetv2,25,layers.2.blocks.2.attn.proj,INT6__dense,INT6,6,6,dense,,,0.0,69.69,89.01,-0.04999999999999716,0.05999999999998806,14.406348763033748,True,succeeded,/storage/users/pdarbani/Mehrshad/Transformer/v4.0/pretrained-isolation-framework/outputs/imagenetv2/swin_tiny/swin_tiny_imagenetv2_layerwise.json
swin_tiny_imagenetv2,25,layers.2.blocks.2.attn.proj,INT8__2to4,INT8,8,8,2to4,2,4,0.5,69.63,88.96,0.010000000000005116,0.10999999999999943,14.435780243948102,True,succeeded,/storage/users/pdarbani/Mehrshad/Transformer/v4.0/pretrained-isolation-framework/outputs/imagenetv2/swin_tiny/swin_tiny_imagenetv2_layerwise.json
swin_tiny_imagenetv2,25,layers.2.blocks.2.attn.proj,INT8__3to8,INT8,8,8,3to8,3,8,0.625,69.51,88.94,0.12999999999999545,0.12999999999999545,14.383154559880495,True,succeeded,/storage/users/pdarbani/Mehrshad/Transformer/v4.0/pretrained-isolation-framework/outputs/imagenetv2/swin_tiny/swin_tiny_imagenetv2_layerwise.json
swin_tiny_imagenetv2,25,layers.2.blocks.2.attn.proj,INT8__4to8,INT8,8,8,4to8,4,8,0.5,69.77,89.0,-0.12999999999999545,0.06999999999999318,14.39224143885076,True,succeeded,/storage/users/pdarbani/Mehrshad/Transformer/v4.0/pretrained-isolation-framework/outputs/imagenetv2/swin_tiny/swin_tiny_imagenetv2_layerwise.json
swin_tiny_imagenetv2,25,layers.2.blocks.2.attn.proj,INT8__dense,INT8,8,8,dense,,,0.0,69.65,89.05,-0.010000000000005116,0.01999999999999602,14.408417085185647,True,succeeded,/storage/users/pdarbani/Mehrshad/Transformer/v4.0/pretrained-isolation-framework/outputs/imagenetv2/swin_tiny/swin_tiny_imagenetv2_layerwise.json
swin_tiny_imagenetv2,26,layers.2.blocks.2.mlp.fc1,FP32__2to4,FP32,32,32,2to4,2,4,0.5,69.47,88.93,0.1700000000000017,0.13999999999998636,14.313096802681684,True,succeeded,/storage/users/pdarbani/Mehrshad/Transformer/v4.0/pretrained-isolation-framework/outputs/imagenetv2/swin_tiny/swin_tiny_imagenetv2_layerwise.json
swin_tiny_imagenetv2,26,layers.2.blocks.2.mlp.fc1,FP32__3to8,FP32,32,32,3to8,3,8,0.625,69.35,88.99,0.29000000000000625,0.0799999999999983,14.371916979551315,True,succeeded,/storage/users/pdarbani/Mehrshad/Transformer/v4.0/pretrained-isolation-framework/outputs/imagenetv2/swin_tiny/swin_tiny_imagenetv2_layerwise.json
swin_tiny_imagenetv2,26,layers.2.blocks.2.mlp.fc1,FP32__4to8,FP32,32,32,4to8,4,8,0.5,69.37,88.95,0.269999999999996,0.11999999999999034,14.73463880084455,True,succeeded,/storage/users/pdarbani/Mehrshad/Transformer/v4.0/pretrained-isolation-framework/outputs/imagenetv2/swin_tiny/swin_tiny_imagenetv2_layerwise.json
swin_tiny_imagenetv2,26,layers.2.blocks.2.mlp.fc1,FP32__dense,FP32,32,32,dense,,,0.0,69.64,89.07,0.0,0.0,14.46471057459712,True,succeeded,/storage/users/pdarbani/Mehrshad/Transformer/v4.0/pretrained-isolation-framework/outputs/imagenetv2/swin_tiny/swin_tiny_imagenetv2_layerwise.json
swin_tiny_imagenetv2,26,layers.2.blocks.2.mlp.fc1,INT4__2to4,INT4,4,4,2to4,2,4,0.5,69.22,88.79,0.4200000000000017,0.2799999999999869,14.3084189966321,True,succeeded,/storage/users/pdarbani/Mehrshad/Transformer/v4.0/pretrained-isolation-framework/outputs/imagenetv2/swin_tiny/swin_tiny_imagenetv2_layerwise.json
swin_tiny_imagenetv2,26,layers.2.blocks.2.mlp.fc1,INT4__3to8,INT4,4,4,3to8,3,8,0.625,69.34,88.79,0.29999999999999716,0.2799999999999869,14.544364413246512,True,succeeded,/storage/users/pdarbani/Mehrshad/Transformer/v4.0/pretrained-isolation-framework/outputs/imagenetv2/swin_tiny/swin_tiny_imagenetv2_layerwise.json
swin_tiny_imagenetv2,26,layers.2.blocks.2.mlp.fc1,INT4__4to8,INT4,4,4,4to8,4,8,0.5,69.25,88.78,0.39000000000000057,0.28999999999999204,14.388397192582488,True,succeeded,/storage/users/pdarbani/Mehrshad/Transformer/v4.0/pretrained-isolation-framework/outputs/imagenetv2/swin_tiny/swin_tiny_imagenetv2_layerwise.json
swin_tiny_imagenetv2,26,layers.2.blocks.2.mlp.fc1,INT4__dense,INT4,4,4,dense,,,0.0,69.44,88.83,0.20000000000000284,0.23999999999999488,14.414617944508791,True,succeeded,/storage/users/pdarbani/Mehrshad/Transformer/v4.0/pretrained-isolation-framework/outputs/imagenetv2/swin_tiny/swin_tiny_imagenetv2_layerwise.json
swin_tiny_imagenetv2,26,layers.2.blocks.2.mlp.fc1,INT6__2to4,INT6,6,6,2to4,2,4,0.5,69.38,88.93,0.2600000000000051,0.13999999999998636,14.395647417753935,True,succeeded,/storage/users/pdarbani/Mehrshad/Transformer/v4.0/pretrained-isolation-framework/outputs/imagenetv2/swin_tiny/swin_tiny_imagenetv2_layerwise.json
swin_tiny_imagenetv2,26,layers.2.blocks.2.mlp.fc1,INT6__3to8,INT6,6,6,3to8,3,8,0.625,69.31,89.0,0.3299999999999983,0.06999999999999318,14.504209235310555,True,succeeded,/storage/users/pdarbani/Mehrshad/Transformer/v4.0/pretrained-isolation-framework/outputs/imagenetv2/swin_tiny/swin_tiny_imagenetv2_layerwise.json
swin_tiny_imagenetv2,26,layers.2.blocks.2.mlp.fc1,INT6__4to8,INT6,6,6,4to8,4,8,0.5,69.28,88.97,0.35999999999999943,0.09999999999999432,14.577831445261836,True,succeeded,/storage/users/pdarbani/Mehrshad/Transformer/v4.0/pretrained-isolation-framework/outputs/imagenetv2/swin_tiny/swin_tiny_imagenetv2_layerwise.json
swin_tiny_imagenetv2,26,layers.2.blocks.2.mlp.fc1,INT6__dense,INT6,6,6,dense,,,0.0,69.66,89.04,-0.01999999999999602,0.029999999999986926,14.389902288094163,True,succeeded,/storage/users/pdarbani/Mehrshad/Transformer/v4.0/pretrained-isolation-framework/outputs/imagenetv2/swin_tiny/swin_tiny_imagenetv2_layerwise.json
swin_tiny_imagenetv2,26,layers.2.blocks.2.mlp.fc1,INT8__2to4,INT8,8,8,2to4,2,4,0.5,69.48,88.95,0.1599999999999966,0.11999999999999034,14.413159815594554,True,succeeded,/storage/users/pdarbani/Mehrshad/Transformer/v4.0/pretrained-isolation-framework/outputs/imagenetv2/swin_tiny/swin_tiny_imagenetv2_layerwise.json
swin_tiny_imagenetv2,26,layers.2.blocks.2.mlp.fc1,INT8__3to8,INT8,8,8,3to8,3,8,0.625,69.44,88.97,0.20000000000000284,0.09999999999999432,14.327775716781616,True,succeeded,/storage/users/pdarbani/Mehrshad/Transformer/v4.0/pretrained-isolation-framework/outputs/imagenetv2/swin_tiny/swin_tiny_imagenetv2_layerwise.json
swin_tiny_imagenetv2,26,layers.2.blocks.2.mlp.fc1,INT8__4to8,INT8,8,8,4to8,4,8,0.5,69.38,88.94,0.2600000000000051,0.12999999999999545,14.602676879614592,True,succeeded,/storage/users/pdarbani/Mehrshad/Transformer/v4.0/pretrained-isolation-framework/outputs/imagenetv2/swin_tiny/swin_tiny_imagenetv2_layerwise.json
swin_tiny_imagenetv2,26,layers.2.blocks.2.mlp.fc1,INT8__dense,INT8,8,8,dense,,,0.0,69.61,89.07,0.030000000000001137,0.0,14.71846023388207,True,succeeded,/storage/users/pdarbani/Mehrshad/Transformer/v4.0/pretrained-isolation-framework/outputs/imagenetv2/swin_tiny/swin_tiny_imagenetv2_layerwise.json
swin_tiny_imagenetv2,27,layers.2.blocks.2.mlp.fc2,FP32__2to4,FP32,32,32,2to4,2,4,0.5,69.45,88.9,0.18999999999999773,0.1699999999999875,14.379127766937017,True,succeeded,/storage/users/pdarbani/Mehrshad/Transformer/v4.0/pretrained-isolation-framework/outputs/imagenetv2/swin_tiny/swin_tiny_imagenetv2_layerwise.json
swin_tiny_imagenetv2,27,layers.2.blocks.2.mlp.fc2,FP32__3to8,FP32,32,32,3to8,3,8,0.625,69.44,88.91,0.20000000000000284,0.1599999999999966,14.52199201285839,True,succeeded,/storage/users/pdarbani/Mehrshad/Transformer/v4.0/pretrained-isolation-framework/outputs/imagenetv2/swin_tiny/swin_tiny_imagenetv2_layerwise.json
swin_tiny_imagenetv2,27,layers.2.blocks.2.mlp.fc2,FP32__4to8,FP32,32,32,4to8,4,8,0.5,69.6,88.97,0.04000000000000625,0.09999999999999432,14.438279522582889,True,succeeded,/storage/users/pdarbani/Mehrshad/Transformer/v4.0/pretrained-isolation-framework/outputs/imagenetv2/swin_tiny/swin_tiny_imagenetv2_layerwise.json
swin_tiny_imagenetv2,27,layers.2.blocks.2.mlp.fc2,FP32__dense,FP32,32,32,dense,,,0.0,69.64,89.07,0.0,0.0,14.389362059533596,True,succeeded,/storage/users/pdarbani/Mehrshad/Transformer/v4.0/pretrained-isolation-framework/outputs/imagenetv2/swin_tiny/swin_tiny_imagenetv2_layerwise.json
swin_tiny_imagenetv2,27,layers.2.blocks.2.mlp.fc2,INT4__2to4,INT4,4,4,2to4,2,4,0.5,68.0,87.75,1.6400000000000006,1.3199999999999932,14.47885393537581,True,succeeded,/storage/users/pdarbani/Mehrshad/Transformer/v4.0/pretrained-isolation-framework/outputs/imagenetv2/swin_tiny/swin_tiny_imagenetv2_layerwise.json
swin_tiny_imagenetv2,27,layers.2.blocks.2.mlp.fc2,INT4__3to8,INT4,4,4,3to8,3,8,0.625,68.03,87.75,1.6099999999999994,1.3199999999999932,14.524670353159308,True,succeeded,/storage/users/pdarbani/Mehrshad/Transformer/v4.0/pretrained-isolation-framework/outputs/imagenetv2/swin_tiny/swin_tiny_imagenetv2_layerwise.json
swin_tiny_imagenetv2,27,layers.2.blocks.2.mlp.fc2,INT4__4to8,INT4,4,4,4to8,4,8,0.5,67.96,87.86,1.6800000000000068,1.2099999999999937,14.517305893823504,True,succeeded,/storage/users/pdarbani/Mehrshad/Transformer/v4.0/pretrained-isolation-framework/outputs/imagenetv2/swin_tiny/swin_tiny_imagenetv2_layerwise.json
swin_tiny_imagenetv2,27,layers.2.blocks.2.mlp.fc2,INT4__dense,INT4,4,4,dense,,,0.0,68.0,87.87,1.6400000000000006,1.1999999999999886,14.431774612516165,True,succeeded,/storage/users/pdarbani/Mehrshad/Transformer/v4.0/pretrained-isolation-framework/outputs/imagenetv2/swin_tiny/swin_tiny_imagenetv2_layerwise.json
swin_tiny_imagenetv2,27,layers.2.blocks.2.mlp.fc2,INT6__2to4,INT6,6,6,2to4,2,4,0.5,69.29,88.95,0.3499999999999943,0.11999999999999034,14.413245420902967,True,succeeded,/storage/users/pdarbani/Mehrshad/Transformer/v4.0/pretrained-isolation-framework/outputs/imagenetv2/swin_tiny/swin_tiny_imagenetv2_layerwise.json
swin_tiny_imagenetv2,27,layers.2.blocks.2.mlp.fc2,INT6__3to8,INT6,6,6,3to8,3,8,0.625,69.26,89.01,0.37999999999999545,0.05999999999998806,14.37124359793961,True,succeeded,/storage/users/pdarbani/Mehrshad/Transformer/v4.0/pretrained-isolation-framework/outputs/imagenetv2/swin_tiny/swin_tiny_imagenetv2_layerwise.json
swin_tiny_imagenetv2,27,layers.2.blocks.2.mlp.fc2,INT6__4to8,INT6,6,6,4to8,4,8,0.5,69.37,89.03,0.269999999999996,0.03999999999999204,14.455673949792981,True,succeeded,/storage/users/pdarbani/Mehrshad/Transformer/v4.0/pretrained-isolation-framework/outputs/imagenetv2/swin_tiny/swin_tiny_imagenetv2_layerwise.json
swin_tiny_imagenetv2,27,layers.2.blocks.2.mlp.fc2,INT6__dense,INT6,6,6,dense,,,0.0,69.35,88.95,0.29000000000000625,0.11999999999999034,14.401235923171043,True,succeeded,/storage/users/pdarbani/Mehrshad/Transformer/v4.0/pretrained-isolation-framework/outputs/imagenetv2/swin_tiny/swin_tiny_imagenetv2_layerwise.json
swin_tiny_imagenetv2,27,layers.2.blocks.2.mlp.fc2,INT8__2to4,INT8,8,8,2to4,2,4,0.5,69.44,88.87,0.20000000000000284,0.19999999999998863,14.402320565655828,True,succeeded,/storage/users/pdarbani/Mehrshad/Transformer/v4.0/pretrained-isolation-framework/outputs/imagenetv2/swin_tiny/swin_tiny_imagenetv2_layerwise.json
swin_tiny_imagenetv2,27,layers.2.blocks.2.mlp.fc2,INT8__3to8,INT8,8,8,3to8,3,8,0.625,69.44,88.93,0.20000000000000284,0.13999999999998636,14.4192348793149,True,succeeded,/storage/users/pdarbani/Mehrshad/Transformer/v4.0/pretrained-isolation-framework/outputs/imagenetv2/swin_tiny/swin_tiny_imagenetv2_layerwise.json
swin_tiny_imagenetv2,27,layers.2.blocks.2.mlp.fc2,INT8__4to8,INT8,8,8,4to8,4,8,0.5,69.56,88.98,0.0799999999999983,0.0899999999999892,14.387317806482315,True,succeeded,/storage/users/pdarbani/Mehrshad/Transformer/v4.0/pretrained-isolation-framework/outputs/imagenetv2/swin_tiny/swin_tiny_imagenetv2_layerwise.json
swin_tiny_imagenetv2,27,layers.2.blocks.2.mlp.fc2,INT8__dense,INT8,8,8,dense,,,0.0,69.56,89.05,0.0799999999999983,0.01999999999999602,14.48397189565003,True,succeeded,/storage/users/pdarbani/Mehrshad/Transformer/v4.0/pretrained-isolation-framework/outputs/imagenetv2/swin_tiny/swin_tiny_imagenetv2_layerwise.json
swin_tiny_imagenetv2,28,layers.2.blocks.3.attn.qkv,FP32__2to4,FP32,32,32,2to4,2,4,0.5,69.54,88.95,0.09999999999999432,0.11999999999999034,14.55678484775126,True,succeeded,/storage/users/pdarbani/Mehrshad/Transformer/v4.0/pretrained-isolation-framework/outputs/imagenetv2/swin_tiny/swin_tiny_imagenetv2_layerwise.json
swin_tiny_imagenetv2,28,layers.2.blocks.3.attn.qkv,FP32__3to8,FP32,32,32,3to8,3,8,0.625,69.57,88.83,0.07000000000000739,0.23999999999999488,14.57240548916161,True,succeeded,/storage/users/pdarbani/Mehrshad/Transformer/v4.0/pretrained-isolation-framework/outputs/imagenetv2/swin_tiny/swin_tiny_imagenetv2_layerwise.json
swin_tiny_imagenetv2,28,layers.2.blocks.3.attn.qkv,FP32__4to8,FP32,32,32,4to8,4,8,0.5,69.78,88.85,-0.14000000000000057,0.21999999999999886,14.686098389327526,True,succeeded,/storage/users/pdarbani/Mehrshad/Transformer/v4.0/pretrained-isolation-framework/outputs/imagenetv2/swin_tiny/swin_tiny_imagenetv2_layerwise.json
swin_tiny_imagenetv2,28,layers.2.blocks.3.attn.qkv,FP32__dense,FP32,32,32,dense,,,0.0,69.64,89.07,0.0,0.0,14.333068523555994,True,succeeded,/storage/users/pdarbani/Mehrshad/Transformer/v4.0/pretrained-isolation-framework/outputs/imagenetv2/swin_tiny/swin_tiny_imagenetv2_layerwise.json
swin_tiny_imagenetv2,28,layers.2.blocks.3.attn.qkv,INT4__2to4,INT4,4,4,2to4,2,4,0.5,69.44,88.83,0.20000000000000284,0.23999999999999488,14.350140783935785,True,succeeded,/storage/users/pdarbani/Mehrshad/Transformer/v4.0/pretrained-isolation-framework/outputs/imagenetv2/swin_tiny/swin_tiny_imagenetv2_layerwise.json
swin_tiny_imagenetv2,28,layers.2.blocks.3.attn.qkv,INT4__3to8,INT4,4,4,3to8,3,8,0.625,69.6,88.85,0.04000000000000625,0.21999999999999886,14.356357296928763,True,succeeded,/storage/users/pdarbani/Mehrshad/Transformer/v4.0/pretrained-isolation-framework/outputs/imagenetv2/swin_tiny/swin_tiny_imagenetv2_layerwise.json
swin_tiny_imagenetv2,28,layers.2.blocks.3.attn.qkv,INT4__4to8,INT4,4,4,4to8,4,8,0.5,69.82,88.84,-0.1799999999999926,0.22999999999998977,14.463845904916525,True,succeeded,/storage/users/pdarbani/Mehrshad/Transformer/v4.0/pretrained-isolation-framework/outputs/imagenetv2/swin_tiny/swin_tiny_imagenetv2_layerwise.json
swin_tiny_imagenetv2,28,layers.2.blocks.3.attn.qkv,INT4__dense,INT4,4,4,dense,,,0.0,69.58,88.98,0.060000000000002274,0.0899999999999892,14.349755207076669,True,succeeded,/storage/users/pdarbani/Mehrshad/Transformer/v4.0/pretrained-isolation-framework/outputs/imagenetv2/swin_tiny/swin_tiny_imagenetv2_layerwise.json
swin_tiny_imagenetv2,28,layers.2.blocks.3.attn.qkv,INT6__2to4,INT6,6,6,2to4,2,4,0.5,69.5,88.92,0.14000000000000057,0.14999999999999147,14.556453943252563,True,succeeded,/storage/users/pdarbani/Mehrshad/Transformer/v4.0/pretrained-isolation-framework/outputs/imagenetv2/swin_tiny/swin_tiny_imagenetv2_layerwise.json
swin_tiny_imagenetv2,28,layers.2.blocks.3.attn.qkv,INT6__3to8,INT6,6,6,3to8,3,8,0.625,69.57,88.86,0.07000000000000739,0.20999999999999375,14.306047381833196,True,succeeded,/storage/users/pdarbani/Mehrshad/Transformer/v4.0/pretrained-isolation-framework/outputs/imagenetv2/swin_tiny/swin_tiny_imagenetv2_layerwise.json
swin_tiny_imagenetv2,28,layers.2.blocks.3.attn.qkv,INT6__4to8,INT6,6,6,4to8,4,8,0.5,69.75,88.88,-0.10999999999999943,0.18999999999999773,14.762956680729985,True,succeeded,/storage/users/pdarbani/Mehrshad/Transformer/v4.0/pretrained-isolation-framework/outputs/imagenetv2/swin_tiny/swin_tiny_imagenetv2_layerwise.json
swin_tiny_imagenetv2,28,layers.2.blocks.3.attn.qkv,INT6__dense,INT6,6,6,dense,,,0.0,69.63,89.03,0.010000000000005116,0.03999999999999204,14.372947553172708,True,succeeded,/storage/users/pdarbani/Mehrshad/Transformer/v4.0/pretrained-isolation-framework/outputs/imagenetv2/swin_tiny/swin_tiny_imagenetv2_layerwise.json
swin_tiny_imagenetv2,28,layers.2.blocks.3.attn.qkv,INT8__2to4,INT8,8,8,2to4,2,4,0.5,69.52,88.97,0.12000000000000455,0.09999999999999432,15.315784292295575,True,succeeded,/storage/users/pdarbani/Mehrshad/Transformer/v4.0/pretrained-isolation-framework/outputs/imagenetv2/swin_tiny/swin_tiny_imagenetv2_layerwise.json
swin_tiny_imagenetv2,28,layers.2.blocks.3.attn.qkv,INT8__3to8,INT8,8,8,3to8,3,8,0.625,69.56,88.83,0.0799999999999983,0.23999999999999488,14.330973783507943,True,succeeded,/storage/users/pdarbani/Mehrshad/Transformer/v4.0/pretrained-isolation-framework/outputs/imagenetv2/swin_tiny/swin_tiny_imagenetv2_layerwise.json
swin_tiny_imagenetv2,28,layers.2.blocks.3.attn.qkv,INT8__4to8,INT8,8,8,4to8,4,8,0.5,69.79,88.88,-0.15000000000000568,0.18999999999999773,14.345288036391139,True,succeeded,/storage/users/pdarbani/Mehrshad/Transformer/v4.0/pretrained-isolation-framework/outputs/imagenetv2/swin_tiny/swin_tiny_imagenetv2_layerwise.json
swin_tiny_imagenetv2,28,layers.2.blocks.3.attn.qkv,INT8__dense,INT8,8,8,dense,,,0.0,69.65,89.06,-0.010000000000005116,0.009999999999990905,14.35191142000258,True,succeeded,/storage/users/pdarbani/Mehrshad/Transformer/v4.0/pretrained-isolation-framework/outputs/imagenetv2/swin_tiny/swin_tiny_imagenetv2_layerwise.json
swin_tiny_imagenetv2,29,layers.2.blocks.3.attn.proj,FP32__2to4,FP32,32,32,2to4,2,4,0.5,69.47,88.89,0.1700000000000017,0.1799999999999926,14.295414647087455,True,succeeded,/storage/users/pdarbani/Mehrshad/Transformer/v4.0/pretrained-isolation-framework/outputs/imagenetv2/swin_tiny/swin_tiny_imagenetv2_layerwise.json
swin_tiny_imagenetv2,29,layers.2.blocks.3.attn.proj,FP32__3to8,FP32,32,32,3to8,3,8,0.625,69.51,88.79,0.12999999999999545,0.2799999999999869,14.387420020997524,True,succeeded,/storage/users/pdarbani/Mehrshad/Transformer/v4.0/pretrained-isolation-framework/outputs/imagenetv2/swin_tiny/swin_tiny_imagenetv2_layerwise.json
swin_tiny_imagenetv2,29,layers.2.blocks.3.attn.proj,FP32__4to8,FP32,32,32,4to8,4,8,0.5,69.64,88.87,0.0,0.19999999999998863,14.269777351990342,True,succeeded,/storage/users/pdarbani/Mehrshad/Transformer/v4.0/pretrained-isolation-framework/outputs/imagenetv2/swin_tiny/swin_tiny_imagenetv2_layerwise.json
swin_tiny_imagenetv2,29,layers.2.blocks.3.attn.proj,FP32__dense,FP32,32,32,dense,,,0.0,69.64,89.07,0.0,0.0,15.228660998865962,True,succeeded,/storage/users/pdarbani/Mehrshad/Transformer/v4.0/pretrained-isolation-framework/outputs/imagenetv2/swin_tiny/swin_tiny_imagenetv2_layerwise.json
swin_tiny_imagenetv2,29,layers.2.blocks.3.attn.proj,INT4__2to4,INT4,4,4,2to4,2,4,0.5,69.45,88.86,0.18999999999999773,0.20999999999999375,14.498213870450854,True,succeeded,/storage/users/pdarbani/Mehrshad/Transformer/v4.0/pretrained-isolation-framework/outputs/imagenetv2/swin_tiny/swin_tiny_imagenetv2_layerwise.json
swin_tiny_imagenetv2,29,layers.2.blocks.3.attn.proj,INT4__3to8,INT4,4,4,3to8,3,8,0.625,69.4,88.75,0.23999999999999488,0.3199999999999932,14.453391356393695,True,succeeded,/storage/users/pdarbani/Mehrshad/Transformer/v4.0/pretrained-isolation-framework/outputs/imagenetv2/swin_tiny/swin_tiny_imagenetv2_layerwise.json
swin_tiny_imagenetv2,29,layers.2.blocks.3.attn.proj,INT4__4to8,INT4,4,4,4to8,4,8,0.5,69.45,88.78,0.18999999999999773,0.28999999999999204,14.563346622511744,True,succeeded,/storage/users/pdarbani/Mehrshad/Transformer/v4.0/pretrained-isolation-framework/outputs/imagenetv2/swin_tiny/swin_tiny_imagenetv2_layerwise.json
swin_tiny_imagenetv2,29,layers.2.blocks.3.attn.proj,INT4__dense,INT4,4,4,dense,,,0.0,69.65,88.84,-0.010000000000005116,0.22999999999998977,14.468112781643867,True,succeeded,/storage/users/pdarbani/Mehrshad/Transformer/v4.0/pretrained-isolation-framework/outputs/imagenetv2/swin_tiny/swin_tiny_imagenetv2_layerwise.json
swin_tiny_imagenetv2,29,layers.2.blocks.3.attn.proj,INT6__2to4,INT6,6,6,2to4,2,4,0.5,69.5,88.92,0.14000000000000057,0.14999999999999147,14.387392941862345,True,succeeded,/storage/users/pdarbani/Mehrshad/Transformer/v4.0/pretrained-isolation-framework/outputs/imagenetv2/swin_tiny/swin_tiny_imagenetv2_layerwise.json
swin_tiny_imagenetv2,29,layers.2.blocks.3.attn.proj,INT6__3to8,INT6,6,6,3to8,3,8,0.625,69.51,88.8,0.12999999999999545,0.269999999999996,14.475932575762272,True,succeeded,/storage/users/pdarbani/Mehrshad/Transformer/v4.0/pretrained-isolation-framework/outputs/imagenetv2/swin_tiny/swin_tiny_imagenetv2_layerwise.json
swin_tiny_imagenetv2,29,layers.2.blocks.3.attn.proj,INT6__4to8,INT6,6,6,4to8,4,8,0.5,69.69,88.92,-0.04999999999999716,0.14999999999999147,14.500524919480085,True,succeeded,/storage/users/pdarbani/Mehrshad/Transformer/v4.0/pretrained-isolation-framework/outputs/imagenetv2/swin_tiny/swin_tiny_imagenetv2_layerwise.json
swin_tiny_imagenetv2,29,layers.2.blocks.3.attn.proj,INT6__dense,INT6,6,6,dense,,,0.0,69.61,89.03,0.030000000000001137,0.03999999999999204,14.39205801486969,True,succeeded,/storage/users/pdarbani/Mehrshad/Transformer/v4.0/pretrained-isolation-framework/outputs/imagenetv2/swin_tiny/swin_tiny_imagenetv2_layerwise.json
swin_tiny_imagenetv2,29,layers.2.blocks.3.attn.proj,INT8__2to4,INT8,8,8,2to4,2,4,0.5,69.49,88.9,0.15000000000000568,0.1699999999999875,14.57312929071486,True,succeeded,/storage/users/pdarbani/Mehrshad/Transformer/v4.0/pretrained-isolation-framework/outputs/imagenetv2/swin_tiny/swin_tiny_imagenetv2_layerwise.json
swin_tiny_imagenetv2,29,layers.2.blocks.3.attn.proj,INT8__3to8,INT8,8,8,3to8,3,8,0.625,69.54,88.79,0.09999999999999432,0.2799999999999869,14.511775523424149,True,succeeded,/storage/users/pdarbani/Mehrshad/Transformer/v4.0/pretrained-isolation-framework/outputs/imagenetv2/swin_tiny/swin_tiny_imagenetv2_layerwise.json
swin_tiny_imagenetv2,29,layers.2.blocks.3.attn.proj,INT8__4to8,INT8,8,8,4to8,4,8,0.5,69.64,88.87,0.0,0.19999999999998863,14.604757707566023,True,succeeded,/storage/users/pdarbani/Mehrshad/Transformer/v4.0/pretrained-isolation-framework/outputs/imagenetv2/swin_tiny/swin_tiny_imagenetv2_layerwise.json
swin_tiny_imagenetv2,29,layers.2.blocks.3.attn.proj,INT8__dense,INT8,8,8,dense,,,0.0,69.67,89.08,-0.030000000000001137,-0.010000000000005116,14.335471831262112,True,succeeded,/storage/users/pdarbani/Mehrshad/Transformer/v4.0/pretrained-isolation-framework/outputs/imagenetv2/swin_tiny/swin_tiny_imagenetv2_layerwise.json
swin_tiny_imagenetv2,30,layers.2.blocks.3.mlp.fc1,FP32__2to4,FP32,32,32,2to4,2,4,0.5,69.43,88.91,0.20999999999999375,0.1599999999999966,14.419962394982576,True,succeeded,/storage/users/pdarbani/Mehrshad/Transformer/v4.0/pretrained-isolation-framework/outputs/imagenetv2/swin_tiny/swin_tiny_imagenetv2_layerwise.json
swin_tiny_imagenetv2,30,layers.2.blocks.3.mlp.fc1,FP32__3to8,FP32,32,32,3to8,3,8,0.625,69.47,88.97,0.1700000000000017,0.09999999999999432,14.417714336887002,True,succeeded,/storage/users/pdarbani/Mehrshad/Transformer/v4.0/pretrained-isolation-framework/outputs/imagenetv2/swin_tiny/swin_tiny_imagenetv2_layerwise.json
swin_tiny_imagenetv2,30,layers.2.blocks.3.mlp.fc1,FP32__4to8,FP32,32,32,4to8,4,8,0.5,69.37,88.96,0.269999999999996,0.10999999999999943,14.595850814133883,True,succeeded,/storage/users/pdarbani/Mehrshad/Transformer/v4.0/pretrained-isolation-framework/outputs/imagenetv2/swin_tiny/swin_tiny_imagenetv2_layerwise.json
swin_tiny_imagenetv2,30,layers.2.blocks.3.mlp.fc1,FP32__dense,FP32,32,32,dense,,,0.0,69.64,89.07,0.0,0.0,14.3752920050174,True,succeeded,/storage/users/pdarbani/Mehrshad/Transformer/v4.0/pretrained-isolation-framework/outputs/imagenetv2/swin_tiny/swin_tiny_imagenetv2_layerwise.json
swin_tiny_imagenetv2,30,layers.2.blocks.3.mlp.fc1,INT4__2to4,INT4,4,4,2to4,2,4,0.5,69.28,88.78,0.35999999999999943,0.28999999999999204,14.517560474574566,True,succeeded,/storage/users/pdarbani/Mehrshad/Transformer/v4.0/pretrained-isolation-framework/outputs/imagenetv2/swin_tiny/swin_tiny_imagenetv2_layerwise.json
swin_tiny_imagenetv2,30,layers.2.blocks.3.mlp.fc1,INT4__3to8,INT4,4,4,3to8,3,8,0.625,69.16,88.73,0.480000000000004,0.3399999999999892,14.311594190075994,True,succeeded,/storage/users/pdarbani/Mehrshad/Transformer/v4.0/pretrained-isolation-framework/outputs/imagenetv2/swin_tiny/swin_tiny_imagenetv2_layerwise.json
swin_tiny_imagenetv2,30,layers.2.blocks.3.mlp.fc1,INT4__4to8,INT4,4,4,4to8,4,8,0.5,69.25,88.71,0.39000000000000057,0.35999999999999943,14.509070083498955,True,succeeded,/storage/users/pdarbani/Mehrshad/Transformer/v4.0/pretrained-isolation-framework/outputs/imagenetv2/swin_tiny/swin_tiny_imagenetv2_layerwise.json
swin_tiny_imagenetv2,30,layers.2.blocks.3.mlp.fc1,INT4__dense,INT4,4,4,dense,,,0.0,69.42,88.85,0.21999999999999886,0.21999999999999886,14.487865954637527,True,succeeded,/storage/users/pdarbani/Mehrshad/Transformer/v4.0/pretrained-isolation-framework/outputs/imagenetv2/swin_tiny/swin_tiny_imagenetv2_layerwise.json
swin_tiny_imagenetv2,30,layers.2.blocks.3.mlp.fc1,INT6__2to4,INT6,6,6,2to4,2,4,0.5,69.46,88.92,0.18000000000000682,0.14999999999999147,14.429448099806905,True,succeeded,/storage/users/pdarbani/Mehrshad/Transformer/v4.0/pretrained-isolation-framework/outputs/imagenetv2/swin_tiny/swin_tiny_imagenetv2_layerwise.json
swin_tiny_imagenetv2,30,layers.2.blocks.3.mlp.fc1,INT6__3to8,INT6,6,6,3to8,3,8,0.625,69.52,88.99,0.12000000000000455,0.0799999999999983,14.30930402688682,True,succeeded,/storage/users/pdarbani/Mehrshad/Transformer/v4.0/pretrained-isolation-framework/outputs/imagenetv2/swin_tiny/swin_tiny_imagenetv2_layerwise.json
swin_tiny_imagenetv2,30,layers.2.blocks.3.mlp.fc1,INT6__4to8,INT6,6,6,4to8,4,8,0.5,69.53,89.01,0.10999999999999943,0.05999999999998806,14.357957005500793,True,succeeded,/storage/users/pdarbani/Mehrshad/Transformer/v4.0/pretrained-isolation-framework/outputs/imagenetv2/swin_tiny/swin_tiny_imagenetv2_layerwise.json
swin_tiny_imagenetv2,30,layers.2.blocks.3.mlp.fc1,INT6__dense,INT6,6,6,dense,,,0.0,69.63,89.07,0.010000000000005116,0.0,14.411841414868832,True,succeeded,/storage/users/pdarbani/Mehrshad/Transformer/v4.0/pretrained-isolation-framework/outputs/imagenetv2/swin_tiny/swin_tiny_imagenetv2_layerwise.json
swin_tiny_imagenetv2,30,layers.2.blocks.3.mlp.fc1,INT8__2to4,INT8,8,8,2to4,2,4,0.5,69.45,88.88,0.18999999999999773,0.18999999999999773,14.373439580202103,True,succeeded,/storage/users/pdarbani/Mehrshad/Transformer/v4.0/pretrained-isolation-framework/outputs/imagenetv2/swin_tiny/swin_tiny_imagenetv2_layerwise.json
swin_tiny_imagenetv2,30,layers.2.blocks.3.mlp.fc1,INT8__3to8,INT8,8,8,3to8,3,8,0.625,69.53,88.99,0.10999999999999943,0.0799999999999983,14.394920280203223,True,succeeded,/storage/users/pdarbani/Mehrshad/Transformer/v4.0/pretrained-isolation-framework/outputs/imagenetv2/swin_tiny/swin_tiny_imagenetv2_layerwise.json
swin_tiny_imagenetv2,30,layers.2.blocks.3.mlp.fc1,INT8__4to8,INT8,8,8,4to8,4,8,0.5,69.43,89.01,0.20999999999999375,0.05999999999998806,14.3867216296494,True,succeeded,/storage/users/pdarbani/Mehrshad/Transformer/v4.0/pretrained-isolation-framework/outputs/imagenetv2/swin_tiny/swin_tiny_imagenetv2_layerwise.json
swin_tiny_imagenetv2,30,layers.2.blocks.3.mlp.fc1,INT8__dense,INT8,8,8,dense,,,0.0,69.69,89.08,-0.04999999999999716,-0.010000000000005116,14.398510053753853,True,succeeded,/storage/users/pdarbani/Mehrshad/Transformer/v4.0/pretrained-isolation-framework/outputs/imagenetv2/swin_tiny/swin_tiny_imagenetv2_layerwise.json
swin_tiny_imagenetv2,31,layers.2.blocks.3.mlp.fc2,FP32__2to4,FP32,32,32,2to4,2,4,0.5,69.61,88.91,0.030000000000001137,0.1599999999999966,14.633026529103518,True,succeeded,/storage/users/pdarbani/Mehrshad/Transformer/v4.0/pretrained-isolation-framework/outputs/imagenetv2/swin_tiny/swin_tiny_imagenetv2_layerwise.json
swin_tiny_imagenetv2,31,layers.2.blocks.3.mlp.fc2,FP32__3to8,FP32,32,32,3to8,3,8,0.625,69.37,88.87,0.269999999999996,0.19999999999998863,14.310120478272438,True,succeeded,/storage/users/pdarbani/Mehrshad/Transformer/v4.0/pretrained-isolation-framework/outputs/imagenetv2/swin_tiny/swin_tiny_imagenetv2_layerwise.json
swin_tiny_imagenetv2,31,layers.2.blocks.3.mlp.fc2,FP32__4to8,FP32,32,32,4to8,4,8,0.5,69.5,88.93,0.14000000000000057,0.13999999999998636,14.513617925345898,True,succeeded,/storage/users/pdarbani/Mehrshad/Transformer/v4.0/pretrained-isolation-framework/outputs/imagenetv2/swin_tiny/swin_tiny_imagenetv2_layerwise.json
swin_tiny_imagenetv2,31,layers.2.blocks.3.mlp.fc2,FP32__dense,FP32,32,32,dense,,,0.0,69.64,89.07,0.0,0.0,14.304283022880554,True,succeeded,/storage/users/pdarbani/Mehrshad/Transformer/v4.0/pretrained-isolation-framework/outputs/imagenetv2/swin_tiny/swin_tiny_imagenetv2_layerwise.json
swin_tiny_imagenetv2,31,layers.2.blocks.3.mlp.fc2,INT4__2to4,INT4,4,4,2to4,2,4,0.5,68.5,87.95,1.1400000000000006,1.1199999999999903,14.402949141338468,True,succeeded,/storage/users/pdarbani/Mehrshad/Transformer/v4.0/pretrained-isolation-framework/outputs/imagenetv2/swin_tiny/swin_tiny_imagenetv2_layerwise.json
swin_tiny_imagenetv2,31,layers.2.blocks.3.mlp.fc2,INT4__3to8,INT4,4,4,3to8,3,8,0.625,68.44,88.01,1.2000000000000028,1.059999999999988,14.449152130633593,True,succeeded,/storage/users/pdarbani/Mehrshad/Transformer/v4.0/pretrained-isolation-framework/outputs/imagenetv2/swin_tiny/swin_tiny_imagenetv2_layerwise.json
swin_tiny_imagenetv2,31,layers.2.blocks.3.mlp.fc2,INT4__4to8,INT4,4,4,4to8,4,8,0.5,68.51,88.11,1.1299999999999955,0.9599999999999937,14.404900213703513,True,succeeded,/storage/users/pdarbani/Mehrshad/Transformer/v4.0/pretrained-isolation-framework/outputs/imagenetv2/swin_tiny/swin_tiny_imagenetv2_layerwise.json
swin_tiny_imagenetv2,31,layers.2.blocks.3.mlp.fc2,INT4__dense,INT4,4,4,dense,,,0.0,68.59,88.07,1.0499999999999972,1.0,14.385662080720067,True,succeeded,/storage/users/pdarbani/Mehrshad/Transformer/v4.0/pretrained-isolation-framework/outputs/imagenetv2/swin_tiny/swin_tiny_imagenetv2_layerwise.json
swin_tiny_imagenetv2,31,layers.2.blocks.3.mlp.fc2,INT6__2to4,INT6,6,6,2to4,2,4,0.5,69.53,88.76,0.10999999999999943,0.30999999999998806,14.675198026001453,True,succeeded,/storage/users/pdarbani/Mehrshad/Transformer/v4.0/pretrained-isolation-framework/outputs/imagenetv2/swin_tiny/swin_tiny_imagenetv2_layerwise.json
swin_tiny_imagenetv2,31,layers.2.blocks.3.mlp.fc2,INT6__3to8,INT6,6,6,3to8,3,8,0.625,69.28,88.73,0.35999999999999943,0.3399999999999892,14.409799758344889,True,succeeded,/storage/users/pdarbani/Mehrshad/Transformer/v4.0/pretrained-isolation-framework/outputs/imagenetv2/swin_tiny/swin_tiny_imagenetv2_layerwise.json
swin_tiny_imagenetv2,31,layers.2.blocks.3.mlp.fc2,INT6__4to8,INT6,6,6,4to8,4,8,0.5,69.58,88.8,0.060000000000002274,0.269999999999996,14.460535595193505,True,succeeded,/storage/users/pdarbani/Mehrshad/Transformer/v4.0/pretrained-isolation-framework/outputs/imagenetv2/swin_tiny/swin_tiny_imagenetv2_layerwise.json
swin_tiny_imagenetv2,31,layers.2.blocks.3.mlp.fc2,INT6__dense,INT6,6,6,dense,,,0.0,69.61,88.84,0.030000000000001137,0.22999999999998977,14.889887172728777,True,succeeded,/storage/users/pdarbani/Mehrshad/Transformer/v4.0/pretrained-isolation-framework/outputs/imagenetv2/swin_tiny/swin_tiny_imagenetv2_layerwise.json
swin_tiny_imagenetv2,31,layers.2.blocks.3.mlp.fc2,INT8__2to4,INT8,8,8,2to4,2,4,0.5,69.63,88.92,0.010000000000005116,0.14999999999999147,14.378960711881518,True,succeeded,/storage/users/pdarbani/Mehrshad/Transformer/v4.0/pretrained-isolation-framework/outputs/imagenetv2/swin_tiny/swin_tiny_imagenetv2_layerwise.json
swin_tiny_imagenetv2,31,layers.2.blocks.3.mlp.fc2,INT8__3to8,INT8,8,8,3to8,3,8,0.625,69.38,88.81,0.2600000000000051,0.2599999999999909,14.40727724507451,True,succeeded,/storage/users/pdarbani/Mehrshad/Transformer/v4.0/pretrained-isolation-framework/outputs/imagenetv2/swin_tiny/swin_tiny_imagenetv2_layerwise.json
swin_tiny_imagenetv2,31,layers.2.blocks.3.mlp.fc2,INT8__4to8,INT8,8,8,4to8,4,8,0.5,69.59,88.93,0.04999999999999716,0.13999999999998636,14.424959031865,True,succeeded,/storage/users/pdarbani/Mehrshad/Transformer/v4.0/pretrained-isolation-framework/outputs/imagenetv2/swin_tiny/swin_tiny_imagenetv2_layerwise.json
swin_tiny_imagenetv2,31,layers.2.blocks.3.mlp.fc2,INT8__dense,INT8,8,8,dense,,,0.0,69.71,89.06,-0.06999999999999318,0.009999999999990905,14.552475085482001,True,succeeded,/storage/users/pdarbani/Mehrshad/Transformer/v4.0/pretrained-isolation-framework/outputs/imagenetv2/swin_tiny/swin_tiny_imagenetv2_layerwise.json
swin_tiny_imagenetv2,32,layers.2.blocks.4.attn.qkv,FP32__2to4,FP32,32,32,2to4,2,4,0.5,69.16,88.94,0.480000000000004,0.12999999999999545,14.367187093943357,True,succeeded,/storage/users/pdarbani/Mehrshad/Transformer/v4.0/pretrained-isolation-framework/outputs/imagenetv2/swin_tiny/swin_tiny_imagenetv2_layerwise.json
swin_tiny_imagenetv2,32,layers.2.blocks.4.attn.qkv,FP32__3to8,FP32,32,32,3to8,3,8,0.625,69.25,88.83,0.39000000000000057,0.23999999999999488,14.34431709907949,True,succeeded,/storage/users/pdarbani/Mehrshad/Transformer/v4.0/pretrained-isolation-framework/outputs/imagenetv2/swin_tiny/swin_tiny_imagenetv2_layerwise.json
swin_tiny_imagenetv2,32,layers.2.blocks.4.attn.qkv,FP32__4to8,FP32,32,32,4to8,4,8,0.5,69.4,89.01,0.23999999999999488,0.05999999999998806,14.270826390013099,True,succeeded,/storage/users/pdarbani/Mehrshad/Transformer/v4.0/pretrained-isolation-framework/outputs/imagenetv2/swin_tiny/swin_tiny_imagenetv2_layerwise.json
swin_tiny_imagenetv2,32,layers.2.blocks.4.attn.qkv,FP32__dense,FP32,32,32,dense,,,0.0,69.64,89.07,0.0,0.0,14.302166536450386,True,succeeded,/storage/users/pdarbani/Mehrshad/Transformer/v4.0/pretrained-isolation-framework/outputs/imagenetv2/swin_tiny/swin_tiny_imagenetv2_layerwise.json
swin_tiny_imagenetv2,32,layers.2.blocks.4.attn.qkv,INT4__2to4,INT4,4,4,2to4,2,4,0.5,69.24,88.78,0.4000000000000057,0.28999999999999204,14.456793505698442,True,succeeded,/storage/users/pdarbani/Mehrshad/Transformer/v4.0/pretrained-isolation-framework/outputs/imagenetv2/swin_tiny/swin_tiny_imagenetv2_layerwise.json
swin_tiny_imagenetv2,32,layers.2.blocks.4.attn.qkv,INT4__3to8,INT4,4,4,3to8,3,8,0.625,69.27,88.83,0.37000000000000455,0.23999999999999488,14.328970396891236,True,succeeded,/storage/users/pdarbani/Mehrshad/Transformer/v4.0/pretrained-isolation-framework/outputs/imagenetv2/swin_tiny/swin_tiny_imagenetv2_layerwise.json
swin_tiny_imagenetv2,32,layers.2.blocks.4.attn.qkv,INT4__4to8,INT4,4,4,4to8,4,8,0.5,69.4,89.0,0.23999999999999488,0.06999999999999318,14.345360497012734,True,succeeded,/storage/users/pdarbani/Mehrshad/Transformer/v4.0/pretrained-isolation-framework/outputs/imagenetv2/swin_tiny/swin_tiny_imagenetv2_layerwise.json
swin_tiny_imagenetv2,32,layers.2.blocks.4.attn.qkv,INT4__dense,INT4,4,4,dense,,,0.0,69.56,88.85,0.0799999999999983,0.21999999999999886,14.487516853958368,True,succeeded,/storage/users/pdarbani/Mehrshad/Transformer/v4.0/pretrained-isolation-framework/outputs/imagenetv2/swin_tiny/swin_tiny_imagenetv2_layerwise.json
swin_tiny_imagenetv2,32,layers.2.blocks.4.attn.qkv,INT6__2to4,INT6,6,6,2to4,2,4,0.5,69.17,88.99,0.46999999999999886,0.0799999999999983,14.695176200941205,True,succeeded,/storage/users/pdarbani/Mehrshad/Transformer/v4.0/pretrained-isolation-framework/outputs/imagenetv2/swin_tiny/swin_tiny_imagenetv2_layerwise.json
swin_tiny_imagenetv2,32,layers.2.blocks.4.attn.qkv,INT6__3to8,INT6,6,6,3to8,3,8,0.625,69.27,88.88,0.37000000000000455,0.18999999999999773,14.353350887075067,True,succeeded,/storage/users/pdarbani/Mehrshad/Transformer/v4.0/pretrained-isolation-framework/outputs/imagenetv2/swin_tiny/swin_tiny_imagenetv2_layerwise.json
swin_tiny_imagenetv2,32,layers.2.blocks.4.attn.qkv,INT6__4to8,INT6,6,6,4to8,4,8,0.5,69.47,88.99,0.1700000000000017,0.0799999999999983,14.565358588472009,True,succeeded,/storage/users/pdarbani/Mehrshad/Transformer/v4.0/pretrained-isolation-framework/outputs/imagenetv2/swin_tiny/swin_tiny_imagenetv2_layerwise.json
swin_tiny_imagenetv2,32,layers.2.blocks.4.attn.qkv,INT6__dense,INT6,6,6,dense,,,0.0,69.66,89.11,-0.01999999999999602,-0.04000000000000625,14.36782599426806,True,succeeded,/storage/users/pdarbani/Mehrshad/Transformer/v4.0/pretrained-isolation-framework/outputs/imagenetv2/swin_tiny/swin_tiny_imagenetv2_layerwise.json
swin_tiny_imagenetv2,32,layers.2.blocks.4.attn.qkv,INT8__2to4,INT8,8,8,2to4,2,4,0.5,69.18,88.93,0.45999999999999375,0.13999999999998636,14.393780617043376,True,succeeded,/storage/users/pdarbani/Mehrshad/Transformer/v4.0/pretrained-isolation-framework/outputs/imagenetv2/swin_tiny/swin_tiny_imagenetv2_layerwise.json
swin_tiny_imagenetv2,32,layers.2.blocks.4.attn.qkv,INT8__3to8,INT8,8,8,3to8,3,8,0.625,69.26,88.83,0.37999999999999545,0.23999999999999488,14.639204064384103,True,succeeded,/storage/users/pdarbani/Mehrshad/Transformer/v4.0/pretrained-isolation-framework/outputs/imagenetv2/swin_tiny/swin_tiny_imagenetv2_layerwise.json
swin_tiny_imagenetv2,32,layers.2.blocks.4.attn.qkv,INT8__4to8,INT8,8,8,4to8,4,8,0.5,69.4,88.99,0.23999999999999488,0.0799999999999983,14.406469224020839,True,succeeded,/storage/users/pdarbani/Mehrshad/Transformer/v4.0/pretrained-isolation-framework/outputs/imagenetv2/swin_tiny/swin_tiny_imagenetv2_layerwise.json
swin_tiny_imagenetv2,32,layers.2.blocks.4.attn.qkv,INT8__dense,INT8,8,8,dense,,,0.0,69.64,89.08,0.0,-0.010000000000005116,14.331826960667968,True,succeeded,/storage/users/pdarbani/Mehrshad/Transformer/v4.0/pretrained-isolation-framework/outputs/imagenetv2/swin_tiny/swin_tiny_imagenetv2_layerwise.json
swin_tiny_imagenetv2,33,layers.2.blocks.4.attn.proj,FP32__2to4,FP32,32,32,2to4,2,4,0.5,69.47,88.81,0.1700000000000017,0.2599999999999909,22.11950096860528,True,succeeded,/storage/users/pdarbani/Mehrshad/Transformer/v4.0/pretrained-isolation-framework/outputs/imagenetv2/swin_tiny/swin_tiny_imagenetv2_layerwise.json
swin_tiny_imagenetv2,33,layers.2.blocks.4.attn.proj,FP32__3to8,FP32,32,32,3to8,3,8,0.625,69.55,88.83,0.09000000000000341,0.23999999999999488,22.110238743945956,True,succeeded,/storage/users/pdarbani/Mehrshad/Transformer/v4.0/pretrained-isolation-framework/outputs/imagenetv2/swin_tiny/swin_tiny_imagenetv2_layerwise.json
swin_tiny_imagenetv2,33,layers.2.blocks.4.attn.proj,FP32__4to8,FP32,32,32,4to8,4,8,0.5,69.51,88.9,0.12999999999999545,0.1699999999999875,18.127324609085917,True,succeeded,/storage/users/pdarbani/Mehrshad/Transformer/v4.0/pretrained-isolation-framework/outputs/imagenetv2/swin_tiny/swin_tiny_imagenetv2_layerwise.json
swin_tiny_imagenetv2,33,layers.2.blocks.4.attn.proj,FP32__dense,FP32,32,32,dense,,,0.0,69.64,89.07,0.0,0.0,14.36206322722137,True,succeeded,/storage/users/pdarbani/Mehrshad/Transformer/v4.0/pretrained-isolation-framework/outputs/imagenetv2/swin_tiny/swin_tiny_imagenetv2_layerwise.json
swin_tiny_imagenetv2,33,layers.2.blocks.4.attn.proj,INT4__2to4,INT4,4,4,2to4,2,4,0.5,69.52,88.75,0.12000000000000455,0.3199999999999932,21.15349725820124,True,succeeded,/storage/users/pdarbani/Mehrshad/Transformer/v4.0/pretrained-isolation-framework/outputs/imagenetv2/swin_tiny/swin_tiny_imagenetv2_layerwise.json
swin_tiny_imagenetv2,33,layers.2.blocks.4.attn.proj,INT4__3to8,INT4,4,4,3to8,3,8,0.625,69.63,88.79,0.010000000000005116,0.2799999999999869,20.14108655974269,True,succeeded,/storage/users/pdarbani/Mehrshad/Transformer/v4.0/pretrained-isolation-framework/outputs/imagenetv2/swin_tiny/swin_tiny_imagenetv2_layerwise.json
swin_tiny_imagenetv2,33,layers.2.blocks.4.attn.proj,INT4__4to8,INT4,4,4,4to8,4,8,0.5,69.68,88.95,-0.04000000000000625,0.11999999999999034,20.53498418442905,True,succeeded,/storage/users/pdarbani/Mehrshad/Transformer/v4.0/pretrained-isolation-framework/outputs/imagenetv2/swin_tiny/swin_tiny_imagenetv2_layerwise.json
swin_tiny_imagenetv2,33,layers.2.blocks.4.attn.proj,INT4__dense,INT4,4,4,dense,,,0.0,69.64,88.88,0.0,0.18999999999999773,20.892346462234855,True,succeeded,/storage/users/pdarbani/Mehrshad/Transformer/v4.0/pretrained-isolation-framework/outputs/imagenetv2/swin_tiny/swin_tiny_imagenetv2_layerwise.json
swin_tiny_imagenetv2,33,layers.2.blocks.4.attn.proj,INT6__2to4,INT6,6,6,2to4,2,4,0.5,69.52,88.79,0.12000000000000455,0.2799999999999869,20.843291459605098,True,succeeded,/storage/users/pdarbani/Mehrshad/Transformer/v4.0/pretrained-isolation-framework/outputs/imagenetv2/swin_tiny/swin_tiny_imagenetv2_layerwise.json
swin_tiny_imagenetv2,33,layers.2.blocks.4.attn.proj,INT6__3to8,INT6,6,6,3to8,3,8,0.625,69.5,88.77,0.14000000000000057,0.29999999999999716,20.430520175024867,True,succeeded,/storage/users/pdarbani/Mehrshad/Transformer/v4.0/pretrained-isolation-framework/outputs/imagenetv2/swin_tiny/swin_tiny_imagenetv2_layerwise.json
swin_tiny_imagenetv2,33,layers.2.blocks.4.attn.proj,INT6__4to8,INT6,6,6,4to8,4,8,0.5,69.62,88.91,0.01999999999999602,0.1599999999999966,20.4262869451195,True,succeeded,/storage/users/pdarbani/Mehrshad/Transformer/v4.0/pretrained-isolation-framework/outputs/imagenetv2/swin_tiny/swin_tiny_imagenetv2_layerwise.json
swin_tiny_imagenetv2,33,layers.2.blocks.4.attn.proj,INT6__dense,INT6,6,6,dense,,,0.0,69.7,89.07,-0.060000000000002274,0.0,21.273472353816032,True,succeeded,/storage/users/pdarbani/Mehrshad/Transformer/v4.0/pretrained-isolation-framework/outputs/imagenetv2/swin_tiny/swin_tiny_imagenetv2_layerwise.json
swin_tiny_imagenetv2,33,layers.2.blocks.4.attn.proj,INT8__2to4,INT8,8,8,2to4,2,4,0.5,69.5,88.82,0.14000000000000057,0.25,22.167144112288952,True,succeeded,/storage/users/pdarbani/Mehrshad/Transformer/v4.0/pretrained-isolation-framework/outputs/imagenetv2/swin_tiny/swin_tiny_imagenetv2_layerwise.json
swin_tiny_imagenetv2,33,layers.2.blocks.4.attn.proj,INT8__3to8,INT8,8,8,3to8,3,8,0.625,69.53,88.8,0.10999999999999943,0.269999999999996,20.442951504141092,True,succeeded,/storage/users/pdarbani/Mehrshad/Transformer/v4.0/pretrained-isolation-framework/outputs/imagenetv2/swin_tiny/swin_tiny_imagenetv2_layerwise.json
swin_tiny_imagenetv2,33,layers.2.blocks.4.attn.proj,INT8__4to8,INT8,8,8,4to8,4,8,0.5,69.53,88.93,0.10999999999999943,0.13999999999998636,21.0307156778872,True,succeeded,/storage/users/pdarbani/Mehrshad/Transformer/v4.0/pretrained-isolation-framework/outputs/imagenetv2/swin_tiny/swin_tiny_imagenetv2_layerwise.json
swin_tiny_imagenetv2,33,layers.2.blocks.4.attn.proj,INT8__dense,INT8,8,8,dense,,,0.0,69.66,89.06,-0.01999999999999602,0.009999999999990905,18.17256478779018,True,succeeded,/storage/users/pdarbani/Mehrshad/Transformer/v4.0/pretrained-isolation-framework/outputs/imagenetv2/swin_tiny/swin_tiny_imagenetv2_layerwise.json
swin_tiny_imagenetv2,34,layers.2.blocks.4.mlp.fc1,FP32__2to4,FP32,32,32,2to4,2,4,0.5,69.62,88.98,0.01999999999999602,0.0899999999999892,21.025155341252685,True,succeeded,/storage/users/pdarbani/Mehrshad/Transformer/v4.0/pretrained-isolation-framework/outputs/imagenetv2/swin_tiny/swin_tiny_imagenetv2_layerwise.json
swin_tiny_imagenetv2,34,layers.2.blocks.4.mlp.fc1,FP32__3to8,FP32,32,32,3to8,3,8,0.625,69.32,88.79,0.3200000000000074,0.2799999999999869,21.0374718606472,True,succeeded,/storage/users/pdarbani/Mehrshad/Transformer/v4.0/pretrained-isolation-framework/outputs/imagenetv2/swin_tiny/swin_tiny_imagenetv2_layerwise.json
swin_tiny_imagenetv2,34,layers.2.blocks.4.mlp.fc1,FP32__4to8,FP32,32,32,4to8,4,8,0.5,69.73,88.92,-0.09000000000000341,0.14999999999999147,20.080047527328134,True,succeeded,/storage/users/pdarbani/Mehrshad/Transformer/v4.0/pretrained-isolation-framework/outputs/imagenetv2/swin_tiny/swin_tiny_imagenetv2_layerwise.json
swin_tiny_imagenetv2,34,layers.2.blocks.4.mlp.fc1,FP32__dense,FP32,32,32,dense,,,0.0,69.64,89.07,0.0,0.0,19.803687980398536,True,succeeded,/storage/users/pdarbani/Mehrshad/Transformer/v4.0/pretrained-isolation-framework/outputs/imagenetv2/swin_tiny/swin_tiny_imagenetv2_layerwise.json
swin_tiny_imagenetv2,34,layers.2.blocks.4.mlp.fc1,INT4__2to4,INT4,4,4,2to4,2,4,0.5,69.05,88.65,0.5900000000000034,0.4199999999999875,21.16373272612691,True,succeeded,/storage/users/pdarbani/Mehrshad/Transformer/v4.0/pretrained-isolation-framework/outputs/imagenetv2/swin_tiny/swin_tiny_imagenetv2_layerwise.json
swin_tiny_imagenetv2,34,layers.2.blocks.4.mlp.fc1,INT4__3to8,INT4,4,4,3to8,3,8,0.625,68.94,88.69,0.7000000000000028,0.37999999999999545,22.21785700134933,True,succeeded,/storage/users/pdarbani/Mehrshad/Transformer/v4.0/pretrained-isolation-framework/outputs/imagenetv2/swin_tiny/swin_tiny_imagenetv2_layerwise.json
swin_tiny_imagenetv2,34,layers.2.blocks.4.mlp.fc1,INT4__4to8,INT4,4,4,4to8,4,8,0.5,69.02,88.68,0.6200000000000045,0.38999999999998636,18.44393371231854,True,succeeded,/storage/users/pdarbani/Mehrshad/Transformer/v4.0/pretrained-isolation-framework/outputs/imagenetv2/swin_tiny/swin_tiny_imagenetv2_layerwise.json
swin_tiny_imagenetv2,34,layers.2.blocks.4.mlp.fc1,INT4__dense,INT4,4,4,dense,,,0.0,69.2,88.61,0.4399999999999977,0.45999999999999375,20.04283520951867,True,succeeded,/storage/users/pdarbani/Mehrshad/Transformer/v4.0/pretrained-isolation-framework/outputs/imagenetv2/swin_tiny/swin_tiny_imagenetv2_layerwise.json
swin_tiny_imagenetv2,34,layers.2.blocks.4.mlp.fc1,INT6__2to4,INT6,6,6,2to4,2,4,0.5,69.71,89.0,-0.06999999999999318,0.06999999999999318,21.03677226603031,True,succeeded,/storage/users/pdarbani/Mehrshad/Transformer/v4.0/pretrained-isolation-framework/outputs/imagenetv2/swin_tiny/swin_tiny_imagenetv2_layerwise.json
swin_tiny_imagenetv2,34,layers.2.blocks.4.mlp.fc1,INT6__3to8,INT6,6,6,3to8,3,8,0.625,69.32,88.86,0.3200000000000074,0.20999999999999375,21.643397642299533,True,succeeded,/storage/users/pdarbani/Mehrshad/Transformer/v4.0/pretrained-isolation-framework/outputs/imagenetv2/swin_tiny/swin_tiny_imagenetv2_layerwise.json
swin_tiny_imagenetv2,34,layers.2.blocks.4.mlp.fc1,INT6__4to8,INT6,6,6,4to8,4,8,0.5,69.82,88.88,-0.1799999999999926,0.18999999999999773,20.750634348019958,True,succeeded,/storage/users/pdarbani/Mehrshad/Transformer/v4.0/pretrained-isolation-framework/outputs/imagenetv2/swin_tiny/swin_tiny_imagenetv2_layerwise.json
swin_tiny_imagenetv2,34,layers.2.blocks.4.mlp.fc1,INT6__dense,INT6,6,6,dense,,,0.0,69.56,89.0,0.0799999999999983,0.06999999999999318,19.97690742649138,True,succeeded,/storage/users/pdarbani/Mehrshad/Transformer/v4.0/pretrained-isolation-framework/outputs/imagenetv2/swin_tiny/swin_tiny_imagenetv2_layerwise.json
swin_tiny_imagenetv2,34,layers.2.blocks.4.mlp.fc1,INT8__2to4,INT8,8,8,2to4,2,4,0.5,69.66,88.94,-0.01999999999999602,0.12999999999999545,22.386359928175807,True,succeeded,/storage/users/pdarbani/Mehrshad/Transformer/v4.0/pretrained-isolation-framework/outputs/imagenetv2/swin_tiny/swin_tiny_imagenetv2_layerwise.json
swin_tiny_imagenetv2,34,layers.2.blocks.4.mlp.fc1,INT8__3to8,INT8,8,8,3to8,3,8,0.625,69.36,88.81,0.28000000000000114,0.2599999999999909,21.21027109771967,True,succeeded,/storage/users/pdarbani/Mehrshad/Transformer/v4.0/pretrained-isolation-framework/outputs/imagenetv2/swin_tiny/swin_tiny_imagenetv2_layerwise.json
swin_tiny_imagenetv2,34,layers.2.blocks.4.mlp.fc1,INT8__4to8,INT8,8,8,4to8,4,8,0.5,69.78,88.91,-0.14000000000000057,0.1599999999999966,19.12675355747342,True,succeeded,/storage/users/pdarbani/Mehrshad/Transformer/v4.0/pretrained-isolation-framework/outputs/imagenetv2/swin_tiny/swin_tiny_imagenetv2_layerwise.json
swin_tiny_imagenetv2,34,layers.2.blocks.4.mlp.fc1,INT8__dense,INT8,8,8,dense,,,0.0,69.66,89.08,-0.01999999999999602,-0.010000000000005116,20.625618878751993,True,succeeded,/storage/users/pdarbani/Mehrshad/Transformer/v4.0/pretrained-isolation-framework/outputs/imagenetv2/swin_tiny/swin_tiny_imagenetv2_layerwise.json
swin_tiny_imagenetv2,35,layers.2.blocks.4.mlp.fc2,FP32__2to4,FP32,32,32,2to4,2,4,0.5,69.38,89.01,0.2600000000000051,0.05999999999998806,22.598342765122652,True,succeeded,/storage/users/pdarbani/Mehrshad/Transformer/v4.0/pretrained-isolation-framework/outputs/imagenetv2/swin_tiny/swin_tiny_imagenetv2_layerwise.json
swin_tiny_imagenetv2,35,layers.2.blocks.4.mlp.fc2,FP32__3to8,FP32,32,32,3to8,3,8,0.625,69.29,89.05,0.3499999999999943,0.01999999999999602,19.91967019252479,True,succeeded,/storage/users/pdarbani/Mehrshad/Transformer/v4.0/pretrained-isolation-framework/outputs/imagenetv2/swin_tiny/swin_tiny_imagenetv2_layerwise.json
swin_tiny_imagenetv2,35,layers.2.blocks.4.mlp.fc2,FP32__4to8,FP32,32,32,4to8,4,8,0.5,69.48,88.94,0.1599999999999966,0.12999999999999545,20.785401541739702,True,succeeded,/storage/users/pdarbani/Mehrshad/Transformer/v4.0/pretrained-isolation-framework/outputs/imagenetv2/swin_tiny/swin_tiny_imagenetv2_layerwise.json
swin_tiny_imagenetv2,35,layers.2.blocks.4.mlp.fc2,FP32__dense,FP32,32,32,dense,,,0.0,69.64,89.07,0.0,0.0,19.931354824453592,True,succeeded,/storage/users/pdarbani/Mehrshad/Transformer/v4.0/pretrained-isolation-framework/outputs/imagenetv2/swin_tiny/swin_tiny_imagenetv2_layerwise.json
swin_tiny_imagenetv2,35,layers.2.blocks.4.mlp.fc2,INT4__2to4,INT4,4,4,2to4,2,4,0.5,68.99,88.51,0.6500000000000057,0.5599999999999881,20.519099786877632,True,succeeded,/storage/users/pdarbani/Mehrshad/Transformer/v4.0/pretrained-isolation-framework/outputs/imagenetv2/swin_tiny/swin_tiny_imagenetv2_layerwise.json
swin_tiny_imagenetv2,35,layers.2.blocks.4.mlp.fc2,INT4__3to8,INT4,4,4,3to8,3,8,0.625,68.93,88.58,0.7099999999999937,0.4899999999999949,21.527782699093223,True,succeeded,/storage/users/pdarbani/Mehrshad/Transformer/v4.0/pretrained-isolation-framework/outputs/imagenetv2/swin_tiny/swin_tiny_imagenetv2_layerwise.json
swin_tiny_imagenetv2,35,layers.2.blocks.4.mlp.fc2,INT4__4to8,INT4,4,4,4to8,4,8,0.5,68.99,88.69,0.6500000000000057,0.37999999999999545,20.654119450598955,True,succeeded,/storage/users/pdarbani/Mehrshad/Transformer/v4.0/pretrained-isolation-framework/outputs/imagenetv2/swin_tiny/swin_tiny_imagenetv2_layerwise.json
swin_tiny_imagenetv2,35,layers.2.blocks.4.mlp.fc2,INT4__dense,INT4,4,4,dense,,,0.0,68.96,88.58,0.6800000000000068,0.4899999999999949,21.48317150771618,True,succeeded,/storage/users/pdarbani/Mehrshad/Transformer/v4.0/pretrained-isolation-framework/outputs/imagenetv2/swin_tiny/swin_tiny_imagenetv2_layerwise.json
swin_tiny_imagenetv2,35,layers.2.blocks.4.mlp.fc2,INT6__2to4,INT6,6,6,2to4,2,4,0.5,68.82,88.64,0.8200000000000074,0.4299999999999926,20.44369838014245,True,succeeded,/storage/users/pdarbani/Mehrshad/Transformer/v4.0/pretrained-isolation-framework/outputs/imagenetv2/swin_tiny/swin_tiny_imagenetv2_layerwise.json
swin_tiny_imagenetv2,35,layers.2.blocks.4.mlp.fc2,INT6__3to8,INT6,6,6,3to8,3,8,0.625,68.95,88.57,0.6899999999999977,0.5,20.202418653294444,True,succeeded,/storage/users/pdarbani/Mehrshad/Transformer/v4.0/pretrained-isolation-framework/outputs/imagenetv2/swin_tiny/swin_tiny_imagenetv2_layerwise.json
swin_tiny_imagenetv2,35,layers.2.blocks.4.mlp.fc2,INT6__4to8,INT6,6,6,4to8,4,8,0.5,68.84,88.5,0.7999999999999972,0.5699999999999932,21.80397194623947,True,succeeded,/storage/users/pdarbani/Mehrshad/Transformer/v4.0/pretrained-isolation-framework/outputs/imagenetv2/swin_tiny/swin_tiny_imagenetv2_layerwise.json
swin_tiny_imagenetv2,35,layers.2.blocks.4.mlp.fc2,INT6__dense,INT6,6,6,dense,,,0.0,68.91,88.41,0.730000000000004,0.6599999999999966,21.634973285719752,True,succeeded,/storage/users/pdarbani/Mehrshad/Transformer/v4.0/pretrained-isolation-framework/outputs/imagenetv2/swin_tiny/swin_tiny_imagenetv2_layerwise.json
swin_tiny_imagenetv2,35,layers.2.blocks.4.mlp.fc2,INT8__2to4,INT8,8,8,2to4,2,4,0.5,69.28,88.84,0.35999999999999943,0.22999999999998977,20.74606624059379,True,succeeded,/storage/users/pdarbani/Mehrshad/Transformer/v4.0/pretrained-isolation-framework/outputs/imagenetv2/swin_tiny/swin_tiny_imagenetv2_layerwise.json
swin_tiny_imagenetv2,35,layers.2.blocks.4.mlp.fc2,INT8__3to8,INT8,8,8,3to8,3,8,0.625,69.33,88.95,0.3100000000000023,0.11999999999999034,20.5276996511966,True,succeeded,/storage/users/pdarbani/Mehrshad/Transformer/v4.0/pretrained-isolation-framework/outputs/imagenetv2/swin_tiny/swin_tiny_imagenetv2_layerwise.json
swin_tiny_imagenetv2,35,layers.2.blocks.4.mlp.fc2,INT8__4to8,INT8,8,8,4to8,4,8,0.5,69.4,88.9,0.23999999999999488,0.1699999999999875,21.738593572750688,True,succeeded,/storage/users/pdarbani/Mehrshad/Transformer/v4.0/pretrained-isolation-framework/outputs/imagenetv2/swin_tiny/swin_tiny_imagenetv2_layerwise.json
swin_tiny_imagenetv2,35,layers.2.blocks.4.mlp.fc2,INT8__dense,INT8,8,8,dense,,,0.0,69.57,89.0,0.07000000000000739,0.06999999999999318,21.019438488408923,True,succeeded,/storage/users/pdarbani/Mehrshad/Transformer/v4.0/pretrained-isolation-framework/outputs/imagenetv2/swin_tiny/swin_tiny_imagenetv2_layerwise.json
swin_tiny_imagenetv2,36,layers.2.blocks.5.attn.qkv,FP32__2to4,FP32,32,32,2to4,2,4,0.5,69.31,88.77,0.3299999999999983,0.29999999999999716,22.19203295186162,True,succeeded,/storage/users/pdarbani/Mehrshad/Transformer/v4.0/pretrained-isolation-framework/outputs/imagenetv2/swin_tiny/swin_tiny_imagenetv2_layerwise.json
swin_tiny_imagenetv2,36,layers.2.blocks.5.attn.qkv,FP32__3to8,FP32,32,32,3to8,3,8,0.625,69.16,88.7,0.480000000000004,0.36999999999999034,20.385634599253535,True,succeeded,/storage/users/pdarbani/Mehrshad/Transformer/v4.0/pretrained-isolation-framework/outputs/imagenetv2/swin_tiny/swin_tiny_imagenetv2_layerwise.json
swin_tiny_imagenetv2,36,layers.2.blocks.5.attn.qkv,FP32__4to8,FP32,32,32,4to8,4,8,0.5,69.41,88.96,0.23000000000000398,0.10999999999999943,20.832606663927436,True,succeeded,/storage/users/pdarbani/Mehrshad/Transformer/v4.0/pretrained-isolation-framework/outputs/imagenetv2/swin_tiny/swin_tiny_imagenetv2_layerwise.json
swin_tiny_imagenetv2,36,layers.2.blocks.5.attn.qkv,FP32__dense,FP32,32,32,dense,,,0.0,69.64,89.07,0.0,0.0,18.997151512652636,True,succeeded,/storage/users/pdarbani/Mehrshad/Transformer/v4.0/pretrained-isolation-framework/outputs/imagenetv2/swin_tiny/swin_tiny_imagenetv2_layerwise.json
swin_tiny_imagenetv2,36,layers.2.blocks.5.attn.qkv,INT4__2to4,INT4,4,4,2to4,2,4,0.5,69.33,88.65,0.3100000000000023,0.4199999999999875,20.87141795642674,True,succeeded,/storage/users/pdarbani/Mehrshad/Transformer/v4.0/pretrained-isolation-framework/outputs/imagenetv2/swin_tiny/swin_tiny_imagenetv2_layerwise.json
swin_tiny_imagenetv2,36,layers.2.blocks.5.attn.qkv,INT4__3to8,INT4,4,4,3to8,3,8,0.625,69.26,88.76,0.37999999999999545,0.30999999999998806,20.43711396306753,True,succeeded,/storage/users/pdarbani/Mehrshad/Transformer/v4.0/pretrained-isolation-framework/outputs/imagenetv2/swin_tiny/swin_tiny_imagenetv2_layerwise.json
swin_tiny_imagenetv2,36,layers.2.blocks.5.attn.qkv,INT4__4to8,INT4,4,4,4to8,4,8,0.5,69.35,88.85,0.29000000000000625,0.21999999999999886,20.334546603262424,True,succeeded,/storage/users/pdarbani/Mehrshad/Transformer/v4.0/pretrained-isolation-framework/outputs/imagenetv2/swin_tiny/swin_tiny_imagenetv2_layerwise.json
swin_tiny_imagenetv2,36,layers.2.blocks.5.attn.qkv,INT4__dense,INT4,4,4,dense,,,0.0,69.53,88.8,0.10999999999999943,0.269999999999996,20.7618777025491,True,succeeded,/storage/users/pdarbani/Mehrshad/Transformer/v4.0/pretrained-isolation-framework/outputs/imagenetv2/swin_tiny/swin_tiny_imagenetv2_layerwise.json
swin_tiny_imagenetv2,36,layers.2.blocks.5.attn.qkv,INT6__2to4,INT6,6,6,2to4,2,4,0.5,69.31,88.78,0.3299999999999983,0.28999999999999204,22.782678991556168,True,succeeded,/storage/users/pdarbani/Mehrshad/Transformer/v4.0/pretrained-isolation-framework/outputs/imagenetv2/swin_tiny/swin_tiny_imagenetv2_layerwise.json
swin_tiny_imagenetv2,36,layers.2.blocks.5.attn.qkv,INT6__3to8,INT6,6,6,3to8,3,8,0.625,69.09,88.7,0.5499999999999972,0.36999999999999034,23.750910241156816,True,succeeded,/storage/users/pdarbani/Mehrshad/Transformer/v4.0/pretrained-isolation-framework/outputs/imagenetv2/swin_tiny/swin_tiny_imagenetv2_layerwise.json
swin_tiny_imagenetv2,36,layers.2.blocks.5.attn.qkv,INT6__4to8,INT6,6,6,4to8,4,8,0.5,69.43,88.95,0.20999999999999375,0.11999999999999034,18.23660895600915,True,succeeded,/storage/users/pdarbani/Mehrshad/Transformer/v4.0/pretrained-isolation-framework/outputs/imagenetv2/swin_tiny/swin_tiny_imagenetv2_layerwise.json
swin_tiny_imagenetv2,36,layers.2.blocks.5.attn.qkv,INT6__dense,INT6,6,6,dense,,,0.0,69.66,89.05,-0.01999999999999602,0.01999999999999602,19.646859407424927,True,succeeded,/storage/users/pdarbani/Mehrshad/Transformer/v4.0/pretrained-isolation-framework/outputs/imagenetv2/swin_tiny/swin_tiny_imagenetv2_layerwise.json
swin_tiny_imagenetv2,36,layers.2.blocks.5.attn.qkv,INT8__2to4,INT8,8,8,2to4,2,4,0.5,69.3,88.78,0.3400000000000034,0.28999999999999204,20.546856977045536,True,succeeded,/storage/users/pdarbani/Mehrshad/Transformer/v4.0/pretrained-isolation-framework/outputs/imagenetv2/swin_tiny/swin_tiny_imagenetv2_layerwise.json
swin_tiny_imagenetv2,36,layers.2.blocks.5.attn.qkv,INT8__3to8,INT8,8,8,3to8,3,8,0.625,69.17,88.7,0.46999999999999886,0.36999999999999034,20.4853917080909,True,succeeded,/storage/users/pdarbani/Mehrshad/Transformer/v4.0/pretrained-isolation-framework/outputs/imagenetv2/swin_tiny/swin_tiny_imagenetv2_layerwise.json
swin_tiny_imagenetv2,36,layers.2.blocks.5.attn.qkv,INT8__4to8,INT8,8,8,4to8,4,8,0.5,69.41,88.97,0.23000000000000398,0.09999999999999432,20.26786239631474,True,succeeded,/storage/users/pdarbani/Mehrshad/Transformer/v4.0/pretrained-isolation-framework/outputs/imagenetv2/swin_tiny/swin_tiny_imagenetv2_layerwise.json
swin_tiny_imagenetv2,36,layers.2.blocks.5.attn.qkv,INT8__dense,INT8,8,8,dense,,,0.0,69.65,89.08,-0.010000000000005116,-0.010000000000005116,20.335930788889527,True,succeeded,/storage/users/pdarbani/Mehrshad/Transformer/v4.0/pretrained-isolation-framework/outputs/imagenetv2/swin_tiny/swin_tiny_imagenetv2_layerwise.json
swin_tiny_imagenetv2,37,layers.2.blocks.5.attn.proj,FP32__2to4,FP32,32,32,2to4,2,4,0.5,69.68,88.96,-0.04000000000000625,0.10999999999999943,20.402161430567503,True,succeeded,/storage/users/pdarbani/Mehrshad/Transformer/v4.0/pretrained-isolation-framework/outputs/imagenetv2/swin_tiny/swin_tiny_imagenetv2_layerwise.json
swin_tiny_imagenetv2,37,layers.2.blocks.5.attn.proj,FP32__3to8,FP32,32,32,3to8,3,8,0.625,69.59,88.92,0.04999999999999716,0.14999999999999147,18.62234129011631,True,succeeded,/storage/users/pdarbani/Mehrshad/Transformer/v4.0/pretrained-isolation-framework/outputs/imagenetv2/swin_tiny/swin_tiny_imagenetv2_layerwise.json
swin_tiny_imagenetv2,37,layers.2.blocks.5.attn.proj,FP32__4to8,FP32,32,32,4to8,4,8,0.5,69.71,88.93,-0.06999999999999318,0.13999999999998636,21.548593282699585,True,succeeded,/storage/users/pdarbani/Mehrshad/Transformer/v4.0/pretrained-isolation-framework/outputs/imagenetv2/swin_tiny/swin_tiny_imagenetv2_layerwise.json
swin_tiny_imagenetv2,37,layers.2.blocks.5.attn.proj,FP32__dense,FP32,32,32,dense,,,0.0,69.64,89.07,0.0,0.0,21.105977322906256,True,succeeded,/storage/users/pdarbani/Mehrshad/Transformer/v4.0/pretrained-isolation-framework/outputs/imagenetv2/swin_tiny/swin_tiny_imagenetv2_layerwise.json
swin_tiny_imagenetv2,37,layers.2.blocks.5.attn.proj,INT4__2to4,INT4,4,4,2to4,2,4,0.5,69.49,88.88,0.15000000000000568,0.18999999999999773,20.2662212010473,True,succeeded,/storage/users/pdarbani/Mehrshad/Transformer/v4.0/pretrained-isolation-framework/outputs/imagenetv2/swin_tiny/swin_tiny_imagenetv2_layerwise.json
swin_tiny_imagenetv2,37,layers.2.blocks.5.attn.proj,INT4__3to8,INT4,4,4,3to8,3,8,0.625,69.34,88.81,0.29999999999999716,0.2599999999999909,20.010544100776315,True,succeeded,/storage/users/pdarbani/Mehrshad/Transformer/v4.0/pretrained-isolation-framework/outputs/imagenetv2/swin_tiny/swin_tiny_imagenetv2_layerwise.json
swin_tiny_imagenetv2,37,layers.2.blocks.5.attn.proj,INT4__4to8,INT4,4,4,4to8,4,8,0.5,69.62,88.91,0.01999999999999602,0.1599999999999966,21.418174048885703,True,succeeded,/storage/users/pdarbani/Mehrshad/Transformer/v4.0/pretrained-isolation-framework/outputs/imagenetv2/swin_tiny/swin_tiny_imagenetv2_layerwise.json
swin_tiny_imagenetv2,37,layers.2.blocks.5.attn.proj,INT4__dense,INT4,4,4,dense,,,0.0,69.55,88.9,0.09000000000000341,0.1699999999999875,20.855785354971886,True,succeeded,/storage/users/pdarbani/Mehrshad/Transformer/v4.0/pretrained-isolation-framework/outputs/imagenetv2/swin_tiny/swin_tiny_imagenetv2_layerwise.json
swin_tiny_imagenetv2,37,layers.2.blocks.5.attn.proj,INT6__2to4,INT6,6,6,2to4,2,4,0.5,69.66,88.96,-0.01999999999999602,0.10999999999999943,20.8180716894567,True,succeeded,/storage/users/pdarbani/Mehrshad/Transformer/v4.0/pretrained-isolation-framework/outputs/imagenetv2/swin_tiny/swin_tiny_imagenetv2_layerwise.json
swin_tiny_imagenetv2,37,layers.2.blocks.5.attn.proj,INT6__3to8,INT6,6,6,3to8,3,8,0.625,69.61,88.87,0.030000000000001137,0.19999999999998863,21.48564287647605,True,succeeded,/storage/users/pdarbani/Mehrshad/Transformer/v4.0/pretrained-isolation-framework/outputs/imagenetv2/swin_tiny/swin_tiny_imagenetv2_layerwise.json
swin_tiny_imagenetv2,37,layers.2.blocks.5.attn.proj,INT6__4to8,INT6,6,6,4to8,4,8,0.5,69.67,88.95,-0.030000000000001137,0.11999999999999034,19.56492712534964,True,succeeded,/storage/users/pdarbani/Mehrshad/Transformer/v4.0/pretrained-isolation-framework/outputs/imagenetv2/swin_tiny/swin_tiny_imagenetv2_layerwise.json
swin_tiny_imagenetv2,37,layers.2.blocks.5.attn.proj,INT6__dense,INT6,6,6,dense,,,0.0,69.7,89.12,-0.060000000000002274,-0.05000000000001137,22.255399145185947,True,succeeded,/storage/users/pdarbani/Mehrshad/Transformer/v4.0/pretrained-isolation-framework/outputs/imagenetv2/swin_tiny/swin_tiny_imagenetv2_layerwise.json
swin_tiny_imagenetv2,37,layers.2.blocks.5.attn.proj,INT8__2to4,INT8,8,8,2to4,2,4,0.5,69.68,88.96,-0.04000000000000625,0.10999999999999943,19.26522278599441,True,succeeded,/storage/users/pdarbani/Mehrshad/Transformer/v4.0/pretrained-isolation-framework/outputs/imagenetv2/swin_tiny/swin_tiny_imagenetv2_layerwise.json
swin_tiny_imagenetv2,37,layers.2.blocks.5.attn.proj,INT8__3to8,INT8,8,8,3to8,3,8,0.625,69.58,88.92,0.060000000000002274,0.14999999999999147,18.66824496909976,True,succeeded,/storage/users/pdarbani/Mehrshad/Transformer/v4.0/pretrained-isolation-framework/outputs/imagenetv2/swin_tiny/swin_tiny_imagenetv2_layerwise.json
swin_tiny_imagenetv2,37,layers.2.blocks.5.attn.proj,INT8__4to8,INT8,8,8,4to8,4,8,0.5,69.72,88.96,-0.0799999999999983,0.10999999999999943,22.31532794609666,True,succeeded,/storage/users/pdarbani/Mehrshad/Transformer/v4.0/pretrained-isolation-framework/outputs/imagenetv2/swin_tiny/swin_tiny_imagenetv2_layerwise.json
swin_tiny_imagenetv2,37,layers.2.blocks.5.attn.proj,INT8__dense,INT8,8,8,dense,,,0.0,69.67,89.06,-0.030000000000001137,0.009999999999990905,22.490278389304876,True,succeeded,/storage/users/pdarbani/Mehrshad/Transformer/v4.0/pretrained-isolation-framework/outputs/imagenetv2/swin_tiny/swin_tiny_imagenetv2_layerwise.json
swin_tiny_imagenetv2,38,layers.2.blocks.5.mlp.fc1,FP32__2to4,FP32,32,32,2to4,2,4,0.5,69.47,88.81,0.1700000000000017,0.2599999999999909,19.62608825415373,True,succeeded,/storage/users/pdarbani/Mehrshad/Transformer/v4.0/pretrained-isolation-framework/outputs/imagenetv2/swin_tiny/swin_tiny_imagenetv2_layerwise.json
swin_tiny_imagenetv2,38,layers.2.blocks.5.mlp.fc1,FP32__3to8,FP32,32,32,3to8,3,8,0.625,69.27,88.83,0.37000000000000455,0.23999999999999488,16.402255184948444,True,succeeded,/storage/users/pdarbani/Mehrshad/Transformer/v4.0/pretrained-isolation-framework/outputs/imagenetv2/swin_tiny/swin_tiny_imagenetv2_layerwise.json
swin_tiny_imagenetv2,38,layers.2.blocks.5.mlp.fc1,FP32__4to8,FP32,32,32,4to8,4,8,0.5,69.4,88.92,0.23999999999999488,0.14999999999999147,21.342773843556643,True,succeeded,/storage/users/pdarbani/Mehrshad/Transformer/v4.0/pretrained-isolation-framework/outputs/imagenetv2/swin_tiny/swin_tiny_imagenetv2_layerwise.json
swin_tiny_imagenetv2,38,layers.2.blocks.5.mlp.fc1,FP32__dense,FP32,32,32,dense,,,0.0,69.64,89.07,0.0,0.0,21.295572232455015,True,succeeded,/storage/users/pdarbani/Mehrshad/Transformer/v4.0/pretrained-isolation-framework/outputs/imagenetv2/swin_tiny/swin_tiny_imagenetv2_layerwise.json
swin_tiny_imagenetv2,38,layers.2.blocks.5.mlp.fc1,INT4__2to4,INT4,4,4,2to4,2,4,0.5,68.7,88.36,0.9399999999999977,0.7099999999999937,20.977472530677915,True,succeeded,/storage/users/pdarbani/Mehrshad/Transformer/v4.0/pretrained-isolation-framework/outputs/imagenetv2/swin_tiny/swin_tiny_imagenetv2_layerwise.json
swin_tiny_imagenetv2,38,layers.2.blocks.5.mlp.fc1,INT4__3to8,INT4,4,4,3to8,3,8,0.625,68.69,88.3,0.9500000000000028,0.769999999999996,18.602089257910848,True,succeeded,/storage/users/pdarbani/Mehrshad/Transformer/v4.0/pretrained-isolation-framework/outputs/imagenetv2/swin_tiny/swin_tiny_imagenetv2_layerwise.json
swin_tiny_imagenetv2,38,layers.2.blocks.5.mlp.fc1,INT4__4to8,INT4,4,4,4to8,4,8,0.5,68.6,88.4,1.0400000000000063,0.6699999999999875,20.921555699780583,True,succeeded,/storage/users/pdarbani/Mehrshad/Transformer/v4.0/pretrained-isolation-framework/outputs/imagenetv2/swin_tiny/swin_tiny_imagenetv2_layerwise.json
swin_tiny_imagenetv2,38,layers.2.blocks.5.mlp.fc1,INT4__dense,INT4,4,4,dense,,,0.0,68.71,88.44,0.9300000000000068,0.6299999999999955,20.128512166440487,True,succeeded,/storage/users/pdarbani/Mehrshad/Transformer/v4.0/pretrained-isolation-framework/outputs/imagenetv2/swin_tiny/swin_tiny_imagenetv2_layerwise.json
swin_tiny_imagenetv2,38,layers.2.blocks.5.mlp.fc1,INT6__2to4,INT6,6,6,2to4,2,4,0.5,69.34,88.75,0.29999999999999716,0.3199999999999932,20.57910305634141,True,succeeded,/storage/users/pdarbani/Mehrshad/Transformer/v4.0/pretrained-isolation-framework/outputs/imagenetv2/swin_tiny/swin_tiny_imagenetv2_layerwise.json
swin_tiny_imagenetv2,38,layers.2.blocks.5.mlp.fc1,INT6__3to8,INT6,6,6,3to8,3,8,0.625,69.32,88.77,0.3200000000000074,0.29999999999999716,21.664308799430728,True,succeeded,/storage/users/pdarbani/Mehrshad/Transformer/v4.0/pretrained-isolation-framework/outputs/imagenetv2/swin_tiny/swin_tiny_imagenetv2_layerwise.json
swin_tiny_imagenetv2,38,layers.2.blocks.5.mlp.fc1,INT6__4to8,INT6,6,6,4to8,4,8,0.5,69.46,88.93,0.18000000000000682,0.13999999999998636,18.61071882583201,True,succeeded,/storage/users/pdarbani/Mehrshad/Transformer/v4.0/pretrained-isolation-framework/outputs/imagenetv2/swin_tiny/swin_tiny_imagenetv2_layerwise.json
swin_tiny_imagenetv2,38,layers.2.blocks.5.mlp.fc1,INT6__dense,INT6,6,6,dense,,,0.0,69.58,89.02,0.060000000000002274,0.04999999999999716,20.141369068995118,True,succeeded,/storage/users/pdarbani/Mehrshad/Transformer/v4.0/pretrained-isolation-framework/outputs/imagenetv2/swin_tiny/swin_tiny_imagenetv2_layerwise.json
swin_tiny_imagenetv2,38,layers.2.blocks.5.mlp.fc1,INT8__2to4,INT8,8,8,2to4,2,4,0.5,69.47,88.78,0.1700000000000017,0.28999999999999204,14.481527699157596,True,succeeded,/storage/users/pdarbani/Mehrshad/Transformer/v4.0/pretrained-isolation-framework/outputs/imagenetv2/swin_tiny/swin_tiny_imagenetv2_layerwise.json
swin_tiny_imagenetv2,38,layers.2.blocks.5.mlp.fc1,INT8__3to8,INT8,8,8,3to8,3,8,0.625,69.3,88.81,0.3400000000000034,0.2599999999999909,14.351240456104279,True,succeeded,/storage/users/pdarbani/Mehrshad/Transformer/v4.0/pretrained-isolation-framework/outputs/imagenetv2/swin_tiny/swin_tiny_imagenetv2_layerwise.json
swin_tiny_imagenetv2,38,layers.2.blocks.5.mlp.fc1,INT8__4to8,INT8,8,8,4to8,4,8,0.5,69.39,88.94,0.25,0.12999999999999545,14.551131568849087,True,succeeded,/storage/users/pdarbani/Mehrshad/Transformer/v4.0/pretrained-isolation-framework/outputs/imagenetv2/swin_tiny/swin_tiny_imagenetv2_layerwise.json
swin_tiny_imagenetv2,38,layers.2.blocks.5.mlp.fc1,INT8__dense,INT8,8,8,dense,,,0.0,69.67,89.12,-0.030000000000001137,-0.05000000000001137,14.396853731945157,True,succeeded,/storage/users/pdarbani/Mehrshad/Transformer/v4.0/pretrained-isolation-framework/outputs/imagenetv2/swin_tiny/swin_tiny_imagenetv2_layerwise.json
swin_tiny_imagenetv2,39,layers.2.blocks.5.mlp.fc2,FP32__2to4,FP32,32,32,2to4,2,4,0.5,69.54,88.97,0.09999999999999432,0.09999999999999432,20.83267207443714,True,succeeded,/storage/users/pdarbani/Mehrshad/Transformer/v4.0/pretrained-isolation-framework/outputs/imagenetv2/swin_tiny/swin_tiny_imagenetv2_layerwise.json
swin_tiny_imagenetv2,39,layers.2.blocks.5.mlp.fc2,FP32__3to8,FP32,32,32,3to8,3,8,0.625,69.59,88.95,0.04999999999999716,0.11999999999999034,21.000048827379942,True,succeeded,/storage/users/pdarbani/Mehrshad/Transformer/v4.0/pretrained-isolation-framework/outputs/imagenetv2/swin_tiny/swin_tiny_imagenetv2_layerwise.json
swin_tiny_imagenetv2,39,layers.2.blocks.5.mlp.fc2,FP32__4to8,FP32,32,32,4to8,4,8,0.5,69.59,89.0,0.04999999999999716,0.06999999999999318,20.5120052061975,True,succeeded,/storage/users/pdarbani/Mehrshad/Transformer/v4.0/pretrained-isolation-framework/outputs/imagenetv2/swin_tiny/swin_tiny_imagenetv2_layerwise.json
swin_tiny_imagenetv2,39,layers.2.blocks.5.mlp.fc2,FP32__dense,FP32,32,32,dense,,,0.0,69.64,89.07,0.0,0.0,21.04046701081097,True,succeeded,/storage/users/pdarbani/Mehrshad/Transformer/v4.0/pretrained-isolation-framework/outputs/imagenetv2/swin_tiny/swin_tiny_imagenetv2_layerwise.json
swin_tiny_imagenetv2,39,layers.2.blocks.5.mlp.fc2,INT4__2to4,INT4,4,4,2to4,2,4,0.5,68.85,88.3,0.7900000000000063,0.769999999999996,20.855236377567053,True,succeeded,/storage/users/pdarbani/Mehrshad/Transformer/v4.0/pretrained-isolation-framework/outputs/imagenetv2/swin_tiny/swin_tiny_imagenetv2_layerwise.json
swin_tiny_imagenetv2,39,layers.2.blocks.5.mlp.fc2,INT4__3to8,INT4,4,4,3to8,3,8,0.625,68.81,88.2,0.8299999999999983,0.8699999999999903,22.472945876419544,True,succeeded,/storage/users/pdarbani/Mehrshad/Transformer/v4.0/pretrained-isolation-framework/outputs/imagenetv2/swin_tiny/swin_tiny_imagenetv2_layerwise.json
swin_tiny_imagenetv2,39,layers.2.blocks.5.mlp.fc2,INT4__4to8,INT4,4,4,4to8,4,8,0.5,68.89,88.26,0.75,0.8099999999999881,18.323884043842554,True,succeeded,/storage/users/pdarbani/Mehrshad/Transformer/v4.0/pretrained-isolation-framework/outputs/imagenetv2/swin_tiny/swin_tiny_imagenetv2_layerwise.json
swin_tiny_imagenetv2,39,layers.2.blocks.5.mlp.fc2,INT4__dense,INT4,4,4,dense,,,0.0,68.87,88.34,0.769999999999996,0.7299999999999898,18.649557473137975,True,succeeded,/storage/users/pdarbani/Mehrshad/Transformer/v4.0/pretrained-isolation-framework/outputs/imagenetv2/swin_tiny/swin_tiny_imagenetv2_layerwise.json
swin_tiny_imagenetv2,39,layers.2.blocks.5.mlp.fc2,INT6__2to4,INT6,6,6,2to4,2,4,0.5,69.4,88.69,0.23999999999999488,0.37999999999999545,19.59935507364571,True,succeeded,/storage/users/pdarbani/Mehrshad/Transformer/v4.0/pretrained-isolation-framework/outputs/imagenetv2/swin_tiny/swin_tiny_imagenetv2_layerwise.json
swin_tiny_imagenetv2,39,layers.2.blocks.5.mlp.fc2,INT6__3to8,INT6,6,6,3to8,3,8,0.625,69.34,88.82,0.29999999999999716,0.25,19.701920926570892,True,succeeded,/storage/users/pdarbani/Mehrshad/Transformer/v4.0/pretrained-isolation-framework/outputs/imagenetv2/swin_tiny/swin_tiny_imagenetv2_layerwise.json
swin_tiny_imagenetv2,39,layers.2.blocks.5.mlp.fc2,INT6__4to8,INT6,6,6,4to8,4,8,0.5,69.49,88.81,0.15000000000000568,0.2599999999999909,21.799678146839142,True,succeeded,/storage/users/pdarbani/Mehrshad/Transformer/v4.0/pretrained-isolation-framework/outputs/imagenetv2/swin_tiny/swin_tiny_imagenetv2_layerwise.json
swin_tiny_imagenetv2,39,layers.2.blocks.5.mlp.fc2,INT6__dense,INT6,6,6,dense,,,0.0,69.56,88.84,0.0799999999999983,0.22999999999998977,20.68117768317461,True,succeeded,/storage/users/pdarbani/Mehrshad/Transformer/v4.0/pretrained-isolation-framework/outputs/imagenetv2/swin_tiny/swin_tiny_imagenetv2_layerwise.json
swin_tiny_imagenetv2,39,layers.2.blocks.5.mlp.fc2,INT8__2to4,INT8,8,8,2to4,2,4,0.5,69.45,88.72,0.18999999999999773,0.3499999999999943,22.395230025053024,True,succeeded,/storage/users/pdarbani/Mehrshad/Transformer/v4.0/pretrained-isolation-framework/outputs/imagenetv2/swin_tiny/swin_tiny_imagenetv2_layerwise.json
swin_tiny_imagenetv2,39,layers.2.blocks.5.mlp.fc2,INT8__3to8,INT8,8,8,3to8,3,8,0.625,69.7,88.78,-0.060000000000002274,0.28999999999999204,22.046519964933395,True,succeeded,/storage/users/pdarbani/Mehrshad/Transformer/v4.0/pretrained-isolation-framework/outputs/imagenetv2/swin_tiny/swin_tiny_imagenetv2_layerwise.json
swin_tiny_imagenetv2,39,layers.2.blocks.5.mlp.fc2,INT8__4to8,INT8,8,8,4to8,4,8,0.5,69.51,88.75,0.12999999999999545,0.3199999999999932,19.145924918353558,True,succeeded,/storage/users/pdarbani/Mehrshad/Transformer/v4.0/pretrained-isolation-framework/outputs/imagenetv2/swin_tiny/swin_tiny_imagenetv2_layerwise.json
swin_tiny_imagenetv2,39,layers.2.blocks.5.mlp.fc2,INT8__dense,INT8,8,8,dense,,,0.0,69.5,88.92,0.14000000000000057,0.14999999999999147,17.862211752682924,True,succeeded,/storage/users/pdarbani/Mehrshad/Transformer/v4.0/pretrained-isolation-framework/outputs/imagenetv2/swin_tiny/swin_tiny_imagenetv2_layerwise.json
swin_tiny_imagenetv2,40,layers.3.blocks.0.attn.qkv,FP32__2to4,FP32,32,32,2to4,2,4,0.5,69.48,88.81,0.1599999999999966,0.2599999999999909,21.403112264350057,True,succeeded,/storage/users/pdarbani/Mehrshad/Transformer/v4.0/pretrained-isolation-framework/outputs/imagenetv2/swin_tiny/swin_tiny_imagenetv2_layerwise.json
swin_tiny_imagenetv2,40,layers.3.blocks.0.attn.qkv,FP32__3to8,FP32,32,32,3to8,3,8,0.625,69.43,88.64,0.20999999999999375,0.4299999999999926,21.474729852750897,True,succeeded,/storage/users/pdarbani/Mehrshad/Transformer/v4.0/pretrained-isolation-framework/outputs/imagenetv2/swin_tiny/swin_tiny_imagenetv2_layerwise.json
swin_tiny_imagenetv2,40,layers.3.blocks.0.attn.qkv,FP32__4to8,FP32,32,32,4to8,4,8,0.5,69.46,88.67,0.18000000000000682,0.3999999999999915,19.26449010707438,True,succeeded,/storage/users/pdarbani/Mehrshad/Transformer/v4.0/pretrained-isolation-framework/outputs/imagenetv2/swin_tiny/swin_tiny_imagenetv2_layerwise.json
swin_tiny_imagenetv2,40,layers.3.blocks.0.attn.qkv,FP32__dense,FP32,32,32,dense,,,0.0,69.64,89.07,0.0,0.0,19.42080627568066,True,succeeded,/storage/users/pdarbani/Mehrshad/Transformer/v4.0/pretrained-isolation-framework/outputs/imagenetv2/swin_tiny/swin_tiny_imagenetv2_layerwise.json
swin_tiny_imagenetv2,40,layers.3.blocks.0.attn.qkv,INT4__2to4,INT4,4,4,2to4,2,4,0.5,68.54,88.09,1.0999999999999943,0.9799999999999898,18.07236459106207,True,succeeded,/storage/users/pdarbani/Mehrshad/Transformer/v4.0/pretrained-isolation-framework/outputs/imagenetv2/swin_tiny/swin_tiny_imagenetv2_layerwise.json
swin_tiny_imagenetv2,40,layers.3.blocks.0.attn.qkv,INT4__3to8,INT4,4,4,3to8,3,8,0.625,68.36,87.9,1.2800000000000011,1.1699999999999875,24.012957025319338,True,succeeded,/storage/users/pdarbani/Mehrshad/Transformer/v4.0/pretrained-isolation-framework/outputs/imagenetv2/swin_tiny/swin_tiny_imagenetv2_layerwise.json
swin_tiny_imagenetv2,40,layers.3.blocks.0.attn.qkv,INT4__4to8,INT4,4,4,4to8,4,8,0.5,68.72,88.07,0.9200000000000017,1.0,24.290789699181914,True,succeeded,/storage/users/pdarbani/Mehrshad/Transformer/v4.0/pretrained-isolation-framework/outputs/imagenetv2/swin_tiny/swin_tiny_imagenetv2_layerwise.json
swin_tiny_imagenetv2,40,layers.3.blocks.0.attn.qkv,INT4__dense,INT4,4,4,dense,,,0.0,68.82,88.38,0.8200000000000074,0.6899999999999977,16.77581855840981,True,succeeded,/storage/users/pdarbani/Mehrshad/Transformer/v4.0/pretrained-isolation-framework/outputs/imagenetv2/swin_tiny/swin_tiny_imagenetv2_layerwise.json
swin_tiny_imagenetv2,40,layers.3.blocks.0.attn.qkv,INT6__2to4,INT6,6,6,2to4,2,4,0.5,69.3,88.66,0.3400000000000034,0.4099999999999966,18.98464761674404,True,succeeded,/storage/users/pdarbani/Mehrshad/Transformer/v4.0/pretrained-isolation-framework/outputs/imagenetv2/swin_tiny/swin_tiny_imagenetv2_layerwise.json
swin_tiny_imagenetv2,40,layers.3.blocks.0.attn.qkv,INT6__3to8,INT6,6,6,3to8,3,8,0.625,69.47,88.52,0.1700000000000017,0.5499999999999972,16.525012515485287,True,succeeded,/storage/users/pdarbani/Mehrshad/Transformer/v4.0/pretrained-isolation-framework/outputs/imagenetv2/swin_tiny/swin_tiny_imagenetv2_layerwise.json
swin_tiny_imagenetv2,40,layers.3.blocks.0.attn.qkv,INT6__4to8,INT6,6,6,4to8,4,8,0.5,69.37,88.71,0.269999999999996,0.35999999999999943,18.42278479784727,True,succeeded,/storage/users/pdarbani/Mehrshad/Transformer/v4.0/pretrained-isolation-framework/outputs/imagenetv2/swin_tiny/swin_tiny_imagenetv2_layerwise.json
swin_tiny_imagenetv2,40,layers.3.blocks.0.attn.qkv,INT6__dense,INT6,6,6,dense,,,0.0,69.67,89.08,-0.030000000000001137,-0.010000000000005116,21.136990135535598,True,succeeded,/storage/users/pdarbani/Mehrshad/Transformer/v4.0/pretrained-isolation-framework/outputs/imagenetv2/swin_tiny/swin_tiny_imagenetv2_layerwise.json
swin_tiny_imagenetv2,40,layers.3.blocks.0.attn.qkv,INT8__2to4,INT8,8,8,2to4,2,4,0.5,69.48,88.82,0.1599999999999966,0.25,19.970006814226508,True,succeeded,/storage/users/pdarbani/Mehrshad/Transformer/v4.0/pretrained-isolation-framework/outputs/imagenetv2/swin_tiny/swin_tiny_imagenetv2_layerwise.json
swin_tiny_imagenetv2,40,layers.3.blocks.0.attn.qkv,INT8__3to8,INT8,8,8,3to8,3,8,0.625,69.47,88.63,0.1700000000000017,0.4399999999999977,19.655023019760847,True,succeeded,/storage/users/pdarbani/Mehrshad/Transformer/v4.0/pretrained-isolation-framework/outputs/imagenetv2/swin_tiny/swin_tiny_imagenetv2_layerwise.json
swin_tiny_imagenetv2,40,layers.3.blocks.0.attn.qkv,INT8__4to8,INT8,8,8,4to8,4,8,0.5,69.41,88.66,0.23000000000000398,0.4099999999999966,21.371565518900752,True,succeeded,/storage/users/pdarbani/Mehrshad/Transformer/v4.0/pretrained-isolation-framework/outputs/imagenetv2/swin_tiny/swin_tiny_imagenetv2_layerwise.json
swin_tiny_imagenetv2,40,layers.3.blocks.0.attn.qkv,INT8__dense,INT8,8,8,dense,,,0.0,69.62,89.04,0.01999999999999602,0.029999999999986926,20.79122014530003,True,succeeded,/storage/users/pdarbani/Mehrshad/Transformer/v4.0/pretrained-isolation-framework/outputs/imagenetv2/swin_tiny/swin_tiny_imagenetv2_layerwise.json
swin_tiny_imagenetv2,41,layers.3.blocks.0.attn.proj,FP32__2to4,FP32,32,32,2to4,2,4,0.5,69.18,88.79,0.45999999999999375,0.2799999999999869,24.329903293401003,True,succeeded,/storage/users/pdarbani/Mehrshad/Transformer/v4.0/pretrained-isolation-framework/outputs/imagenetv2/swin_tiny/swin_tiny_imagenetv2_layerwise.json
swin_tiny_imagenetv2,41,layers.3.blocks.0.attn.proj,FP32__3to8,FP32,32,32,3to8,3,8,0.625,69.47,88.87,0.1700000000000017,0.19999999999998863,24.177880646660924,True,succeeded,/storage/users/pdarbani/Mehrshad/Transformer/v4.0/pretrained-isolation-framework/outputs/imagenetv2/swin_tiny/swin_tiny_imagenetv2_layerwise.json
swin_tiny_imagenetv2,41,layers.3.blocks.0.attn.proj,FP32__4to8,FP32,32,32,4to8,4,8,0.5,69.41,88.94,0.23000000000000398,0.12999999999999545,24.320958921685815,True,succeeded,/storage/users/pdarbani/Mehrshad/Transformer/v4.0/pretrained-isolation-framework/outputs/imagenetv2/swin_tiny/swin_tiny_imagenetv2_layerwise.json
swin_tiny_imagenetv2,41,layers.3.blocks.0.attn.proj,FP32__dense,FP32,32,32,dense,,,0.0,69.64,89.07,0.0,0.0,24.286925721913576,True,succeeded,/storage/users/pdarbani/Mehrshad/Transformer/v4.0/pretrained-isolation-framework/outputs/imagenetv2/swin_tiny/swin_tiny_imagenetv2_layerwise.json
swin_tiny_imagenetv2,41,layers.3.blocks.0.attn.proj,INT4__2to4,INT4,4,4,2to4,2,4,0.5,69.15,88.79,0.4899999999999949,0.2799999999999869,24.63156984373927,True,succeeded,/storage/users/pdarbani/Mehrshad/Transformer/v4.0/pretrained-isolation-framework/outputs/imagenetv2/swin_tiny/swin_tiny_imagenetv2_layerwise.json
swin_tiny_imagenetv2,41,layers.3.blocks.0.attn.proj,INT4__3to8,INT4,4,4,3to8,3,8,0.625,69.23,88.69,0.4099999999999966,0.37999999999999545,24.475271735340357,True,succeeded,/storage/users/pdarbani/Mehrshad/Transformer/v4.0/pretrained-isolation-framework/outputs/imagenetv2/swin_tiny/swin_tiny_imagenetv2_layerwise.json
swin_tiny_imagenetv2,41,layers.3.blocks.0.attn.proj,INT4__4to8,INT4,4,4,4to8,4,8,0.5,69.24,88.85,0.4000000000000057,0.21999999999999886,24.3384093567729,True,succeeded,/storage/users/pdarbani/Mehrshad/Transformer/v4.0/pretrained-isolation-framework/outputs/imagenetv2/swin_tiny/swin_tiny_imagenetv2_layerwise.json
swin_tiny_imagenetv2,41,layers.3.blocks.0.attn.proj,INT4__dense,INT4,4,4,dense,,,0.0,69.58,88.91,0.060000000000002274,0.1599999999999966,24.58007076010108,True,succeeded,/storage/users/pdarbani/Mehrshad/Transformer/v4.0/pretrained-isolation-framework/outputs/imagenetv2/swin_tiny/swin_tiny_imagenetv2_layerwise.json
swin_tiny_imagenetv2,41,layers.3.blocks.0.attn.proj,INT6__2to4,INT6,6,6,2to4,2,4,0.5,69.15,88.89,0.4899999999999949,0.1799999999999926,24.46468654833734,True,succeeded,/storage/users/pdarbani/Mehrshad/Transformer/v4.0/pretrained-isolation-framework/outputs/imagenetv2/swin_tiny/swin_tiny_imagenetv2_layerwise.json
swin_tiny_imagenetv2,41,layers.3.blocks.0.attn.proj,INT6__3to8,INT6,6,6,3to8,3,8,0.625,69.55,88.85,0.09000000000000341,0.21999999999999886,24.54852461256087,True,succeeded,/storage/users/pdarbani/Mehrshad/Transformer/v4.0/pretrained-isolation-framework/outputs/imagenetv2/swin_tiny/swin_tiny_imagenetv2_layerwise.json
swin_tiny_imagenetv2,41,layers.3.blocks.0.attn.proj,INT6__4to8,INT6,6,6,4to8,4,8,0.5,69.36,88.88,0.28000000000000114,0.18999999999999773,24.227409552782774,True,succeeded,/storage/users/pdarbani/Mehrshad/Transformer/v4.0/pretrained-isolation-framework/outputs/imagenetv2/swin_tiny/swin_tiny_imagenetv2_layerwise.json
swin_tiny_imagenetv2,41,layers.3.blocks.0.attn.proj,INT6__dense,INT6,6,6,dense,,,0.0,69.69,89.01,-0.04999999999999716,0.05999999999998806,23.981133464723825,True,succeeded,/storage/users/pdarbani/Mehrshad/Transformer/v4.0/pretrained-isolation-framework/outputs/imagenetv2/swin_tiny/swin_tiny_imagenetv2_layerwise.json
swin_tiny_imagenetv2,41,layers.3.blocks.0.attn.proj,INT8__2to4,INT8,8,8,2to4,2,4,0.5,69.18,88.85,0.45999999999999375,0.21999999999999886,24.39521406032145,True,succeeded,/storage/users/pdarbani/Mehrshad/Transformer/v4.0/pretrained-isolation-framework/outputs/imagenetv2/swin_tiny/swin_tiny_imagenetv2_layerwise.json
swin_tiny_imagenetv2,41,layers.3.blocks.0.attn.proj,INT8__3to8,INT8,8,8,3to8,3,8,0.625,69.49,88.89,0.15000000000000568,0.1799999999999926,24.408387903124094,True,succeeded,/storage/users/pdarbani/Mehrshad/Transformer/v4.0/pretrained-isolation-framework/outputs/imagenetv2/swin_tiny/swin_tiny_imagenetv2_layerwise.json
swin_tiny_imagenetv2,41,layers.3.blocks.0.attn.proj,INT8__4to8,INT8,8,8,4to8,4,8,0.5,69.43,88.95,0.20999999999999375,0.11999999999999034,24.008722400292754,True,succeeded,/storage/users/pdarbani/Mehrshad/Transformer/v4.0/pretrained-isolation-framework/outputs/imagenetv2/swin_tiny/swin_tiny_imagenetv2_layerwise.json
swin_tiny_imagenetv2,41,layers.3.blocks.0.attn.proj,INT8__dense,INT8,8,8,dense,,,0.0,69.67,89.07,-0.030000000000001137,0.0,24.475885642692447,True,succeeded,/storage/users/pdarbani/Mehrshad/Transformer/v4.0/pretrained-isolation-framework/outputs/imagenetv2/swin_tiny/swin_tiny_imagenetv2_layerwise.json
swin_tiny_imagenetv2,42,layers.3.blocks.0.mlp.fc1,FP32__2to4,FP32,32,32,2to4,2,4,0.5,69.22,88.75,0.4200000000000017,0.3199999999999932,24.15639560855925,True,succeeded,/storage/users/pdarbani/Mehrshad/Transformer/v4.0/pretrained-isolation-framework/outputs/imagenetv2/swin_tiny/swin_tiny_imagenetv2_layerwise.json
swin_tiny_imagenetv2,42,layers.3.blocks.0.mlp.fc1,FP32__3to8,FP32,32,32,3to8,3,8,0.625,69.21,88.64,0.4300000000000068,0.4299999999999926,24.160784926265478,True,succeeded,/storage/users/pdarbani/Mehrshad/Transformer/v4.0/pretrained-isolation-framework/outputs/imagenetv2/swin_tiny/swin_tiny_imagenetv2_layerwise.json
swin_tiny_imagenetv2,42,layers.3.blocks.0.mlp.fc1,FP32__4to8,FP32,32,32,4to8,4,8,0.5,69.41,88.89,0.23000000000000398,0.1799999999999926,23.76855404302478,True,succeeded,/storage/users/pdarbani/Mehrshad/Transformer/v4.0/pretrained-isolation-framework/outputs/imagenetv2/swin_tiny/swin_tiny_imagenetv2_layerwise.json
swin_tiny_imagenetv2,42,layers.3.blocks.0.mlp.fc1,FP32__dense,FP32,32,32,dense,,,0.0,69.64,89.07,0.0,0.0,24.350728942081332,True,succeeded,/storage/users/pdarbani/Mehrshad/Transformer/v4.0/pretrained-isolation-framework/outputs/imagenetv2/swin_tiny/swin_tiny_imagenetv2_layerwise.json
swin_tiny_imagenetv2,42,layers.3.blocks.0.mlp.fc1,INT4__2to4,INT4,4,4,2to4,2,4,0.5,63.15,81.01,6.490000000000002,8.059999999999988,24.27755030244589,True,succeeded,/storage/users/pdarbani/Mehrshad/Transformer/v4.0/pretrained-isolation-framework/outputs/imagenetv2/swin_tiny/swin_tiny_imagenetv2_layerwise.json
swin_tiny_imagenetv2,42,layers.3.blocks.0.mlp.fc1,INT4__3to8,INT4,4,4,3to8,3,8,0.625,63.09,80.89,6.549999999999997,8.179999999999993,24.312807677313685,True,succeeded,/storage/users/pdarbani/Mehrshad/Transformer/v4.0/pretrained-isolation-framework/outputs/imagenetv2/swin_tiny/swin_tiny_imagenetv2_layerwise.json
swin_tiny_imagenetv2,42,layers.3.blocks.0.mlp.fc1,INT4__4to8,INT4,4,4,4to8,4,8,0.5,63.35,81.16,6.289999999999999,7.909999999999997,24.177526453509927,True,succeeded,/storage/users/pdarbani/Mehrshad/Transformer/v4.0/pretrained-isolation-framework/outputs/imagenetv2/swin_tiny/swin_tiny_imagenetv2_layerwise.json
swin_tiny_imagenetv2,42,layers.3.blocks.0.mlp.fc1,INT4__dense,INT4,4,4,dense,,,0.0,63.45,80.9,6.189999999999998,8.169999999999987,24.312753407284617,True,succeeded,/storage/users/pdarbani/Mehrshad/Transformer/v4.0/pretrained-isolation-framework/outputs/imagenetv2/swin_tiny/swin_tiny_imagenetv2_layerwise.json
swin_tiny_imagenetv2,42,layers.3.blocks.0.mlp.fc1,INT6__2to4,INT6,6,6,2to4,2,4,0.5,69.09,88.77,0.5499999999999972,0.29999999999999716,24.169060427695513,True,succeeded,/storage/users/pdarbani/Mehrshad/Transformer/v4.0/pretrained-isolation-framework/outputs/imagenetv2/swin_tiny/swin_tiny_imagenetv2_layerwise.json
swin_tiny_imagenetv2,42,layers.3.blocks.0.mlp.fc1,INT6__3to8,INT6,6,6,3to8,3,8,0.625,69.23,88.76,0.4099999999999966,0.30999999999998806,24.32637134939432,True,succeeded,/storage/users/pdarbani/Mehrshad/Transformer/v4.0/pretrained-isolation-framework/outputs/imagenetv2/swin_tiny/swin_tiny_imagenetv2_layerwise.json
swin_tiny_imagenetv2,42,layers.3.blocks.0.mlp.fc1,INT6__4to8,INT6,6,6,4to8,4,8,0.5,69.46,88.94,0.18000000000000682,0.12999999999999545,24.17457457073033,True,succeeded,/storage/users/pdarbani/Mehrshad/Transformer/v4.0/pretrained-isolation-framework/outputs/imagenetv2/swin_tiny/swin_tiny_imagenetv2_layerwise.json
swin_tiny_imagenetv2,42,layers.3.blocks.0.mlp.fc1,INT6__dense,INT6,6,6,dense,,,0.0,69.77,88.92,-0.12999999999999545,0.14999999999999147,24.335399352014065,True,succeeded,/storage/users/pdarbani/Mehrshad/Transformer/v4.0/pretrained-isolation-framework/outputs/imagenetv2/swin_tiny/swin_tiny_imagenetv2_layerwise.json
swin_tiny_imagenetv2,42,layers.3.blocks.0.mlp.fc1,INT8__2to4,INT8,8,8,2to4,2,4,0.5,69.21,88.8,0.4300000000000068,0.269999999999996,24.286658050492406,True,succeeded,/storage/users/pdarbani/Mehrshad/Transformer/v4.0/pretrained-isolation-framework/outputs/imagenetv2/swin_tiny/swin_tiny_imagenetv2_layerwise.json
swin_tiny_imagenetv2,42,layers.3.blocks.0.mlp.fc1,INT8__3to8,INT8,8,8,3to8,3,8,0.625,69.21,88.64,0.4300000000000068,0.4299999999999926,24.65679900161922,True,succeeded,/storage/users/pdarbani/Mehrshad/Transformer/v4.0/pretrained-isolation-framework/outputs/imagenetv2/swin_tiny/swin_tiny_imagenetv2_layerwise.json
swin_tiny_imagenetv2,42,layers.3.blocks.0.mlp.fc1,INT8__4to8,INT8,8,8,4to8,4,8,0.5,69.47,88.93,0.1700000000000017,0.13999999999998636,24.45028638653457,True,succeeded,/storage/users/pdarbani/Mehrshad/Transformer/v4.0/pretrained-isolation-framework/outputs/imagenetv2/swin_tiny/swin_tiny_imagenetv2_layerwise.json
swin_tiny_imagenetv2,42,layers.3.blocks.0.mlp.fc1,INT8__dense,INT8,8,8,dense,,,0.0,69.68,89.07,-0.04000000000000625,0.0,24.44132798537612,True,succeeded,/storage/users/pdarbani/Mehrshad/Transformer/v4.0/pretrained-isolation-framework/outputs/imagenetv2/swin_tiny/swin_tiny_imagenetv2_layerwise.json
swin_tiny_imagenetv2,43,layers.3.blocks.0.mlp.fc2,FP32__2to4,FP32,32,32,2to4,2,4,0.5,69.6,89.02,0.04000000000000625,0.04999999999999716,24.269447285681963,True,succeeded,/storage/users/pdarbani/Mehrshad/Transformer/v4.0/pretrained-isolation-framework/outputs/imagenetv2/swin_tiny/swin_tiny_imagenetv2_layerwise.json
swin_tiny_imagenetv2,43,layers.3.blocks.0.mlp.fc2,FP32__3to8,FP32,32,32,3to8,3,8,0.625,69.53,89.06,0.10999999999999943,0.009999999999990905,24.538360258564353,True,succeeded,/storage/users/pdarbani/Mehrshad/Transformer/v4.0/pretrained-isolation-framework/outputs/imagenetv2/swin_tiny/swin_tiny_imagenetv2_layerwise.json
swin_tiny_imagenetv2,43,layers.3.blocks.0.mlp.fc2,FP32__4to8,FP32,32,32,4to8,4,8,0.5,69.59,88.95,0.04999999999999716,0.11999999999999034,24.413940642029047,True,succeeded,/storage/users/pdarbani/Mehrshad/Transformer/v4.0/pretrained-isolation-framework/outputs/imagenetv2/swin_tiny/swin_tiny_imagenetv2_layerwise.json
swin_tiny_imagenetv2,43,layers.3.blocks.0.mlp.fc2,FP32__dense,FP32,32,32,dense,,,0.0,69.64,89.07,0.0,0.0,24.422577239573002,True,succeeded,/storage/users/pdarbani/Mehrshad/Transformer/v4.0/pretrained-isolation-framework/outputs/imagenetv2/swin_tiny/swin_tiny_imagenetv2_layerwise.json
swin_tiny_imagenetv2,43,layers.3.blocks.0.mlp.fc2,INT4__2to4,INT4,4,4,2to4,2,4,0.5,69.51,88.88,0.12999999999999545,0.18999999999999773,24.42376323416829,True,succeeded,/storage/users/pdarbani/Mehrshad/Transformer/v4.0/pretrained-isolation-framework/outputs/imagenetv2/swin_tiny/swin_tiny_imagenetv2_layerwise.json
swin_tiny_imagenetv2,43,layers.3.blocks.0.mlp.fc2,INT4__3to8,INT4,4,4,3to8,3,8,0.625,69.43,89.16,0.20999999999999375,-0.09000000000000341,24.27505757473409,True,succeeded,/storage/users/pdarbani/Mehrshad/Transformer/v4.0/pretrained-isolation-framework/outputs/imagenetv2/swin_tiny/swin_tiny_imagenetv2_layerwise.json
swin_tiny_imagenetv2,43,layers.3.blocks.0.mlp.fc2,INT4__4to8,INT4,4,4,4to8,4,8,0.5,69.69,88.89,-0.04999999999999716,0.1799999999999926,24.477277284488082,True,succeeded,/storage/users/pdarbani/Mehrshad/Transformer/v4.0/pretrained-isolation-framework/outputs/imagenetv2/swin_tiny/swin_tiny_imagenetv2_layerwise.json
swin_tiny_imagenetv2,43,layers.3.blocks.0.mlp.fc2,INT4__dense,INT4,4,4,dense,,,0.0,69.7,89.02,-0.060000000000002274,0.04999999999999716,24.741321682929993,True,succeeded,/storage/users/pdarbani/Mehrshad/Transformer/v4.0/pretrained-isolation-framework/outputs/imagenetv2/swin_tiny/swin_tiny_imagenetv2_layerwise.json
swin_tiny_imagenetv2,43,layers.3.blocks.0.mlp.fc2,INT6__2to4,INT6,6,6,2to4,2,4,0.5,69.62,89.02,0.01999999999999602,0.04999999999999716,24.194436317309737,True,succeeded,/storage/users/pdarbani/Mehrshad/Transformer/v4.0/pretrained-isolation-framework/outputs/imagenetv2/swin_tiny/swin_tiny_imagenetv2_layerwise.json
swin_tiny_imagenetv2,43,layers.3.blocks.0.mlp.fc2,INT6__3to8,INT6,6,6,3to8,3,8,0.625,69.6,89.05,0.04000000000000625,0.01999999999999602,24.42217617109418,True,succeeded,/storage/users/pdarbani/Mehrshad/Transformer/v4.0/pretrained-isolation-framework/outputs/imagenetv2/swin_tiny/swin_tiny_imagenetv2_layerwise.json
swin_tiny_imagenetv2,43,layers.3.blocks.0.mlp.fc2,INT6__4to8,INT6,6,6,4to8,4,8,0.5,69.67,88.9,-0.030000000000001137,0.1699999999999875,24.412687310948968,True,succeeded,/storage/users/pdarbani/Mehrshad/Transformer/v4.0/pretrained-isolation-framework/outputs/imagenetv2/swin_tiny/swin_tiny_imagenetv2_layerwise.json
swin_tiny_imagenetv2,43,layers.3.blocks.0.mlp.fc2,INT6__dense,INT6,6,6,dense,,,0.0,69.68,89.06,-0.04000000000000625,0.009999999999990905,24.44668836891651,True,succeeded,/storage/users/pdarbani/Mehrshad/Transformer/v4.0/pretrained-isolation-framework/outputs/imagenetv2/swin_tiny/swin_tiny_imagenetv2_layerwise.json
swin_tiny_imagenetv2,43,layers.3.blocks.0.mlp.fc2,INT8__2to4,INT8,8,8,2to4,2,4,0.5,69.62,89.0,0.01999999999999602,0.06999999999999318,24.450580159202218,True,succeeded,/storage/users/pdarbani/Mehrshad/Transformer/v4.0/pretrained-isolation-framework/outputs/imagenetv2/swin_tiny/swin_tiny_imagenetv2_layerwise.json
swin_tiny_imagenetv2,43,layers.3.blocks.0.mlp.fc2,INT8__3to8,INT8,8,8,3to8,3,8,0.625,69.51,89.06,0.12999999999999545,0.009999999999990905,24.29248658940196,True,succeeded,/storage/users/pdarbani/Mehrshad/Transformer/v4.0/pretrained-isolation-framework/outputs/imagenetv2/swin_tiny/swin_tiny_imagenetv2_layerwise.json
swin_tiny_imagenetv2,43,layers.3.blocks.0.mlp.fc2,INT8__4to8,INT8,8,8,4to8,4,8,0.5,69.62,88.96,0.01999999999999602,0.10999999999999943,24.455073976889253,True,succeeded,/storage/users/pdarbani/Mehrshad/Transformer/v4.0/pretrained-isolation-framework/outputs/imagenetv2/swin_tiny/swin_tiny_imagenetv2_layerwise.json
swin_tiny_imagenetv2,43,layers.3.blocks.0.mlp.fc2,INT8__dense,INT8,8,8,dense,,,0.0,69.71,89.05,-0.06999999999999318,0.01999999999999602,24.630882494151592,True,succeeded,/storage/users/pdarbani/Mehrshad/Transformer/v4.0/pretrained-isolation-framework/outputs/imagenetv2/swin_tiny/swin_tiny_imagenetv2_layerwise.json
swin_tiny_imagenetv2,44,layers.3.blocks.1.attn.qkv,FP32__2to4,FP32,32,32,2to4,2,4,0.5,69.46,88.93,0.18000000000000682,0.13999999999998636,24.48325726389885,True,succeeded,/storage/users/pdarbani/Mehrshad/Transformer/v4.0/pretrained-isolation-framework/outputs/imagenetv2/swin_tiny/swin_tiny_imagenetv2_layerwise.json
swin_tiny_imagenetv2,44,layers.3.blocks.1.attn.qkv,FP32__3to8,FP32,32,32,3to8,3,8,0.625,69.34,88.78,0.29999999999999716,0.28999999999999204,24.46209132298827,True,succeeded,/storage/users/pdarbani/Mehrshad/Transformer/v4.0/pretrained-isolation-framework/outputs/imagenetv2/swin_tiny/swin_tiny_imagenetv2_layerwise.json
swin_tiny_imagenetv2,44,layers.3.blocks.1.attn.qkv,FP32__4to8,FP32,32,32,4to8,4,8,0.5,69.55,88.88,0.09000000000000341,0.18999999999999773,24.528158297762275,True,succeeded,/storage/users/pdarbani/Mehrshad/Transformer/v4.0/pretrained-isolation-framework/outputs/imagenetv2/swin_tiny/swin_tiny_imagenetv2_layerwise.json
swin_tiny_imagenetv2,44,layers.3.blocks.1.attn.qkv,FP32__dense,FP32,32,32,dense,,,0.0,69.64,89.07,0.0,0.0,24.715214682742953,True,succeeded,/storage/users/pdarbani/Mehrshad/Transformer/v4.0/pretrained-isolation-framework/outputs/imagenetv2/swin_tiny/swin_tiny_imagenetv2_layerwise.json
swin_tiny_imagenetv2,44,layers.3.blocks.1.attn.qkv,INT4__2to4,INT4,4,4,2to4,2,4,0.5,68.7,88.63,0.9399999999999977,0.4399999999999977,24.03491315059364,True,succeeded,/storage/users/pdarbani/Mehrshad/Transformer/v4.0/pretrained-isolation-framework/outputs/imagenetv2/swin_tiny/swin_tiny_imagenetv2_layerwise.json
swin_tiny_imagenetv2,44,layers.3.blocks.1.attn.qkv,INT4__3to8,INT4,4,4,3to8,3,8,0.625,68.67,88.54,0.9699999999999989,0.5299999999999869,24.174865074455738,True,succeeded,/storage/users/pdarbani/Mehrshad/Transformer/v4.0/pretrained-isolation-framework/outputs/imagenetv2/swin_tiny/swin_tiny_imagenetv2_layerwise.json
swin_tiny_imagenetv2,44,layers.3.blocks.1.attn.qkv,INT4__4to8,INT4,4,4,4to8,4,8,0.5,68.83,88.67,0.8100000000000023,0.3999999999999915,24.41107389330864,True,succeeded,/storage/users/pdarbani/Mehrshad/Transformer/v4.0/pretrained-isolation-framework/outputs/imagenetv2/swin_tiny/swin_tiny_imagenetv2_layerwise.json
swin_tiny_imagenetv2,44,layers.3.blocks.1.attn.qkv,INT4__dense,INT4,4,4,dense,,,0.0,68.89,88.76,0.75,0.30999999999998806,24.164491456001997,True,succeeded,/storage/users/pdarbani/Mehrshad/Transformer/v4.0/pretrained-isolation-framework/outputs/imagenetv2/swin_tiny/swin_tiny_imagenetv2_layerwise.json
swin_tiny_imagenetv2,44,layers.3.blocks.1.attn.qkv,INT6__2to4,INT6,6,6,2to4,2,4,0.5,69.42,88.95,0.21999999999999886,0.11999999999999034,24.409705514088273,True,succeeded,/storage/users/pdarbani/Mehrshad/Transformer/v4.0/pretrained-isolation-framework/outputs/imagenetv2/swin_tiny/swin_tiny_imagenetv2_layerwise.json
swin_tiny_imagenetv2,44,layers.3.blocks.1.attn.qkv,INT6__3to8,INT6,6,6,3to8,3,8,0.625,69.23,88.78,0.4099999999999966,0.28999999999999204,24.367945324629545,True,succeeded,/storage/users/pdarbani/Mehrshad/Transformer/v4.0/pretrained-isolation-framework/outputs/imagenetv2/swin_tiny/swin_tiny_imagenetv2_layerwise.json
swin_tiny_imagenetv2,44,layers.3.blocks.1.attn.qkv,INT6__4to8,INT6,6,6,4to8,4,8,0.5,69.51,88.98,0.12999999999999545,0.0899999999999892,24.345027221366763,True,succeeded,/storage/users/pdarbani/Mehrshad/Transformer/v4.0/pretrained-isolation-framework/outputs/imagenetv2/swin_tiny/swin_tiny_imagenetv2_layerwise.json
swin_tiny_imagenetv2,44,layers.3.blocks.1.attn.qkv,INT6__dense,INT6,6,6,dense,,,0.0,69.5,88.97,0.14000000000000057,0.09999999999999432,24.485450606793165,True,succeeded,/storage/users/pdarbani/Mehrshad/Transformer/v4.0/pretrained-isolation-framework/outputs/imagenetv2/swin_tiny/swin_tiny_imagenetv2_layerwise.json
swin_tiny_imagenetv2,44,layers.3.blocks.1.attn.qkv,INT8__2to4,INT8,8,8,2to4,2,4,0.5,69.45,88.99,0.18999999999999773,0.0799999999999983,24.57858289964497,True,succeeded,/storage/users/pdarbani/Mehrshad/Transformer/v4.0/pretrained-isolation-framework/outputs/imagenetv2/swin_tiny/swin_tiny_imagenetv2_layerwise.json
swin_tiny_imagenetv2,44,layers.3.blocks.1.attn.qkv,INT8__3to8,INT8,8,8,3to8,3,8,0.625,69.29,88.8,0.3499999999999943,0.269999999999996,24.667614329606295,True,succeeded,/storage/users/pdarbani/Mehrshad/Transformer/v4.0/pretrained-isolation-framework/outputs/imagenetv2/swin_tiny/swin_tiny_imagenetv2_layerwise.json
swin_tiny_imagenetv2,44,layers.3.blocks.1.attn.qkv,INT8__4to8,INT8,8,8,4to8,4,8,0.5,69.52,88.93,0.12000000000000455,0.13999999999998636,24.560588158667088,True,succeeded,/storage/users/pdarbani/Mehrshad/Transformer/v4.0/pretrained-isolation-framework/outputs/imagenetv2/swin_tiny/swin_tiny_imagenetv2_layerwise.json
swin_tiny_imagenetv2,44,layers.3.blocks.1.attn.qkv,INT8__dense,INT8,8,8,dense,,,0.0,69.64,89.06,0.0,0.009999999999990905,24.118762066587806,True,succeeded,/storage/users/pdarbani/Mehrshad/Transformer/v4.0/pretrained-isolation-framework/outputs/imagenetv2/swin_tiny/swin_tiny_imagenetv2_layerwise.json
swin_tiny_imagenetv2,45,layers.3.blocks.1.attn.proj,FP32__2to4,FP32,32,32,2to4,2,4,0.5,69.69,88.9,-0.04999999999999716,0.1699999999999875,24.06342578306794,True,succeeded,/storage/users/pdarbani/Mehrshad/Transformer/v4.0/pretrained-isolation-framework/outputs/imagenetv2/swin_tiny/swin_tiny_imagenetv2_layerwise.json
swin_tiny_imagenetv2,45,layers.3.blocks.1.attn.proj,FP32__3to8,FP32,32,32,3to8,3,8,0.625,69.53,88.9,0.10999999999999943,0.1699999999999875,24.462468525394797,True,succeeded,/storage/users/pdarbani/Mehrshad/Transformer/v4.0/pretrained-isolation-framework/outputs/imagenetv2/swin_tiny/swin_tiny_imagenetv2_layerwise.json
swin_tiny_imagenetv2,45,layers.3.blocks.1.attn.proj,FP32__4to8,FP32,32,32,4to8,4,8,0.5,69.58,88.99,0.060000000000002274,0.0799999999999983,24.245223058387637,True,succeeded,/storage/users/pdarbani/Mehrshad/Transformer/v4.0/pretrained-isolation-framework/outputs/imagenetv2/swin_tiny/swin_tiny_imagenetv2_layerwise.json
swin_tiny_imagenetv2,45,layers.3.blocks.1.attn.proj,FP32__dense,FP32,32,32,dense,,,0.0,69.64,89.07,0.0,0.0,24.3643941283226,True,succeeded,/storage/users/pdarbani/Mehrshad/Transformer/v4.0/pretrained-isolation-framework/outputs/imagenetv2/swin_tiny/swin_tiny_imagenetv2_layerwise.json
swin_tiny_imagenetv2,45,layers.3.blocks.1.attn.proj,INT4__2to4,INT4,4,4,2to4,2,4,0.5,69.72,88.8,-0.0799999999999983,0.269999999999996,24.835040213540196,True,succeeded,/storage/users/pdarbani/Mehrshad/Transformer/v4.0/pretrained-isolation-framework/outputs/imagenetv2/swin_tiny/swin_tiny_imagenetv2_layerwise.json
swin_tiny_imagenetv2,45,layers.3.blocks.1.attn.proj,INT4__3to8,INT4,4,4,3to8,3,8,0.625,69.43,88.75,0.20999999999999375,0.3199999999999932,24.358917692676187,True,succeeded,/storage/users/pdarbani/Mehrshad/Transformer/v4.0/pretrained-isolation-framework/outputs/imagenetv2/swin_tiny/swin_tiny_imagenetv2_layerwise.json
swin_tiny_imagenetv2,45,layers.3.blocks.1.attn.proj,INT4__4to8,INT4,4,4,4to8,4,8,0.5,69.57,88.83,0.07000000000000739,0.23999999999999488,24.21578586474061,True,succeeded,/storage/users/pdarbani/Mehrshad/Transformer/v4.0/pretrained-isolation-framework/outputs/imagenetv2/swin_tiny/swin_tiny_imagenetv2_layerwise.json
swin_tiny_imagenetv2,45,layers.3.blocks.1.attn.proj,INT4__dense,INT4,4,4,dense,,,0.0,69.71,88.93,-0.06999999999999318,0.13999999999998636,24.584810497239232,True,succeeded,/storage/users/pdarbani/Mehrshad/Transformer/v4.0/pretrained-isolation-framework/outputs/imagenetv2/swin_tiny/swin_tiny_imagenetv2_layerwise.json
swin_tiny_imagenetv2,45,layers.3.blocks.1.attn.proj,INT6__2to4,INT6,6,6,2to4,2,4,0.5,69.64,88.89,0.0,0.1799999999999926,24.489892434328794,True,succeeded,/storage/users/pdarbani/Mehrshad/Transformer/v4.0/pretrained-isolation-framework/outputs/imagenetv2/swin_tiny/swin_tiny_imagenetv2_layerwise.json
swin_tiny_imagenetv2,45,layers.3.blocks.1.attn.proj,INT6__3to8,INT6,6,6,3to8,3,8,0.625,69.53,88.83,0.10999999999999943,0.23999999999999488,24.199477588757873,True,succeeded,/storage/users/pdarbani/Mehrshad/Transformer/v4.0/pretrained-isolation-framework/outputs/imagenetv2/swin_tiny/swin_tiny_imagenetv2_layerwise.json
swin_tiny_imagenetv2,45,layers.3.blocks.1.attn.proj,INT6__4to8,INT6,6,6,4to8,4,8,0.5,69.62,88.92,0.01999999999999602,0.14999999999999147,24.40521556325257,True,succeeded,/storage/users/pdarbani/Mehrshad/Transformer/v4.0/pretrained-isolation-framework/outputs/imagenetv2/swin_tiny/swin_tiny_imagenetv2_layerwise.json
swin_tiny_imagenetv2,45,layers.3.blocks.1.attn.proj,INT6__dense,INT6,6,6,dense,,,0.0,69.58,89.04,0.060000000000002274,0.029999999999986926,24.49756794422865,True,succeeded,/storage/users/pdarbani/Mehrshad/Transformer/v4.0/pretrained-isolation-framework/outputs/imagenetv2/swin_tiny/swin_tiny_imagenetv2_layerwise.json
swin_tiny_imagenetv2,45,layers.3.blocks.1.attn.proj,INT8__2to4,INT8,8,8,2to4,2,4,0.5,69.71,88.89,-0.06999999999999318,0.1799999999999926,24.50388876721263,True,succeeded,/storage/users/pdarbani/Mehrshad/Transformer/v4.0/pretrained-isolation-framework/outputs/imagenetv2/swin_tiny/swin_tiny_imagenetv2_layerwise.json
swin_tiny_imagenetv2,45,layers.3.blocks.1.attn.proj,INT8__3to8,INT8,8,8,3to8,3,8,0.625,69.52,88.9,0.12000000000000455,0.1699999999999875,24.270123578608036,True,succeeded,/storage/users/pdarbani/Mehrshad/Transformer/v4.0/pretrained-isolation-framework/outputs/imagenetv2/swin_tiny/swin_tiny_imagenetv2_layerwise.json
swin_tiny_imagenetv2,45,layers.3.blocks.1.attn.proj,INT8__4to8,INT8,8,8,4to8,4,8,0.5,69.57,89.0,0.07000000000000739,0.06999999999999318,24.548458522185683,True,succeeded,/storage/users/pdarbani/Mehrshad/Transformer/v4.0/pretrained-isolation-framework/outputs/imagenetv2/swin_tiny/swin_tiny_imagenetv2_layerwise.json
swin_tiny_imagenetv2,45,layers.3.blocks.1.attn.proj,INT8__dense,INT8,8,8,dense,,,0.0,69.67,89.07,-0.030000000000001137,0.0,24.443447520956397,True,succeeded,/storage/users/pdarbani/Mehrshad/Transformer/v4.0/pretrained-isolation-framework/outputs/imagenetv2/swin_tiny/swin_tiny_imagenetv2_layerwise.json
swin_tiny_imagenetv2,46,layers.3.blocks.1.mlp.fc1,FP32__2to4,FP32,32,32,2to4,2,4,0.5,69.31,88.69,0.3299999999999983,0.37999999999999545,24.21479108929634,True,succeeded,/storage/users/pdarbani/Mehrshad/Transformer/v4.0/pretrained-isolation-framework/outputs/imagenetv2/swin_tiny/swin_tiny_imagenetv2_layerwise.json
swin_tiny_imagenetv2,46,layers.3.blocks.1.mlp.fc1,FP32__3to8,FP32,32,32,3to8,3,8,0.625,68.84,88.48,0.7999999999999972,0.5899999999999892,24.591305581852794,True,succeeded,/storage/users/pdarbani/Mehrshad/Transformer/v4.0/pretrained-isolation-framework/outputs/imagenetv2/swin_tiny/swin_tiny_imagenetv2_layerwise.json
swin_tiny_imagenetv2,46,layers.3.blocks.1.mlp.fc1,FP32__4to8,FP32,32,32,4to8,4,8,0.5,69.14,88.68,0.5,0.38999999999998636,24.6130154710263,True,succeeded,/storage/users/pdarbani/Mehrshad/Transformer/v4.0/pretrained-isolation-framework/outputs/imagenetv2/swin_tiny/swin_tiny_imagenetv2_layerwise.json
swin_tiny_imagenetv2,46,layers.3.blocks.1.mlp.fc1,FP32__dense,FP32,32,32,dense,,,0.0,69.64,89.07,0.0,0.0,24.13999611698091,True,succeeded,/storage/users/pdarbani/Mehrshad/Transformer/v4.0/pretrained-isolation-framework/outputs/imagenetv2/swin_tiny/swin_tiny_imagenetv2_layerwise.json
swin_tiny_imagenetv2,46,layers.3.blocks.1.mlp.fc1,INT4__2to4,INT4,4,4,2to4,2,4,0.5,68.94,88.72,0.7000000000000028,0.3499999999999943,24.062294049188495,True,succeeded,/storage/users/pdarbani/Mehrshad/Transformer/v4.0/pretrained-isolation-framework/outputs/imagenetv2/swin_tiny/swin_tiny_imagenetv2_layerwise.json
swin_tiny_imagenetv2,46,layers.3.blocks.1.mlp.fc1,INT4__3to8,INT4,4,4,3to8,3,8,0.625,68.65,88.51,0.9899999999999949,0.5599999999999881,24.556755112484097,True,succeeded,/storage/users/pdarbani/Mehrshad/Transformer/v4.0/pretrained-isolation-framework/outputs/imagenetv2/swin_tiny/swin_tiny_imagenetv2_layerwise.json
swin_tiny_imagenetv2,46,layers.3.blocks.1.mlp.fc1,INT4__4to8,INT4,4,4,4to8,4,8,0.5,69.21,88.74,0.4300000000000068,0.3299999999999983,23.79866111651063,True,succeeded,/storage/users/pdarbani/Mehrshad/Transformer/v4.0/pretrained-isolation-framework/outputs/imagenetv2/swin_tiny/swin_tiny_imagenetv2_layerwise.json
swin_tiny_imagenetv2,46,layers.3.blocks.1.mlp.fc1,INT4__dense,INT4,4,4,dense,,,0.0,69.36,88.88,0.28000000000000114,0.18999999999999773,24.151800360530615,True,succeeded,/storage/users/pdarbani/Mehrshad/Transformer/v4.0/pretrained-isolation-framework/outputs/imagenetv2/swin_tiny/swin_tiny_imagenetv2_layerwise.json
swin_tiny_imagenetv2,46,layers.3.blocks.1.mlp.fc1,INT6__2to4,INT6,6,6,2to4,2,4,0.5,69.31,88.61,0.3299999999999983,0.45999999999999375,24.45721715129912,True,succeeded,/storage/users/pdarbani/Mehrshad/Transformer/v4.0/pretrained-isolation-framework/outputs/imagenetv2/swin_tiny/swin_tiny_imagenetv2_layerwise.json
swin_tiny_imagenetv2,46,layers.3.blocks.1.mlp.fc1,INT6__3to8,INT6,6,6,3to8,3,8,0.625,68.86,88.55,0.7800000000000011,0.519999999999996,24.339380893856287,True,succeeded,/storage/users/pdarbani/Mehrshad/Transformer/v4.0/pretrained-isolation-framework/outputs/imagenetv2/swin_tiny/swin_tiny_imagenetv2_layerwise.json
swin_tiny_imagenetv2,46,layers.3.blocks.1.mlp.fc1,INT6__4to8,INT6,6,6,4to8,4,8,0.5,69.07,88.68,0.5700000000000074,0.38999999999998636,24.480329597368836,True,succeeded,/storage/users/pdarbani/Mehrshad/Transformer/v4.0/pretrained-isolation-framework/outputs/imagenetv2/swin_tiny/swin_tiny_imagenetv2_layerwise.json
swin_tiny_imagenetv2,46,layers.3.blocks.1.mlp.fc1,INT6__dense,INT6,6,6,dense,,,0.0,69.71,89.03,-0.06999999999999318,0.03999999999999204,24.521215388551354,True,succeeded,/storage/users/pdarbani/Mehrshad/Transformer/v4.0/pretrained-isolation-framework/outputs/imagenetv2/swin_tiny/swin_tiny_imagenetv2_layerwise.json
swin_tiny_imagenetv2,46,layers.3.blocks.1.mlp.fc1,INT8__2to4,INT8,8,8,2to4,2,4,0.5,69.3,88.68,0.3400000000000034,0.38999999999998636,24.60136085189879,True,succeeded,/storage/users/pdarbani/Mehrshad/Transformer/v4.0/pretrained-isolation-framework/outputs/imagenetv2/swin_tiny/swin_tiny_imagenetv2_layerwise.json
swin_tiny_imagenetv2,46,layers.3.blocks.1.mlp.fc1,INT8__3to8,INT8,8,8,3to8,3,8,0.625,68.92,88.52,0.7199999999999989,0.5499999999999972,24.294490365311503,True,succeeded,/storage/users/pdarbani/Mehrshad/Transformer/v4.0/pretrained-isolation-framework/outputs/imagenetv2/swin_tiny/swin_tiny_imagenetv2_layerwise.json
swin_tiny_imagenetv2,46,layers.3.blocks.1.mlp.fc1,INT8__4to8,INT8,8,8,4to8,4,8,0.5,69.09,88.7,0.5499999999999972,0.36999999999999034,24.292852263897657,True,succeeded,/storage/users/pdarbani/Mehrshad/Transformer/v4.0/pretrained-isolation-framework/outputs/imagenetv2/swin_tiny/swin_tiny_imagenetv2_layerwise.json
swin_tiny_imagenetv2,46,layers.3.blocks.1.mlp.fc1,INT8__dense,INT8,8,8,dense,,,0.0,69.59,89.04,0.04999999999999716,0.029999999999986926,24.49299200810492,True,succeeded,/storage/users/pdarbani/Mehrshad/Transformer/v4.0/pretrained-isolation-framework/outputs/imagenetv2/swin_tiny/swin_tiny_imagenetv2_layerwise.json
swin_tiny_imagenetv2,47,layers.3.blocks.1.mlp.fc2,FP32__2to4,FP32,32,32,2to4,2,4,0.5,69.37,88.81,0.269999999999996,0.2599999999999909,24.252950621768832,True,succeeded,/storage/users/pdarbani/Mehrshad/Transformer/v4.0/pretrained-isolation-framework/outputs/imagenetv2/swin_tiny/swin_tiny_imagenetv2_layerwise.json
swin_tiny_imagenetv2,47,layers.3.blocks.1.mlp.fc2,FP32__3to8,FP32,32,32,3to8,3,8,0.625,69.47,88.84,0.1700000000000017,0.22999999999998977,24.594821743667126,True,succeeded,/storage/users/pdarbani/Mehrshad/Transformer/v4.0/pretrained-isolation-framework/outputs/imagenetv2/swin_tiny/swin_tiny_imagenetv2_layerwise.json
swin_tiny_imagenetv2,47,layers.3.blocks.1.mlp.fc2,FP32__4to8,FP32,32,32,4to8,4,8,0.5,69.48,88.86,0.1599999999999966,0.20999999999999375,24.261965295299888,True,succeeded,/storage/users/pdarbani/Mehrshad/Transformer/v4.0/pretrained-isolation-framework/outputs/imagenetv2/swin_tiny/swin_tiny_imagenetv2_layerwise.json
swin_tiny_imagenetv2,47,layers.3.blocks.1.mlp.fc2,FP32__dense,FP32,32,32,dense,,,0.0,69.64,89.07,0.0,0.0,24.665537297725677,True,succeeded,/storage/users/pdarbani/Mehrshad/Transformer/v4.0/pretrained-isolation-framework/outputs/imagenetv2/swin_tiny/swin_tiny_imagenetv2_layerwise.json
swin_tiny_imagenetv2,47,layers.3.blocks.1.mlp.fc2,INT4__2to4,INT4,4,4,2to4,2,4,0.5,69.47,88.79,0.1700000000000017,0.2799999999999869,24.41171352751553,True,succeeded,/storage/users/pdarbani/Mehrshad/Transformer/v4.0/pretrained-isolation-framework/outputs/imagenetv2/swin_tiny/swin_tiny_imagenetv2_layerwise.json
swin_tiny_imagenetv2,47,layers.3.blocks.1.mlp.fc2,INT4__3to8,INT4,4,4,3to8,3,8,0.625,69.4,88.68,0.23999999999999488,0.38999999999998636,24.427735233679414,True,succeeded,/storage/users/pdarbani/Mehrshad/Transformer/v4.0/pretrained-isolation-framework/outputs/imagenetv2/swin_tiny/swin_tiny_imagenetv2_layerwise.json
swin_tiny_imagenetv2,47,layers.3.blocks.1.mlp.fc2,INT4__4to8,INT4,4,4,4to8,4,8,0.5,69.25,88.88,0.39000000000000057,0.18999999999999773,24.582637183368206,True,succeeded,/storage/users/pdarbani/Mehrshad/Transformer/v4.0/pretrained-isolation-framework/outputs/imagenetv2/swin_tiny/swin_tiny_imagenetv2_layerwise.json
swin_tiny_imagenetv2,47,layers.3.blocks.1.mlp.fc2,INT4__dense,INT4,4,4,dense,,,0.0,69.52,89.02,0.12000000000000455,0.04999999999999716,24.426702363416553,True,succeeded,/storage/users/pdarbani/Mehrshad/Transformer/v4.0/pretrained-isolation-framework/outputs/imagenetv2/swin_tiny/swin_tiny_imagenetv2_layerwise.json
swin_tiny_imagenetv2,47,layers.3.blocks.1.mlp.fc2,INT6__2to4,INT6,6,6,2to4,2,4,0.5,69.35,88.82,0.29000000000000625,0.25,24.392525158822536,True,succeeded,/storage/users/pdarbani/Mehrshad/Transformer/v4.0/pretrained-isolation-framework/outputs/imagenetv2/swin_tiny/swin_tiny_imagenetv2_layerwise.json
swin_tiny_imagenetv2,47,layers.3.blocks.1.mlp.fc2,INT6__3to8,INT6,6,6,3to8,3,8,0.625,69.42,88.77,0.21999999999999886,0.29999999999999716,24.164816858246922,True,succeeded,/storage/users/pdarbani/Mehrshad/Transformer/v4.0/pretrained-isolation-framework/outputs/imagenetv2/swin_tiny/swin_tiny_imagenetv2_layerwise.json
swin_tiny_imagenetv2,47,layers.3.blocks.1.mlp.fc2,INT6__4to8,INT6,6,6,4to8,4,8,0.5,69.38,88.85,0.2600000000000051,0.21999999999999886,24.2053366843611,True,succeeded,/storage/users/pdarbani/Mehrshad/Transformer/v4.0/pretrained-isolation-framework/outputs/imagenetv2/swin_tiny/swin_tiny_imagenetv2_layerwise.json
swin_tiny_imagenetv2,47,layers.3.blocks.1.mlp.fc2,INT6__dense,INT6,6,6,dense,,,0.0,69.63,89.09,0.010000000000005116,-0.020000000000010232,24.175337174907327,True,succeeded,/storage/users/pdarbani/Mehrshad/Transformer/v4.0/pretrained-isolation-framework/outputs/imagenetv2/swin_tiny/swin_tiny_imagenetv2_layerwise.json
swin_tiny_imagenetv2,47,layers.3.blocks.1.mlp.fc2,INT8__2to4,INT8,8,8,2to4,2,4,0.5,69.42,88.82,0.21999999999999886,0.25,24.594750251621008,True,succeeded,/storage/users/pdarbani/Mehrshad/Transformer/v4.0/pretrained-isolation-framework/outputs/imagenetv2/swin_tiny/swin_tiny_imagenetv2_layerwise.json
swin_tiny_imagenetv2,47,layers.3.blocks.1.mlp.fc2,INT8__3to8,INT8,8,8,3to8,3,8,0.625,69.48,88.83,0.1599999999999966,0.23999999999999488,24.207884153351188,True,succeeded,/storage/users/pdarbani/Mehrshad/Transformer/v4.0/pretrained-isolation-framework/outputs/imagenetv2/swin_tiny/swin_tiny_imagenetv2_layerwise.json
swin_tiny_imagenetv2,47,layers.3.blocks.1.mlp.fc2,INT8__4to8,INT8,8,8,4to8,4,8,0.5,69.49,88.88,0.15000000000000568,0.18999999999999773,24.444097708910704,True,succeeded,/storage/users/pdarbani/Mehrshad/Transformer/v4.0/pretrained-isolation-framework/outputs/imagenetv2/swin_tiny/swin_tiny_imagenetv2_layerwise.json
swin_tiny_imagenetv2,47,layers.3.blocks.1.mlp.fc2,INT8__dense,INT8,8,8,dense,,,0.0,69.7,89.04,-0.060000000000002274,0.029999999999986926,24.38682476617396,True,succeeded,/storage/users/pdarbani/Mehrshad/Transformer/v4.0/pretrained-isolation-framework/outputs/imagenetv2/swin_tiny/swin_tiny_imagenetv2_layerwise.json
