model,threshold_top1_pp,move_batch_index,action_index,stage,target_layer,from_configuration,to_configuration,score,accuracy_effect_top1_pp,energy_effect
deit_tiny_imagenetv2,0.1,0,0,repair,blocks.7.attn.qkv,INT6__dense,INT8__dense,4.6874999999249995,0.29296875,0.0625
deit_tiny_imagenetv2,0.1,1,0,repair,blocks.9.mlp.fc2,FP32__2to4,FP32__dense,0.7812499999984376,0.390625,0.5
deit_tiny_imagenetv2,0.1,2,0,repair,blocks.9.attn.proj,INT6__dense,INT8__dense,4.6874999999249995,0.29296875,0.0625
deit_tiny_imagenetv2,0.1,3,0,repair,blocks.3.attn.proj,INT6__dense,FP32__dense,0.43749999999972,0.68359375,1.5625
deit_tiny_imagenetv2,0.1,3,1,repair,blocks.7.mlp.fc1,INT8__dense,FP32__dense,0.43749999999972,0.68359375,1.5625
deit_tiny_imagenetv2,0.5,0,0,repair,blocks.10.attn.qkv,INT4__3to8,INT4__2to4,112.49999999280001,1.7578125,0.015625
deit_tiny_imagenetv2,0.5,1,0,repair,blocks.7.mlp.fc2,INT6__3to8,INT6__2to4,37.4999999984,0.87890625,0.0234375
deit_tiny_imagenetv2,0.5,2,0,repair,blocks.7.attn.proj,INT4__2to4,INT6__2to4,37.4999999988,1.171875,0.03125
deit_tiny_imagenetv2,0.5,3,0,repair,blocks.5.mlp.fc2,INT8__3to8,INT8__4to8,31.249999999,0.9765625,0.03125
deit_tiny_imagenetv2,0.5,4,0,repair,blocks.10.attn.proj,INT4__3to8,INT4__4to8,18.7499999988,0.29296875,0.015625
deit_tiny_imagenetv2,0.5,5,0,repair,blocks.7.attn.qkv,INT4__4to8,INT4__dense,18.749999999699998,1.171875,0.0625
deit_tiny_imagenetv2,0.5,6,0,repair,blocks.10.mlp.fc1,INT4__2to4,INT6__3to8,87.4999999888,0.68359375,0.0078125
deit_tiny_imagenetv2,0.5,7,0,repair,blocks.11.mlp.fc1,INT4__4to8,INT4__dense,14.062499999775,0.87890625,0.0625
deit_tiny_imagenetv2,0.5,8,0,repair,blocks.0.attn.qkv,INT6__dense,INT8__dense,1.426348547717653,10.7421875,7.53125
deit_tiny_imagenetv2,0.5,8,1,repair,blocks.0.attn.proj,INT6__dense,INT8__dense,1.426348547717653,10.7421875,7.53125
deit_tiny_imagenetv2,0.5,8,2,repair,blocks.0.mlp.fc1,INT8__dense,FP32__dense,1.426348547717653,10.7421875,7.53125
deit_tiny_imagenetv2,0.5,8,3,repair,blocks.0.mlp.fc2,INT8__dense,FP32__dense,1.426348547717653,10.7421875,7.53125
deit_tiny_imagenetv2,0.5,8,4,repair,blocks.1.attn.qkv,INT6__4to8,INT8__4to8,1.426348547717653,10.7421875,7.53125
deit_tiny_imagenetv2,0.5,8,5,repair,blocks.1.attn.proj,INT6__4to8,INT8__4to8,1.426348547717653,10.7421875,7.53125
deit_tiny_imagenetv2,0.5,8,6,repair,blocks.1.mlp.fc1,INT6__dense,INT8__dense,1.426348547717653,10.7421875,7.53125
deit_tiny_imagenetv2,0.5,8,7,repair,blocks.1.mlp.fc2,INT8__dense,FP32__dense,1.426348547717653,10.7421875,7.53125
deit_tiny_imagenetv2,0.5,8,8,repair,blocks.2.attn.qkv,INT6__dense,FP32__dense,1.426348547717653,10.7421875,7.53125
deit_tiny_imagenetv2,0.5,8,9,repair,blocks.2.attn.proj,INT4__2to4,INT6__4to8,1.426348547717653,10.7421875,7.53125
deit_tiny_imagenetv2,0.5,8,10,repair,blocks.2.mlp.fc1,INT6__dense,FP32__dense,1.426348547717653,10.7421875,7.53125
deit_tiny_imagenetv2,0.5,8,11,repair,blocks.2.mlp.fc2,INT8__4to8,INT8__dense,1.426348547717653,10.7421875,7.53125
deit_tiny_imagenetv2,0.5,8,12,repair,blocks.3.attn.qkv,INT6__4to8,INT8__4to8,1.426348547717653,10.7421875,7.53125
deit_tiny_imagenetv2,0.5,8,13,repair,blocks.3.attn.proj,INT4__2to4,INT6__4to8,1.426348547717653,10.7421875,7.53125
deit_tiny_imagenetv2,0.5,8,14,repair,blocks.3.mlp.fc1,INT6__dense,INT8__dense,1.426348547717653,10.7421875,7.53125
deit_tiny_imagenetv2,0.5,8,15,repair,blocks.3.mlp.fc2,INT6__dense,INT8__dense,1.426348547717653,10.7421875,7.53125
deit_tiny_imagenetv2,0.5,8,16,repair,blocks.4.attn.qkv,INT6__4to8,INT6__dense,1.426348547717653,10.7421875,7.53125
deit_tiny_imagenetv2,0.5,8,17,repair,blocks.4.attn.proj,INT6__4to8,INT4__dense,1.426348547717653,10.7421875,7.53125
deit_tiny_imagenetv2,0.5,8,18,repair,blocks.4.mlp.fc1,INT8__4to8,INT6__dense,1.426348547717653,10.7421875,7.53125
deit_tiny_imagenetv2,0.5,8,19,repair,blocks.4.mlp.fc2,INT6__2to4,INT8__2to4,1.426348547717653,10.7421875,7.53125
deit_tiny_imagenetv2,0.5,8,20,repair,blocks.5.attn.qkv,INT6__2to4,INT4__dense,1.426348547717653,10.7421875,7.53125
deit_tiny_imagenetv2,0.5,8,21,repair,blocks.5.attn.proj,INT4__4to8,INT4__dense,1.426348547717653,10.7421875,7.53125
deit_tiny_imagenetv2,0.5,8,22,repair,blocks.5.mlp.fc1,INT6__dense,FP32__dense,1.426348547717653,10.7421875,7.53125
deit_tiny_imagenetv2,0.5,8,23,repair,blocks.5.mlp.fc2,INT8__4to8,INT8__dense,1.426348547717653,10.7421875,7.53125
deit_tiny_imagenetv2,0.5,8,24,repair,blocks.6.attn.qkv,INT4__dense,INT6__dense,1.426348547717653,10.7421875,7.53125
deit_tiny_imagenetv2,0.5,8,25,repair,blocks.6.attn.proj,INT4__4to8,INT4__dense,1.426348547717653,10.7421875,7.53125
deit_tiny_imagenetv2,0.5,8,26,repair,blocks.6.mlp.fc1,INT6__dense,FP32__dense,1.426348547717653,10.7421875,7.53125
deit_tiny_imagenetv2,0.5,8,27,repair,blocks.6.mlp.fc2,INT6__4to8,INT8__4to8,1.426348547717653,10.7421875,7.53125
deit_tiny_imagenetv2,0.5,8,28,repair,blocks.7.attn.qkv,INT4__dense,INT6__dense,1.426348547717653,10.7421875,7.53125
deit_tiny_imagenetv2,0.5,8,29,repair,blocks.7.attn.proj,INT6__2to4,INT4__dense,1.426348547717653,10.7421875,7.53125
deit_tiny_imagenetv2,0.5,8,30,repair,blocks.7.mlp.fc1,INT6__dense,INT8__dense,1.426348547717653,10.7421875,7.53125
deit_tiny_imagenetv2,0.5,8,31,repair,blocks.7.mlp.fc2,INT6__2to4,INT8__4to8,1.426348547717653,10.7421875,7.53125
deit_tiny_imagenetv2,0.5,8,32,repair,blocks.8.attn.qkv,INT4__4to8,INT4__dense,1.426348547717653,10.7421875,7.53125
deit_tiny_imagenetv2,0.5,8,33,repair,blocks.8.attn.proj,INT4__4to8,INT8__4to8,1.426348547717653,10.7421875,7.53125
deit_tiny_imagenetv2,0.5,8,34,repair,blocks.8.mlp.fc1,INT6__dense,INT8__dense,1.426348547717653,10.7421875,7.53125
deit_tiny_imagenetv2,0.5,8,35,repair,blocks.8.mlp.fc2,INT6__3to8,INT6__2to4,1.426348547717653,10.7421875,7.53125
deit_tiny_imagenetv2,0.5,8,36,repair,blocks.9.attn.qkv,INT6__4to8,INT4__dense,1.426348547717653,10.7421875,7.53125
deit_tiny_imagenetv2,0.5,8,37,repair,blocks.9.attn.proj,INT6__2to4,INT6__dense,1.426348547717653,10.7421875,7.53125
deit_tiny_imagenetv2,0.5,8,38,repair,blocks.9.mlp.fc1,INT6__4to8,INT8__4to8,1.426348547717653,10.7421875,7.53125
deit_tiny_imagenetv2,0.5,8,39,repair,blocks.9.mlp.fc2,INT4__3to8,INT6__2to4,1.426348547717653,10.7421875,7.53125
deit_tiny_imagenetv2,0.5,8,40,repair,blocks.10.attn.qkv,INT4__2to4,INT4__dense,1.426348547717653,10.7421875,7.53125
deit_tiny_imagenetv2,0.5,8,41,repair,blocks.10.attn.proj,INT4__4to8,INT6__3to8,1.426348547717653,10.7421875,7.53125
deit_tiny_imagenetv2,0.5,8,42,repair,blocks.10.mlp.fc1,INT6__3to8,INT6__2to4,1.426348547717653,10.7421875,7.53125
deit_tiny_imagenetv2,0.5,8,43,repair,blocks.10.mlp.fc2,INT6__3to8,INT8__3to8,1.426348547717653,10.7421875,7.53125
deit_tiny_imagenetv2,0.5,8,44,repair,blocks.11.attn.qkv,INT4__4to8,INT6__4to8,1.426348547717653,10.7421875,7.53125
deit_tiny_imagenetv2,0.5,8,45,repair,blocks.11.attn.proj,INT4__3to8,INT4__4to8,1.426348547717653,10.7421875,7.53125
deit_tiny_imagenetv2,0.5,8,46,repair,blocks.11.mlp.fc1,INT4__dense,INT6__dense,1.426348547717653,10.7421875,7.53125
deit_tiny_imagenetv2,0.5,8,47,repair,blocks.11.mlp.fc2,INT4__3to8,INT4__4to8,1.426348547717653,10.7421875,7.53125
deit_tiny_imagenetv2,0.5,9,0,repair,blocks.2.attn.proj,INT6__4to8,INT4__dense,37.4999999988,1.171875,0.03125
deit_tiny_imagenetv2,0.5,10,0,repair,blocks.8.mlp.fc2,INT6__2to4,INT8__2to4,59.3749999981,1.85546875,0.03125
deit_tiny_imagenetv2,0.5,11,0,repair,blocks.8.attn.qkv,INT4__dense,INT6__dense,6.249999999899999,0.390625,0.0625
deit_tiny_imagenetv2,0.5,12,0,repair,blocks.1.attn.qkv,INT8__4to8,INT6__dense,23.437499999624997,1.46484375,0.0625
deit_tiny_imagenetv2,0.5,13,0,repair,blocks.11.attn.qkv,INT6__4to8,INT8__4to8,3.1249999999,0.09765625,0.03125
deit_tiny_imagenetv2,0.5,14,0,repair,blocks.10.mlp.fc2,INT8__3to8,INT8__2to4,6.2499999998,0.1953125,0.03125
deit_tiny_imagenetv2,0.5,15,0,repair,blocks.11.mlp.fc2,INT4__4to8,INT4__dense,1.5624999999749998,0.09765625,0.0625
deit_tiny_imagenetv2,0.5,16,0,repair,blocks.11.mlp.fc2,INT4__dense,FP32__dense,0.22321428571403062,0.1953125,0.875
deit_tiny_imagenetv2,0.5,17,0,repair,blocks.10.attn.proj,INT6__3to8,INT6__4to8,16.666666665955557,0.390625,0.0234375
deit_tiny_imagenetv2,0.5,18,0,repair,blocks.11.mlp.fc1,INT6__dense,INT8__dense,3.1249999999499996,0.1953125,0.0625
deit_tiny_imagenetv2,0.5,19,0,repair,blocks.0.attn.qkv,INT8__dense,FP32__dense,0.25227864583331233,3.02734375,12.0
deit_tiny_imagenetv2,0.5,19,1,repair,blocks.0.attn.proj,INT8__dense,FP32__dense,0.25227864583331233,3.02734375,12.0
deit_tiny_imagenetv2,0.5,19,2,repair,blocks.1.attn.qkv,INT6__dense,FP32__dense,0.25227864583331233,3.02734375,12.0
deit_tiny_imagenetv2,0.5,19,3,repair,blocks.1.attn.proj,INT8__4to8,INT6__dense,0.25227864583331233,3.02734375,12.0
deit_tiny_imagenetv2,0.5,19,4,repair,blocks.1.mlp.fc1,INT8__dense,FP32__dense,0.25227864583331233,3.02734375,12.0
deit_tiny_imagenetv2,0.5,19,5,repair,blocks.2.attn.proj,INT4__dense,INT6__dense,0.25227864583331233,3.02734375,12.0
deit_tiny_imagenetv2,0.5,19,6,repair,blocks.2.mlp.fc2,INT8__dense,FP32__dense,0.25227864583331233,3.02734375,12.0
deit_tiny_imagenetv2,0.5,19,7,repair,blocks.3.attn.qkv,INT8__4to8,INT6__dense,0.25227864583331233,3.02734375,12.0
deit_tiny_imagenetv2,0.5,19,8,repair,blocks.3.attn.proj,INT6__4to8,INT8__4to8,0.25227864583331233,3.02734375,12.0
deit_tiny_imagenetv2,0.5,19,9,repair,blocks.3.mlp.fc1,INT8__dense,FP32__dense,0.25227864583331233,3.02734375,12.0
deit_tiny_imagenetv2,0.5,19,10,repair,blocks.3.mlp.fc2,INT8__dense,FP32__dense,0.25227864583331233,3.02734375,12.0
deit_tiny_imagenetv2,0.5,19,11,repair,blocks.4.attn.qkv,INT6__dense,FP32__dense,0.25227864583331233,3.02734375,12.0
deit_tiny_imagenetv2,0.5,19,12,repair,blocks.4.attn.proj,INT4__dense,INT6__dense,0.25227864583331233,3.02734375,12.0
deit_tiny_imagenetv2,0.5,19,13,repair,blocks.4.mlp.fc1,INT6__dense,INT8__dense,0.25227864583331233,3.02734375,12.0
deit_tiny_imagenetv2,0.5,19,14,repair,blocks.4.mlp.fc2,INT8__2to4,INT8__dense,0.25227864583331233,3.02734375,12.0
deit_tiny_imagenetv2,0.5,19,15,repair,blocks.5.attn.qkv,INT4__dense,INT6__dense,0.25227864583331233,3.02734375,12.0
deit_tiny_imagenetv2,0.5,19,16,repair,blocks.5.attn.proj,INT4__dense,INT6__dense,0.25227864583331233,3.02734375,12.0
deit_tiny_imagenetv2,0.5,19,17,repair,blocks.5.mlp.fc2,INT8__dense,FP32__dense,0.25227864583331233,3.02734375,12.0
deit_tiny_imagenetv2,0.5,19,18,repair,blocks.6.attn.qkv,INT6__dense,FP32__dense,0.25227864583331233,3.02734375,12.0
deit_tiny_imagenetv2,0.5,19,19,repair,blocks.6.attn.proj,INT4__dense,INT6__dense,0.25227864583331233,3.02734375,12.0
deit_tiny_imagenetv2,0.5,19,20,repair,blocks.6.mlp.fc2,INT8__4to8,INT8__dense,0.25227864583331233,3.02734375,12.0
deit_tiny_imagenetv2,0.5,19,21,repair,blocks.7.attn.qkv,INT6__dense,INT8__dense,0.25227864583331233,3.02734375,12.0
deit_tiny_imagenetv2,0.5,19,22,repair,blocks.7.attn.proj,INT4__dense,INT6__dense,0.25227864583331233,3.02734375,12.0
deit_tiny_imagenetv2,0.5,19,23,repair,blocks.7.mlp.fc1,INT8__dense,FP32__dense,0.25227864583331233,3.02734375,12.0
deit_tiny_imagenetv2,0.5,19,24,repair,blocks.7.mlp.fc2,INT8__4to8,INT8__dense,0.25227864583331233,3.02734375,12.0
deit_tiny_imagenetv2,0.5,19,25,repair,blocks.8.attn.qkv,INT6__dense,INT8__dense,0.25227864583331233,3.02734375,12.0
deit_tiny_imagenetv2,0.5,19,26,repair,blocks.8.attn.proj,INT8__4to8,INT6__dense,0.25227864583331233,3.02734375,12.0
deit_tiny_imagenetv2,0.5,19,27,repair,blocks.8.mlp.fc1,INT8__dense,FP32__dense,0.25227864583331233,3.02734375,12.0
deit_tiny_imagenetv2,0.5,19,28,repair,blocks.8.mlp.fc2,INT8__2to4,INT8__dense,0.25227864583331233,3.02734375,12.0
deit_tiny_imagenetv2,0.5,19,29,repair,blocks.9.attn.qkv,INT4__dense,INT6__dense,0.25227864583331233,3.02734375,12.0
deit_tiny_imagenetv2,0.5,19,30,repair,blocks.9.attn.proj,INT6__dense,INT8__dense,0.25227864583331233,3.02734375,12.0
deit_tiny_imagenetv2,0.5,19,31,repair,blocks.9.mlp.fc1,INT8__4to8,INT6__dense,0.25227864583331233,3.02734375,12.0
deit_tiny_imagenetv2,0.5,19,32,repair,blocks.9.mlp.fc2,INT6__2to4,INT8__2to4,0.25227864583331233,3.02734375,12.0
deit_tiny_imagenetv2,0.5,19,33,repair,blocks.10.attn.qkv,INT4__dense,INT6__dense,0.25227864583331233,3.02734375,12.0
deit_tiny_imagenetv2,0.5,19,34,repair,blocks.10.attn.proj,INT6__4to8,INT6__dense,0.25227864583331233,3.02734375,12.0
deit_tiny_imagenetv2,0.5,19,35,repair,blocks.10.mlp.fc1,INT6__2to4,INT8__dense,0.25227864583331233,3.02734375,12.0
deit_tiny_imagenetv2,0.5,19,36,repair,blocks.10.mlp.fc2,INT8__2to4,INT8__dense,0.25227864583331233,3.02734375,12.0
deit_tiny_imagenetv2,0.5,19,37,repair,blocks.11.attn.qkv,INT8__4to8,INT6__dense,0.25227864583331233,3.02734375,12.0
deit_tiny_imagenetv2,0.5,19,38,repair,blocks.11.attn.proj,INT4__4to8,INT4__dense,0.25227864583331233,3.02734375,12.0
deit_tiny_imagenetv2,0.5,19,39,repair,blocks.11.mlp.fc1,INT8__dense,FP32__dense,0.25227864583331233,3.02734375,12.0
deit_tiny_imagenetv2,0.5,20,0,repair,blocks.3.attn.proj,INT8__4to8,INT6__dense,15.624999999749999,0.9765625,0.0625
deit_tiny_imagenetv2,0.5,21,0,repair,blocks.9.attn.qkv,INT6__dense,INT8__dense,3.1249999999499996,0.1953125,0.0625
deit_tiny_imagenetv2,0.5,22,0,repair,blocks.10.attn.qkv,INT6__dense,INT8__dense,4.6874999999249995,0.29296875,0.0625
deit_tiny_imagenetv2,0.5,23,0,repair,blocks.6.mlp.fc2,INT8__dense,FP32__dense,0.26041666666631946,0.1953125,0.75
deit_tiny_imagenetv2,0.5,24,0,repair,blocks.1.attn.proj,INT6__dense,FP32__dense,0.02959280303030124,0.48828125,16.5
deit_tiny_imagenetv2,0.5,24,1,repair,blocks.2.attn.proj,INT6__dense,FP32__dense,0.02959280303030124,0.48828125,16.5
deit_tiny_imagenetv2,0.5,24,2,repair,blocks.3.attn.qkv,INT6__dense,FP32__dense,0.02959280303030124,0.48828125,16.5
deit_tiny_imagenetv2,0.5,24,3,repair,blocks.3.attn.proj,INT6__dense,FP32__dense,0.02959280303030124,0.48828125,16.5
deit_tiny_imagenetv2,0.5,24,4,repair,blocks.4.attn.proj,INT6__dense,FP32__dense,0.02959280303030124,0.48828125,16.5
deit_tiny_imagenetv2,0.5,24,5,repair,blocks.4.mlp.fc1,INT8__dense,FP32__dense,0.02959280303030124,0.48828125,16.5
deit_tiny_imagenetv2,0.5,24,6,repair,blocks.4.mlp.fc2,INT8__dense,FP32__dense,0.02959280303030124,0.48828125,16.5
deit_tiny_imagenetv2,0.5,24,7,repair,blocks.5.attn.qkv,INT6__dense,FP32__dense,0.02959280303030124,0.48828125,16.5
deit_tiny_imagenetv2,0.5,24,8,repair,blocks.5.attn.proj,INT6__dense,FP32__dense,0.02959280303030124,0.48828125,16.5
deit_tiny_imagenetv2,0.5,24,9,repair,blocks.6.attn.proj,INT6__dense,FP32__dense,0.02959280303030124,0.48828125,16.5
deit_tiny_imagenetv2,0.5,24,10,repair,blocks.7.attn.qkv,INT8__dense,FP32__dense,0.02959280303030124,0.48828125,16.5
deit_tiny_imagenetv2,0.5,24,11,repair,blocks.7.attn.proj,INT6__dense,FP32__dense,0.02959280303030124,0.48828125,16.5
deit_tiny_imagenetv2,0.5,24,12,repair,blocks.7.mlp.fc2,INT8__dense,FP32__dense,0.02959280303030124,0.48828125,16.5
deit_tiny_imagenetv2,0.5,24,13,repair,blocks.8.attn.qkv,INT8__dense,FP32__dense,0.02959280303030124,0.48828125,16.5
deit_tiny_imagenetv2,0.5,24,14,repair,blocks.8.attn.proj,INT6__dense,INT8__dense,0.02959280303030124,0.48828125,16.5
deit_tiny_imagenetv2,0.5,24,15,repair,blocks.8.mlp.fc2,INT8__dense,FP32__dense,0.02959280303030124,0.48828125,16.5
deit_tiny_imagenetv2,0.5,24,16,repair,blocks.9.attn.qkv,INT8__dense,FP32__dense,0.02959280303030124,0.48828125,16.5
deit_tiny_imagenetv2,0.5,24,17,repair,blocks.9.attn.proj,INT8__dense,FP32__dense,0.02959280303030124,0.48828125,16.5
deit_tiny_imagenetv2,0.5,24,18,repair,blocks.9.mlp.fc1,INT6__dense,INT8__dense,0.02959280303030124,0.48828125,16.5
deit_tiny_imagenetv2,0.5,24,19,repair,blocks.9.mlp.fc2,INT8__2to4,FP32__2to4,0.02959280303030124,0.48828125,16.5
deit_tiny_imagenetv2,0.5,24,20,repair,blocks.10.attn.qkv,INT8__dense,FP32__dense,0.02959280303030124,0.48828125,16.5
deit_tiny_imagenetv2,0.5,24,21,repair,blocks.10.attn.proj,INT6__dense,FP32__dense,0.02959280303030124,0.48828125,16.5
deit_tiny_imagenetv2,0.5,24,22,repair,blocks.10.mlp.fc1,INT8__dense,FP32__2to4,0.02959280303030124,0.48828125,16.5
deit_tiny_imagenetv2,0.5,24,23,repair,blocks.10.mlp.fc2,INT8__dense,FP32__dense,0.02959280303030124,0.48828125,16.5
deit_tiny_imagenetv2,0.5,24,24,repair,blocks.11.attn.qkv,INT6__dense,INT8__dense,0.02959280303030124,0.48828125,16.5
deit_tiny_imagenetv2,0.5,24,25,repair,blocks.11.attn.proj,INT4__dense,INT6__dense,0.02959280303030124,0.48828125,16.5
deit_tiny_imagenetv2,0.5,25,0,energy-reclamation,blocks.2.attn.qkv,FP32__dense,INT6__dense,812500000000.0,0.29296875,-0.8125
deit_tiny_imagenetv2,0.5,26,0,energy-reclamation,blocks.4.mlp.fc1,FP32__dense,INT8__dense,750000000000.0,0.09765625,-0.75
deit_tiny_imagenetv2,0.5,27,0,energy-reclamation,blocks.11.mlp.fc1,FP32__dense,INT8__dense,7.679999999921356,-0.09765625,-0.75
deit_tiny_imagenetv2,0.5,28,0,energy-reclamation,blocks.1.attn.qkv,FP32__dense,INT6__dense,812500000000.0,-0.0,-0.8125
deit_tiny_imagenetv2,0.5,29,0,energy-reclamation,blocks.5.attn.qkv,FP32__dense,INT6__dense,812500000000.0,-0.0,-0.8125
deit_tiny_imagenetv2,0.5,30,0,energy-reclamation,blocks.7.attn.proj,FP32__dense,INT6__dense,812500000000.0,0.09765625,-0.8125
deit_tiny_imagenetv2,0.5,31,0,energy-reclamation,blocks.8.mlp.fc1,FP32__dense,INT8__dense,750000000000.0,0.29296875,-0.75
deit_tiny_imagenetv2,0.5,32,0,energy-reclamation,blocks.6.mlp.fc2,FP32__dense,INT8__dense,750000000000.0,-0.0,-0.75
deit_tiny_imagenetv2,0.5,33,0,energy-reclamation,blocks.8.attn.qkv,FP32__dense,INT8__dense,750000000000.0,0.09765625,-0.75
deit_tiny_imagenetv2,0.5,34,0,energy-reclamation,blocks.7.attn.qkv,FP32__dense,INT8__dense,750000000000.0,-0.0,-0.75
deit_tiny_imagenetv2,0.5,35,0,energy-reclamation,blocks.10.attn.qkv,FP32__dense,INT8__dense,7.679999999921356,-0.09765625,-0.75
deit_tiny_imagenetv2,0.5,36,0,energy-reclamation,blocks.7.mlp.fc1,FP32__dense,INT8__dense,3.839999999980339,-0.1953125,-0.75
deit_tiny_imagenetv2,0.5,37,0,energy-reclamation,blocks.10.attn.proj,FP32__dense,INT6__dense,812500000000.0,-0.0,-0.8125
deit_tiny_imagenetv2,0.5,38,0,energy-reclamation,blocks.10.mlp.fc2,FP32__dense,INT8__dense,750000000000.0,-0.0,-0.75
deit_tiny_imagenetv2,0.5,39,0,energy-reclamation,blocks.9.attn.proj,FP32__dense,INT8__dense,750000000000.0,-0.0,-0.75
deit_tiny_imagenetv2,0.5,40,0,energy-reclamation,blocks.2.mlp.fc2,FP32__dense,INT8__dense,3.839999999980339,-0.1953125,-0.75
deit_tiny_imagenetv2,0.5,41,0,energy-reclamation,blocks.2.mlp.fc1,FP32__dense,INT6__dense,812500000000.0,-0.0,-0.8125
deit_tiny_imagenetv2,0.5,42,0,energy-reclamation,blocks.8.attn.proj,INT8__dense,INT6__dense,62500000000.0,0.09765625,-0.0625
deit_tiny_imagenetv2,0.5,43,0,energy-reclamation,blocks.8.mlp.fc1,INT8__dense,INT6__dense,62500000000.0,-0.0,-0.0625
deit_tiny_imagenetv2,0.5,44,0,energy-reclamation,blocks.11.mlp.fc1,INT8__dense,INT6__dense,62500000000.0,0.09765625,-0.0625
deit_tiny_imagenetv2,0.5,45,0,energy-reclamation,blocks.9.attn.qkv,FP32__dense,INT8__dense,2.559999999991262,-0.29296875,-0.75
deit_tiny_imagenetv2,0.5,46,0,energy-reclamation,blocks.9.mlp.fc1,INT8__dense,INT6__dense,62500000000.0,0.1953125,-0.0625
deit_tiny_imagenetv2,0.5,47,0,energy-reclamation,blocks.10.attn.qkv,INT8__dense,INT6__dense,62500000000.0,-0.0,-0.0625
deit_tiny_imagenetv2,0.5,48,0,energy-reclamation,blocks.4.attn.proj,FP32__dense,INT6__dense,812500000000.0,0.09765625,-0.8125
deit_tiny_imagenetv2,0.5,49,0,energy-reclamation,blocks.11.attn.qkv,INT8__dense,INT6__dense,62500000000.0,0.1953125,-0.0625
deit_tiny_imagenetv2,0.5,50,0,energy-reclamation,blocks.4.mlp.fc2,FP32__dense,INT8__dense,1.919999999995085,-0.390625,-0.75
deit_tiny_imagenetv2,0.5,51,0,energy-reclamation,blocks.6.attn.proj,FP32__dense,INT6__dense,4.159999999978701,-0.1953125,-0.8125
deit_tiny_imagenetv2,0.5,52,0,energy-reclamation,blocks.7.mlp.fc2,FP32__dense,INT8__dense,750000000000.0,0.29296875,-0.75
deit_tiny_imagenetv2,0.5,53,0,energy-reclamation,blocks.8.attn.qkv,INT8__dense,INT6__dense,62500000000.0,-0.0,-0.0625
deit_tiny_imagenetv2,0.5,54,0,energy-reclamation,blocks.10.mlp.fc1,FP32__2to4,INT8__dense,250000000000.0,-0.0,-0.25
deit_tiny_imagenetv2,0.5,55,0,energy-reclamation,blocks.11.mlp.fc2,FP32__dense,INT4__dense,875000000000.0,0.29296875,-0.875
deit_tiny_imagenetv2,0.5,56,0,energy-reclamation,blocks.9.mlp.fc2,FP32__2to4,INT8__2to4,1.9199999999901696,-0.1953125,-0.375
deit_tiny_imagenetv2,0.5,57,0,energy-reclamation,blocks.3.mlp.fc1,FP32__dense,INT8__dense,1.919999999995085,-0.390625,-0.75
deit_tiny_imagenetv2,0.5,58,0,energy-reclamation,blocks.7.attn.proj,INT6__dense,INT4__dense,62500000000.0,0.29296875,-0.0625
deit_tiny_imagenetv2,0.5,59,0,energy-reclamation,blocks.11.attn.proj,INT6__dense,INT4__dense,62500000000.0,0.1953125,-0.0625
deit_tiny_imagenetv2,0.5,60,0,energy-reclamation,blocks.6.attn.qkv,FP32__dense,INT6__dense,1.0399999999986689,-0.78125,-0.8125
deit_tiny_imagenetv2,0.5,61,0,energy-reclamation,blocks.8.mlp.fc2,FP32__dense,INT8__dense,750000000000.0,-0.0,-0.75
deit_tiny_imagenetv2,0.5,62,0,energy-reclamation,blocks.5.mlp.fc2,FP32__dense,INT8__dense,750000000000.0,-0.0,-0.75
deit_tiny_imagenetv2,0.5,63,0,energy-reclamation,blocks.8.attn.qkv,INT6__dense,INT4__dense,62500000000.0,-0.0,-0.0625
deit_tiny_imagenetv2,0.5,64,0,energy-reclamation,blocks.10.mlp.fc1,INT8__dense,INT6__2to4,156250000000.0,0.48828125,-0.15625
deit_tiny_imagenetv2,0.5,65,0,energy-reclamation,blocks.11.mlp.fc2,INT4__dense,INT4__4to8,62500000000.0,0.09765625,-0.0625
deit_tiny_imagenetv2,0.5,66,0,energy-reclamation,blocks.11.attn.proj,INT4__dense,INT4__4to8,0.6399999999934464,-0.09765625,-0.0625
deit_tiny_imagenetv2,0.5,67,0,energy-reclamation,blocks.11.attn.proj,INT4__4to8,INT4__3to8,15625000000.0,-0.0,-0.015625
deit_tiny_imagenetv2,0.5,68,0,energy-reclamation,blocks.11.mlp.fc1,INT6__dense,INT4__dense,0.21333333333260518,-0.29296875,-0.0625
deit_tiny_imagenetv2,0.5,69,0,energy-reclamation,blocks.10.attn.proj,INT6__dense,INT6__4to8,0.4799999999975424,-0.1953125,-0.09375
deit_tiny_imagenetv2,0.5,70,0,energy-reclamation,blocks.9.mlp.fc1,INT6__dense,INT8__4to8,0.6399999999934464,-0.09765625,-0.0625
deit_tiny_imagenetv2,1.0,0,0,repair,blocks.1.attn.proj,INT4__4to8,INT6__3to8,312.49999995999997,2.44140625,0.0078125
deit_tiny_imagenetv2,1.0,1,0,repair,blocks.11.mlp.fc1,INT4__3to8,INT4__4to8,24.999999998400003,0.390625,0.015625
deit_tiny_imagenetv2,1.0,2,0,repair,blocks.7.mlp.fc1,INT4__dense,INT6__dense,1.5624999999749998,0.09765625,0.0625
deit_tiny_imagenetv2,1.0,3,0,repair,blocks.4.attn.qkv,INT4__3to8,INT4__4to8,87.49999999440001,1.3671875,0.015625
deit_tiny_imagenetv2,1.0,4,0,repair,blocks.7.attn.qkv,INT4__3to8,INT4__4to8,49.99999999680001,0.78125,0.015625
deit_tiny_imagenetv2,1.0,5,0,repair,blocks.8.attn.qkv,INT4__3to8,INT4__4to8,68.7499999956,1.07421875,0.015625
deit_tiny_imagenetv2,1.0,6,0,repair,blocks.10.attn.proj,INT4__3to8,INT4__4to8,37.4999999976,0.5859375,0.015625
deit_tiny_imagenetv2,1.0,7,0,repair,blocks.11.attn.qkv,INT4__3to8,INT4__4to8,24.999999998400003,0.390625,0.015625
deit_tiny_imagenetv2,1.0,8,0,repair,blocks.8.attn.qkv,INT4__4to8,INT4__dense,21.874999999649997,1.3671875,0.0625
deit_tiny_imagenetv2,1.0,9,0,repair,blocks.6.mlp.fc1,INT4__dense,INT6__dense,13.636363636204958,1.171875,0.0859375
deit_tiny_imagenetv2,1.0,9,1,repair,blocks.9.attn.proj,INT4__3to8,INT6__3to8,13.636363636204958,1.171875,0.0859375
deit_tiny_imagenetv2,1.0,10,0,repair,blocks.11.attn.qkv,INT4__4to8,INT6__4to8,3.1249999999,0.09765625,0.03125
deit_tiny_imagenetv2,1.0,11,0,repair,blocks.11.mlp.fc2,INT4__3to8,INT4__4to8,6.249999999600001,0.09765625,0.015625
deit_tiny_imagenetv2,1.0,12,0,repair,blocks.11.attn.qkv,INT6__4to8,INT8__4to8,3.1249999999,0.09765625,0.03125
deit_tiny_imagenetv2,1.0,13,0,repair,blocks.11.attn.qkv,INT8__4to8,INT6__dense,3.1249999999499996,0.1953125,0.0625
deit_tiny_imagenetv2,1.0,14,0,repair,blocks.11.attn.proj,INT4__3to8,INT4__4to8,18.7499999988,0.29296875,0.015625
deit_tiny_imagenetv2,1.0,15,0,repair,blocks.6.mlp.fc2,INT6__3to8,INT6__4to8,29.166666665422223,0.68359375,0.0234375
deit_tiny_imagenetv2,1.0,16,0,repair,blocks.3.attn.qkv,INT4__3to8,INT4__4to8,49.99999999680001,0.78125,0.015625
deit_tiny_imagenetv2,1.0,17,0,repair,blocks.7.attn.proj,INT4__3to8,INT4__2to4,18.7499999988,0.29296875,0.015625
deit_tiny_imagenetv2,1.0,18,0,repair,blocks.8.attn.proj,INT4__3to8,INT4__4to8,31.249999998000003,0.48828125,0.015625
deit_tiny_imagenetv2,1.0,19,0,repair,blocks.7.attn.proj,INT4__2to4,INT6__2to4,18.7499999994,0.5859375,0.03125
deit_tiny_imagenetv2,1.0,20,0,repair,blocks.8.attn.proj,INT4__4to8,INT8__4to8,7.8124999998749995,0.48828125,0.0625
deit_tiny_imagenetv2,1.0,21,0,repair,blocks.6.mlp.fc2,INT6__4to8,INT8__4to8,12.4999999996,0.390625,0.03125
deit_tiny_imagenetv2,1.0,22,0,repair,blocks.6.attn.qkv,INT4__2to4,INT6__2to4,15.6249999995,0.48828125,0.03125
deit_tiny_imagenetv2,1.0,23,0,repair,blocks.10.mlp.fc1,INT4__3to8,INT4__2to4,18.7499999988,0.29296875,0.015625
deit_tiny_imagenetv2,1.0,24,0,repair,blocks.11.mlp.fc1,INT4__4to8,INT4__dense,1.5624999999749998,0.09765625,0.0625
deit_tiny_imagenetv2,1.0,25,0,repair,blocks.11.mlp.fc1,INT4__dense,INT6__dense,1.5624999999749998,0.09765625,0.0625
deit_tiny_imagenetv2,1.0,26,0,repair,blocks.11.attn.qkv,INT6__dense,INT8__dense,0.78124999999375,0.09765625,0.125
deit_tiny_imagenetv2,1.0,26,1,repair,blocks.11.mlp.fc2,INT4__4to8,INT4__dense,0.78124999999375,0.09765625,0.125
deit_tiny_imagenetv2,1.0,27,0,repair,blocks.11.attn.qkv,INT8__dense,FP32__dense,0.24038461538431954,0.1953125,0.8125
deit_tiny_imagenetv2,1.0,27,1,repair,blocks.7.attn.qkv,INT4__4to8,INT4__dense,0.24038461538431954,0.1953125,0.8125
deit_tiny_imagenetv2,1.0,28,0,repair,blocks.0.attn.qkv,INT6__4to8,INT8__4to8,6.2499999998,0.1953125,0.03125
deit_tiny_imagenetv2,1.0,29,0,repair,blocks.1.attn.proj,INT6__3to8,INT6__4to8,62.49999999733334,1.46484375,0.0234375
deit_tiny_imagenetv2,1.0,30,0,repair,blocks.8.attn.proj,INT8__4to8,INT6__dense,4.6874999999249995,0.29296875,0.0625
deit_tiny_imagenetv2,1.0,31,0,repair,blocks.11.attn.proj,INT4__4to8,INT4__dense,1.5624999999749998,0.09765625,0.0625
deit_tiny_imagenetv2,1.0,32,0,repair,blocks.10.mlp.fc1,INT4__2to4,INT6__3to8,62.499999992,0.48828125,0.0078125
deit_tiny_imagenetv2,1.0,33,0,repair,blocks.9.attn.proj,INT6__3to8,INT6__2to4,8.333333332977778,0.1953125,0.0234375
deit_tiny_imagenetv2,1.0,34,0,repair,blocks.1.mlp.fc2,INT8__4to8,INT8__dense,3.1249999999875,0.78125,0.25
deit_tiny_imagenetv2,1.0,34,1,repair,blocks.6.mlp.fc2,INT8__4to8,INT8__dense,3.1249999999875,0.78125,0.25
deit_tiny_imagenetv2,1.0,35,0,repair,blocks.2.mlp.fc2,INT6__4to8,INT8__4to8,12.4999999996,0.390625,0.03125
deit_tiny_imagenetv2,1.0,36,0,repair,blocks.7.mlp.fc2,INT6__3to8,INT6__2to4,37.4999999984,0.87890625,0.0234375
deit_tiny_imagenetv2,1.0,37,0,repair,blocks.8.attn.qkv,INT4__dense,INT6__dense,18.749999999699998,1.171875,0.0625
deit_tiny_imagenetv2,1.0,38,0,repair,blocks.11.attn.proj,INT4__dense,INT6__dense,1.5624999999749998,0.09765625,0.0625
deit_tiny_imagenetv2,1.0,39,0,repair,blocks.8.mlp.fc1,INT6__4to8,INT8__4to8,43.7499999986,1.3671875,0.03125
deit_tiny_imagenetv2,1.0,40,0,repair,blocks.0.attn.qkv,INT8__4to8,INT6__dense,1.6134751773046716,8.88671875,5.5078125
deit_tiny_imagenetv2,1.0,40,1,repair,blocks.0.attn.proj,INT8__4to8,INT6__dense,1.6134751773046716,8.88671875,5.5078125
deit_tiny_imagenetv2,1.0,40,2,repair,blocks.0.mlp.fc1,INT6__dense,INT8__dense,1.6134751773046716,8.88671875,5.5078125
deit_tiny_imagenetv2,1.0,40,3,repair,blocks.0.mlp.fc2,INT8__dense,FP32__dense,1.6134751773046716,8.88671875,5.5078125
deit_tiny_imagenetv2,1.0,40,4,repair,blocks.1.attn.qkv,INT4__4to8,INT6__4to8,1.6134751773046716,8.88671875,5.5078125
deit_tiny_imagenetv2,1.0,40,5,repair,blocks.1.attn.proj,INT6__4to8,INT8__4to8,1.6134751773046716,8.88671875,5.5078125
deit_tiny_imagenetv2,1.0,40,6,repair,blocks.1.mlp.fc1,INT6__4to8,INT8__4to8,1.6134751773046716,8.88671875,5.5078125
deit_tiny_imagenetv2,1.0,40,7,repair,blocks.1.mlp.fc2,INT8__dense,FP32__dense,1.6134751773046716,8.88671875,5.5078125
deit_tiny_imagenetv2,1.0,40,8,repair,blocks.2.attn.qkv,INT4__4to8,INT6__4to8,1.6134751773046716,8.88671875,5.5078125
deit_tiny_imagenetv2,1.0,40,9,repair,blocks.2.attn.proj,INT4__3to8,INT4__2to4,1.6134751773046716,8.88671875,5.5078125
deit_tiny_imagenetv2,1.0,40,10,repair,blocks.2.mlp.fc1,INT6__4to8,INT4__dense,1.6134751773046716,8.88671875,5.5078125
deit_tiny_imagenetv2,1.0,40,11,repair,blocks.2.mlp.fc2,INT8__4to8,INT8__dense,1.6134751773046716,8.88671875,5.5078125
deit_tiny_imagenetv2,1.0,40,12,repair,blocks.3.attn.qkv,INT4__4to8,INT6__4to8,1.6134751773046716,8.88671875,5.5078125
deit_tiny_imagenetv2,1.0,40,13,repair,blocks.3.attn.proj,INT4__3to8,INT4__2to4,1.6134751773046716,8.88671875,5.5078125
deit_tiny_imagenetv2,1.0,40,14,repair,blocks.3.mlp.fc1,INT6__4to8,INT8__4to8,1.6134751773046716,8.88671875,5.5078125
deit_tiny_imagenetv2,1.0,40,15,repair,blocks.3.mlp.fc2,INT6__4to8,INT8__4to8,1.6134751773046716,8.88671875,5.5078125
deit_tiny_imagenetv2,1.0,40,16,repair,blocks.4.attn.qkv,INT4__4to8,INT6__4to8,1.6134751773046716,8.88671875,5.5078125
deit_tiny_imagenetv2,1.0,40,17,repair,blocks.4.attn.proj,INT4__3to8,INT4__4to8,1.6134751773046716,8.88671875,5.5078125
deit_tiny_imagenetv2,1.0,40,18,repair,blocks.4.mlp.fc1,INT6__4to8,INT8__4to8,1.6134751773046716,8.88671875,5.5078125
deit_tiny_imagenetv2,1.0,40,19,repair,blocks.4.mlp.fc2,INT6__3to8,INT6__2to4,1.6134751773046716,8.88671875,5.5078125
deit_tiny_imagenetv2,1.0,40,20,repair,blocks.5.attn.qkv,INT4__3to8,INT4__2to4,1.6134751773046716,8.88671875,5.5078125
deit_tiny_imagenetv2,1.0,40,21,repair,blocks.5.attn.proj,INT4__3to8,INT4__4to8,1.6134751773046716,8.88671875,5.5078125
deit_tiny_imagenetv2,1.0,40,22,repair,blocks.5.mlp.fc1,INT6__4to8,INT4__dense,1.6134751773046716,8.88671875,5.5078125
deit_tiny_imagenetv2,1.0,40,23,repair,blocks.5.mlp.fc2,INT6__3to8,INT8__3to8,1.6134751773046716,8.88671875,5.5078125
deit_tiny_imagenetv2,1.0,40,24,repair,blocks.6.attn.qkv,INT6__2to4,INT4__dense,1.6134751773046716,8.88671875,5.5078125
deit_tiny_imagenetv2,1.0,40,25,repair,blocks.6.attn.proj,INT4__3to8,INT4__4to8,1.6134751773046716,8.88671875,5.5078125
deit_tiny_imagenetv2,1.0,40,26,repair,blocks.6.mlp.fc1,INT6__dense,FP32__dense,1.6134751773046716,8.88671875,5.5078125
deit_tiny_imagenetv2,1.0,40,27,repair,blocks.6.mlp.fc2,INT8__dense,FP32__dense,1.6134751773046716,8.88671875,5.5078125
deit_tiny_imagenetv2,1.0,40,28,repair,blocks.7.attn.qkv,INT4__dense,INT6__dense,1.6134751773046716,8.88671875,5.5078125
deit_tiny_imagenetv2,1.0,40,29,repair,blocks.7.attn.proj,INT6__2to4,INT4__dense,1.6134751773046716,8.88671875,5.5078125
deit_tiny_imagenetv2,1.0,40,30,repair,blocks.7.mlp.fc1,INT6__dense,INT8__dense,1.6134751773046716,8.88671875,5.5078125
deit_tiny_imagenetv2,1.0,40,31,repair,blocks.7.mlp.fc2,INT6__2to4,INT8__4to8,1.6134751773046716,8.88671875,5.5078125
deit_tiny_imagenetv2,1.0,40,32,repair,blocks.8.attn.qkv,INT6__dense,INT8__dense,1.6134751773046716,8.88671875,5.5078125
deit_tiny_imagenetv2,1.0,40,33,repair,blocks.8.attn.proj,INT6__dense,INT8__dense,1.6134751773046716,8.88671875,5.5078125
deit_tiny_imagenetv2,1.0,40,34,repair,blocks.8.mlp.fc1,INT8__4to8,INT6__dense,1.6134751773046716,8.88671875,5.5078125
deit_tiny_imagenetv2,1.0,40,35,repair,blocks.8.mlp.fc2,INT4__3to8,INT4__4to8,1.6134751773046716,8.88671875,5.5078125
deit_tiny_imagenetv2,1.0,40,36,repair,blocks.9.attn.qkv,INT4__3to8,INT4__4to8,1.6134751773046716,8.88671875,5.5078125
deit_tiny_imagenetv2,1.0,40,37,repair,blocks.9.attn.proj,INT6__2to4,INT6__dense,1.6134751773046716,8.88671875,5.5078125
deit_tiny_imagenetv2,1.0,40,38,repair,blocks.9.mlp.fc1,INT4__4to8,INT6__3to8,1.6134751773046716,8.88671875,5.5078125
deit_tiny_imagenetv2,1.0,40,39,repair,blocks.9.mlp.fc2,INT4__3to8,INT6__2to4,1.6134751773046716,8.88671875,5.5078125
deit_tiny_imagenetv2,1.0,40,40,repair,blocks.10.attn.qkv,INT4__3to8,INT4__2to4,1.6134751773046716,8.88671875,5.5078125
deit_tiny_imagenetv2,1.0,40,41,repair,blocks.10.attn.proj,INT4__4to8,INT6__3to8,1.6134751773046716,8.88671875,5.5078125
deit_tiny_imagenetv2,1.0,40,42,repair,blocks.10.mlp.fc1,INT6__3to8,INT6__2to4,1.6134751773046716,8.88671875,5.5078125
deit_tiny_imagenetv2,1.0,40,43,repair,blocks.10.mlp.fc2,INT4__3to8,INT4__2to4,1.6134751773046716,8.88671875,5.5078125
deit_tiny_imagenetv2,1.0,40,44,repair,blocks.11.attn.proj,INT6__dense,INT8__dense,1.6134751773046716,8.88671875,5.5078125
deit_tiny_imagenetv2,1.0,40,45,repair,blocks.11.mlp.fc1,INT6__dense,INT8__dense,1.6134751773046716,8.88671875,5.5078125
deit_tiny_imagenetv2,1.0,40,46,repair,blocks.11.mlp.fc2,INT4__dense,FP32__dense,1.6134751773046716,8.88671875,5.5078125
deit_tiny_imagenetv2,1.0,41,0,repair,blocks.8.mlp.fc2,INT4__4to8,INT6__3to8,224.9999999712,1.7578125,0.0078125
deit_tiny_imagenetv2,1.0,42,0,repair,blocks.10.mlp.fc2,INT4__2to4,INT6__3to8,49.9999999936,0.390625,0.0078125
deit_tiny_imagenetv2,1.0,43,0,repair,blocks.6.attn.proj,INT4__4to8,INT4__dense,28.12499999955,1.7578125,0.0625
deit_tiny_imagenetv2,1.0,44,0,repair,blocks.9.attn.proj,INT6__dense,INT8__dense,3.1249999999499996,0.1953125,0.0625
deit_tiny_imagenetv2,1.0,45,0,repair,blocks.10.mlp.fc2,INT6__3to8,INT8__3to8,16.666666665955557,0.390625,0.0234375
deit_tiny_imagenetv2,1.0,46,0,repair,blocks.10.attn.proj,INT6__3to8,INT6__4to8,8.333333332977778,0.1953125,0.0234375
deit_tiny_imagenetv2,1.0,47,0,repair,blocks.10.attn.qkv,INT4__2to4,INT4__dense,3.1249999999499996,0.1953125,0.0625
deit_tiny_imagenetv2,1.0,48,0,repair,blocks.10.mlp.fc2,INT8__3to8,INT8__2to4,12.4999999996,0.390625,0.03125
deit_tiny_imagenetv2,1.0,49,0,repair,blocks.10.mlp.fc1,INT6__2to4,INT8__dense,4.999999999968,0.78125,0.15625
deit_tiny_imagenetv2,1.0,50,0,repair,blocks.11.mlp.fc1,INT8__dense,FP32__dense,0.13020833333315973,0.09765625,0.75
deit_tiny_imagenetv2,1.0,51,0,repair,blocks.0.attn.qkv,INT6__dense,INT8__dense,1.3785790031811491,10.15625,7.3671875
deit_tiny_imagenetv2,1.0,51,1,repair,blocks.0.attn.proj,INT6__dense,INT8__dense,1.3785790031811491,10.15625,7.3671875
deit_tiny_imagenetv2,1.0,51,2,repair,blocks.0.mlp.fc1,INT8__dense,FP32__dense,1.3785790031811491,10.15625,7.3671875
deit_tiny_imagenetv2,1.0,51,3,repair,blocks.1.attn.qkv,INT6__4to8,INT8__4to8,1.3785790031811491,10.15625,7.3671875
deit_tiny_imagenetv2,1.0,51,4,repair,blocks.1.attn.proj,INT8__4to8,INT6__dense,1.3785790031811491,10.15625,7.3671875
deit_tiny_imagenetv2,1.0,51,5,repair,blocks.1.mlp.fc1,INT8__4to8,INT6__dense,1.3785790031811491,10.15625,7.3671875
deit_tiny_imagenetv2,1.0,51,6,repair,blocks.2.attn.qkv,INT6__4to8,INT6__dense,1.3785790031811491,10.15625,7.3671875
deit_tiny_imagenetv2,1.0,51,7,repair,blocks.2.attn.proj,INT4__2to4,INT6__4to8,1.3785790031811491,10.15625,7.3671875
deit_tiny_imagenetv2,1.0,51,8,repair,blocks.2.mlp.fc1,INT4__dense,INT6__dense,1.3785790031811491,10.15625,7.3671875
deit_tiny_imagenetv2,1.0,51,9,repair,blocks.2.mlp.fc2,INT8__dense,FP32__dense,1.3785790031811491,10.15625,7.3671875
deit_tiny_imagenetv2,1.0,51,10,repair,blocks.3.attn.qkv,INT6__4to8,INT8__4to8,1.3785790031811491,10.15625,7.3671875
deit_tiny_imagenetv2,1.0,51,11,repair,blocks.3.attn.proj,INT4__2to4,INT6__4to8,1.3785790031811491,10.15625,7.3671875
deit_tiny_imagenetv2,1.0,51,12,repair,blocks.3.mlp.fc1,INT8__4to8,INT6__dense,1.3785790031811491,10.15625,7.3671875
deit_tiny_imagenetv2,1.0,51,13,repair,blocks.3.mlp.fc2,INT8__4to8,INT6__dense,1.3785790031811491,10.15625,7.3671875
deit_tiny_imagenetv2,1.0,51,14,repair,blocks.4.attn.qkv,INT6__4to8,INT6__dense,1.3785790031811491,10.15625,7.3671875
deit_tiny_imagenetv2,1.0,51,15,repair,blocks.4.attn.proj,INT4__4to8,INT6__4to8,1.3785790031811491,10.15625,7.3671875
deit_tiny_imagenetv2,1.0,51,16,repair,blocks.4.mlp.fc1,INT8__4to8,INT6__dense,1.3785790031811491,10.15625,7.3671875
deit_tiny_imagenetv2,1.0,51,17,repair,blocks.4.mlp.fc2,INT6__2to4,INT8__2to4,1.3785790031811491,10.15625,7.3671875
deit_tiny_imagenetv2,1.0,51,18,repair,blocks.5.attn.qkv,INT4__2to4,INT6__2to4,1.3785790031811491,10.15625,7.3671875
deit_tiny_imagenetv2,1.0,51,19,repair,blocks.5.attn.proj,INT4__4to8,INT4__dense,1.3785790031811491,10.15625,7.3671875
deit_tiny_imagenetv2,1.0,51,20,repair,blocks.5.mlp.fc1,INT4__dense,INT6__dense,1.3785790031811491,10.15625,7.3671875
deit_tiny_imagenetv2,1.0,51,21,repair,blocks.5.mlp.fc2,INT8__3to8,INT8__4to8,1.3785790031811491,10.15625,7.3671875
deit_tiny_imagenetv2,1.0,51,22,repair,blocks.6.attn.qkv,INT4__dense,INT6__dense,1.3785790031811491,10.15625,7.3671875
deit_tiny_imagenetv2,1.0,51,23,repair,blocks.6.attn.proj,INT4__dense,INT6__dense,1.3785790031811491,10.15625,7.3671875
deit_tiny_imagenetv2,1.0,51,24,repair,blocks.7.attn.qkv,INT6__dense,INT8__dense,1.3785790031811491,10.15625,7.3671875
deit_tiny_imagenetv2,1.0,51,25,repair,blocks.7.attn.proj,INT4__dense,INT6__dense,1.3785790031811491,10.15625,7.3671875
deit_tiny_imagenetv2,1.0,51,26,repair,blocks.7.mlp.fc1,INT8__dense,FP32__dense,1.3785790031811491,10.15625,7.3671875
deit_tiny_imagenetv2,1.0,51,27,repair,blocks.7.mlp.fc2,INT8__4to8,INT8__dense,1.3785790031811491,10.15625,7.3671875
deit_tiny_imagenetv2,1.0,51,28,repair,blocks.8.attn.qkv,INT8__dense,FP32__dense,1.3785790031811491,10.15625,7.3671875
deit_tiny_imagenetv2,1.0,51,29,repair,blocks.8.attn.proj,INT8__dense,FP32__dense,1.3785790031811491,10.15625,7.3671875
deit_tiny_imagenetv2,1.0,51,30,repair,blocks.8.mlp.fc1,INT6__dense,INT8__dense,1.3785790031811491,10.15625,7.3671875
deit_tiny_imagenetv2,1.0,51,31,repair,blocks.8.mlp.fc2,INT6__3to8,INT6__2to4,1.3785790031811491,10.15625,7.3671875
deit_tiny_imagenetv2,1.0,51,32,repair,blocks.9.attn.qkv,INT4__4to8,INT6__3to8,1.3785790031811491,10.15625,7.3671875
deit_tiny_imagenetv2,1.0,51,33,repair,blocks.9.attn.proj,INT8__dense,FP32__dense,1.3785790031811491,10.15625,7.3671875
deit_tiny_imagenetv2,1.0,51,34,repair,blocks.9.mlp.fc1,INT6__3to8,INT6__4to8,1.3785790031811491,10.15625,7.3671875
deit_tiny_imagenetv2,1.0,51,35,repair,blocks.9.mlp.fc2,INT6__2to4,INT8__2to4,1.3785790031811491,10.15625,7.3671875
deit_tiny_imagenetv2,1.0,51,36,repair,blocks.10.attn.qkv,INT4__dense,INT6__dense,1.3785790031811491,10.15625,7.3671875
deit_tiny_imagenetv2,1.0,51,37,repair,blocks.10.attn.proj,INT6__4to8,INT6__dense,1.3785790031811491,10.15625,7.3671875
deit_tiny_imagenetv2,1.0,51,38,repair,blocks.10.mlp.fc1,INT8__dense,FP32__2to4,1.3785790031811491,10.15625,7.3671875
deit_tiny_imagenetv2,1.0,51,39,repair,blocks.10.mlp.fc2,INT8__2to4,INT8__dense,1.3785790031811491,10.15625,7.3671875
deit_tiny_imagenetv2,1.0,51,40,repair,blocks.11.attn.proj,INT8__dense,FP32__dense,1.3785790031811491,10.15625,7.3671875
deit_tiny_imagenetv2,1.0,52,0,repair,blocks.2.attn.proj,INT6__4to8,INT4__dense,49.9999999984,1.5625,0.03125
deit_tiny_imagenetv2,1.0,53,0,repair,blocks.8.mlp.fc2,INT6__2to4,INT8__2to4,28.1249999991,0.87890625,0.03125
deit_tiny_imagenetv2,1.0,54,0,repair,blocks.4.attn.proj,INT6__4to8,INT4__dense,6.2499999998,0.1953125,0.03125
deit_tiny_imagenetv2,1.0,55,0,repair,blocks.4.mlp.fc2,INT8__2to4,INT8__dense,8.59374999993125,1.07421875,0.125
deit_tiny_imagenetv2,1.0,56,0,repair,blocks.9.attn.qkv,INT6__3to8,INT6__4to8,16.666666665955557,0.390625,0.0234375
deit_tiny_imagenetv2,1.0,57,0,repair,blocks.1.attn.qkv,INT8__4to8,INT6__dense,3.1249999999499996,0.1953125,0.0625
deit_tiny_imagenetv2,1.0,58,0,repair,blocks.3.attn.qkv,INT8__4to8,INT6__dense,10.937499999824999,0.68359375,0.0625
deit_tiny_imagenetv2,1.0,59,0,repair,blocks.9.attn.qkv,INT6__4to8,INT4__dense,3.1249999999,0.09765625,0.03125
deit_tiny_imagenetv2,1.0,60,0,repair,blocks.2.attn.proj,INT4__dense,INT6__dense,15.624999999749999,0.9765625,0.0625
deit_tiny_imagenetv2,1.0,61,0,repair,blocks.9.mlp.fc1,INT6__4to8,INT8__4to8,12.4999999996,0.390625,0.03125
deit_tiny_imagenetv2,1.0,62,0,repair,blocks.4.mlp.fc2,INT8__dense,FP32__dense,0.13020833333315973,0.09765625,0.75
deit_tiny_imagenetv2,1.0,63,0,repair,blocks.4.mlp.fc1,INT6__dense,INT8__dense,3.1249999999499996,0.1953125,0.0625
resnet18_imagenetv2,0.1,0,0,energy-reclamation,layer2.1.conv1,FP32__dense,INT8__dense,750000000000.0,0.390625,-0.75
resnet18_imagenetv2,0.1,1,0,energy-reclamation,layer2.0.conv1,INT8__dense,INT6__dense,62500000000.0,0.390625,-0.0625
resnet18_imagenetv2,0.1,2,0,energy-reclamation,layer2.0.downsample.0,FP32__dense,INT8__dense,750000000000.0,0.78125,-0.75
resnet18_imagenetv2,0.1,3,0,energy-reclamation,layer4.1.conv2,FP32__dense,INT8__dense,750000000000.0,-0.0,-0.75
resnet18_imagenetv2,0.1,4,0,energy-reclamation,layer4.0.conv2,FP32__dense,INT8__dense,0.9599999999987713,-0.78125,-0.75
resnet18_imagenetv2,0.1,5,0,energy-reclamation,layer4.0.downsample.0,INT8__dense,INT6__dense,62500000000.0,0.78125,-0.0625
resnet18_imagenetv2,0.1,6,0,energy-reclamation,layer3.0.conv1,INT8__dense,INT6__dense,62500000000.0,-0.0,-0.0625
resnet18_imagenetv2,0.1,7,0,energy-reclamation,layer1.1.conv1,FP32__dense,INT8__dense,0.4799999999996928,-1.5625,-0.75
resnet18_imagenetv2,0.1,8,0,energy-reclamation,layer2.0.conv2,INT8__dense,INT6__dense,62500000000.0,0.78125,-0.0625
resnet18_imagenetv2,0.1,9,0,energy-reclamation,layer1.0.conv1,FP32__dense,INT8__dense,0.3839999999998034,-1.953125,-0.75
resnet18_imagenetv2,0.1,10,0,energy-reclamation,layer4.0.conv2,INT8__dense,INT8__4to8,125000000000.0,0.390625,-0.125
resnet18_imagenetv2,0.1,11,0,energy-reclamation,layer2.1.conv2,INT6__dense,INT6__4to8,93750000000.0,-0.0,-0.09375
resnet18_imagenetv2,0.1,12,0,energy-reclamation,layer3.1.conv1,INT8__dense,INT6__dense,62500000000.0,0.78125,-0.0625
resnet18_imagenetv2,0.1,13,0,energy-reclamation,layer3.0.conv2,INT8__dense,INT6__dense,62500000000.0,-0.0,-0.0625
resnet18_imagenetv2,0.1,14,0,energy-reclamation,layer4.0.conv1,INT8__dense,INT6__dense,62500000000.0,1.171875,-0.0625
resnet18_imagenetv2,0.1,15,0,energy-reclamation,layer4.1.conv2,INT8__dense,INT6__dense,0.05333333333328782,-1.171875,-0.0625
resnet18_imagenetv2,0.1,16,0,energy-reclamation,layer4.1.conv1,INT8__dense,INT6__dense,0.15999999999959041,-0.390625,-0.0625
resnet18_imagenetv2,0.1,17,0,energy-reclamation,layer4.0.conv2,INT8__4to8,INT6__4to8,31250000000.0,-0.0,-0.03125
resnet18_imagenetv2,0.1,18,0,energy-reclamation,layer4.1.conv1,INT6__dense,INT6__2to4,0.11999999999984641,-0.78125,-0.09375
resnet18_imagenetv2,0.1,19,0,energy-reclamation,layer3.0.conv2,INT6__dense,INT8__4to8,62500000000.0,0.390625,-0.0625
resnet18_imagenetv2,0.1,20,0,energy-reclamation,layer3.1.conv2,INT8__dense,INT6__dense,62500000000.0,-0.0,-0.0625
resnet18_imagenetv2,0.5,0,0,energy-reclamation,layer4.1.conv1,INT6__dense,INT6__2to4,0.23999999999938562,-0.390625,-0.09375
resnet18_imagenetv2,0.5,1,0,energy-reclamation,layer1.0.conv2,INT8__dense,INT6__dense,62500000000.0,1.5625,-0.0625
resnet18_imagenetv2,0.5,2,0,energy-reclamation,layer3.0.downsample.0,INT6__4to8,INT6__3to8,0.059999999999846405,-0.390625,-0.0234375
resnet18_imagenetv2,1.0,0,0,repair,layer1.1.conv1,INT6__dense,INT8__dense,137.4999999978,8.59375,0.0625
resnet18_imagenetv2,1.0,1,0,repair,layer3.1.conv1,INT6__dense,INT8__dense,24.999999999599996,1.5625,0.0625
resnet18_imagenetv2,1.0,2,0,repair,layer4.0.conv2,INT6__4to8,INT8__4to8,12.4999999996,0.390625,0.03125
resnet18_imagenetv2,1.0,3,0,repair,layer1.0.conv1,INT8__dense,FP32__dense,0.7159904534604018,2.34375,3.2734375
resnet18_imagenetv2,1.0,3,1,repair,layer1.0.conv2,INT6__dense,INT8__dense,0.7159904534604018,2.34375,3.2734375
resnet18_imagenetv2,1.0,3,2,repair,layer1.1.conv1,INT8__dense,FP32__dense,0.7159904534604018,2.34375,3.2734375
resnet18_imagenetv2,1.0,3,3,repair,layer1.1.conv2,INT6__dense,INT8__dense,0.7159904534604018,2.34375,3.2734375
resnet18_imagenetv2,1.0,3,4,repair,layer2.0.conv1,INT6__dense,INT8__dense,0.7159904534604018,2.34375,3.2734375
resnet18_imagenetv2,1.0,3,5,repair,layer2.0.conv2,INT6__dense,INT8__dense,0.7159904534604018,2.34375,3.2734375
resnet18_imagenetv2,1.0,3,6,repair,layer2.0.downsample.0,INT8__4to8,INT6__dense,0.7159904534604018,2.34375,3.2734375
resnet18_imagenetv2,1.0,3,7,repair,layer2.1.conv1,INT6__dense,INT8__dense,0.7159904534604018,2.34375,3.2734375
resnet18_imagenetv2,1.0,3,8,repair,layer2.1.conv2,INT6__4to8,INT6__dense,0.7159904534604018,2.34375,3.2734375
resnet18_imagenetv2,1.0,3,9,repair,layer3.0.conv1,INT6__dense,INT8__dense,0.7159904534604018,2.34375,3.2734375
resnet18_imagenetv2,1.0,3,10,repair,layer3.0.conv2,INT6__4to8,INT8__4to8,0.7159904534604018,2.34375,3.2734375
resnet18_imagenetv2,1.0,3,11,repair,layer3.0.downsample.0,INT6__3to8,INT6__4to8,0.7159904534604018,2.34375,3.2734375
resnet18_imagenetv2,1.0,3,12,repair,layer3.1.conv1,INT8__dense,FP32__dense,0.7159904534604018,2.34375,3.2734375
resnet18_imagenetv2,1.0,3,13,repair,layer3.1.conv2,INT6__dense,INT8__dense,0.7159904534604018,2.34375,3.2734375
resnet18_imagenetv2,1.0,3,14,repair,layer4.0.conv1,INT6__dense,INT8__dense,0.7159904534604018,2.34375,3.2734375
resnet18_imagenetv2,1.0,3,15,repair,layer4.0.conv2,INT8__4to8,INT8__dense,0.7159904534604018,2.34375,3.2734375
resnet18_imagenetv2,1.0,3,16,repair,layer4.0.downsample.0,INT6__dense,INT8__dense,0.7159904534604018,2.34375,3.2734375
resnet18_imagenetv2,1.0,3,17,repair,layer4.1.conv1,INT6__2to4,INT6__dense,0.7159904534604018,2.34375,3.2734375
resnet18_imagenetv2,1.0,3,18,repair,layer4.1.conv2,INT6__4to8,INT8__4to8,0.7159904534604018,2.34375,3.2734375
resnet18_imagenetv2,1.0,4,0,energy-reclamation,layer4.1.conv1,INT6__dense,INT6__2to4,93750000000.0,0.390625,-0.09375
resnet18_imagenetv2,1.0,5,0,energy-reclamation,layer1.0.conv1,FP32__dense,INT8__dense,0.9599999999987713,-0.78125,-0.75
resnet18_imagenetv2,1.0,6,0,energy-reclamation,layer3.1.conv1,FP32__dense,INT8__dense,750000000000.0,0.78125,-0.75
resnet18_imagenetv2,1.0,7,0,energy-reclamation,layer4.0.conv2,INT8__dense,INT8__4to8,125000000000.0,-0.0,-0.125
resnet18_imagenetv2,1.0,8,0,energy-reclamation,layer1.0.conv2,INT8__dense,INT6__dense,62500000000.0,1.5625,-0.0625
resnet18_imagenetv2,1.0,9,0,energy-reclamation,layer1.1.conv1,FP32__dense,INT8__dense,0.274285714285614,-2.734375,-0.75
resnet18_imagenetv2,1.0,10,0,energy-reclamation,layer2.0.conv1,INT8__dense,INT6__dense,62500000000.0,-0.0,-0.0625
resnet18_imagenetv2,1.0,11,0,energy-reclamation,layer2.1.conv1,INT8__dense,INT6__dense,62500000000.0,-0.0,-0.0625
resnet18_imagenetv2,1.0,12,0,energy-reclamation,layer2.0.conv2,INT8__dense,INT6__dense,62500000000.0,-0.0,-0.0625
resnet18_imagenetv2,1.0,13,0,energy-reclamation,layer3.0.downsample.0,INT6__4to8,INT6__3to8,0.059999999999846405,-0.390625,-0.0234375
resnet18_imagenetv2,1.0,14,0,energy-reclamation,layer3.0.conv1,INT8__dense,INT6__dense,62500000000.0,0.78125,-0.0625
swin_tiny_imagenetv2,0.1,0,0,repair,layers.2.blocks.4.attn.proj,INT4__3to8,INT4__4to8,56.24999999640001,0.87890625,0.015625
swin_tiny_imagenetv2,0.1,1,0,repair,layers.1.blocks.0.attn.qkv,INT4__3to8,INT4__2to4,31.249999998000003,0.48828125,0.015625
swin_tiny_imagenetv2,0.1,2,0,repair,layers.3.blocks.0.attn.proj,INT6__3to8,INT4__dense,17.857142856816328,0.9765625,0.0546875
swin_tiny_imagenetv2,0.1,3,0,repair,layers.2.blocks.2.attn.qkv,INT4__2to4,INT6__4to8,21.8749999993,0.68359375,0.03125
swin_tiny_imagenetv2,0.1,4,0,repair,layers.3.blocks.1.mlp.fc2,INT6__dense,INT8__dense,4.6874999999249995,0.29296875,0.0625
swin_tiny_imagenetv2,0.1,5,0,repair,layers.0.blocks.0.attn.qkv,INT6__dense,INT8__dense,0.28214429665456026,5.46875,19.3828125
swin_tiny_imagenetv2,0.1,5,1,repair,layers.0.blocks.0.attn.proj,INT6__dense,INT8__dense,0.28214429665456026,5.46875,19.3828125
swin_tiny_imagenetv2,0.1,5,2,repair,layers.0.blocks.0.mlp.fc1,INT6__dense,INT8__dense,0.28214429665456026,5.46875,19.3828125
swin_tiny_imagenetv2,0.1,5,3,repair,layers.0.blocks.0.mlp.fc2,INT8__dense,FP32__dense,0.28214429665456026,5.46875,19.3828125
swin_tiny_imagenetv2,0.1,5,4,repair,layers.0.blocks.1.attn.qkv,INT4__3to8,INT4__4to8,0.28214429665456026,5.46875,19.3828125
swin_tiny_imagenetv2,0.1,5,5,repair,layers.0.blocks.1.attn.proj,INT6__dense,FP32__dense,0.28214429665456026,5.46875,19.3828125
swin_tiny_imagenetv2,0.1,5,6,repair,layers.0.blocks.1.mlp.fc1,INT6__dense,FP32__dense,0.28214429665456026,5.46875,19.3828125
swin_tiny_imagenetv2,0.1,5,7,repair,layers.0.blocks.1.mlp.fc2,INT6__3to8,INT6__2to4,0.28214429665456026,5.46875,19.3828125
swin_tiny_imagenetv2,0.1,5,8,repair,layers.1.blocks.0.attn.qkv,INT4__2to4,INT6__4to8,0.28214429665456026,5.46875,19.3828125
swin_tiny_imagenetv2,0.1,5,9,repair,layers.1.blocks.0.attn.proj,INT4__4to8,FP32__dense,0.28214429665456026,5.46875,19.3828125
swin_tiny_imagenetv2,0.1,5,10,repair,layers.1.blocks.0.mlp.fc1,INT6__4to8,FP32__dense,0.28214429665456026,5.46875,19.3828125
swin_tiny_imagenetv2,0.1,5,11,repair,layers.1.blocks.0.mlp.fc2,INT8__dense,FP32__dense,0.28214429665456026,5.46875,19.3828125
swin_tiny_imagenetv2,0.1,5,12,repair,layers.1.blocks.1.attn.qkv,INT4__dense,INT6__dense,0.28214429665456026,5.46875,19.3828125
swin_tiny_imagenetv2,0.1,5,13,repair,layers.1.blocks.1.attn.proj,INT6__4to8,INT8__4to8,0.28214429665456026,5.46875,19.3828125
swin_tiny_imagenetv2,0.1,5,14,repair,layers.1.blocks.1.mlp.fc1,INT4__dense,FP32__dense,0.28214429665456026,5.46875,19.3828125
swin_tiny_imagenetv2,0.1,5,15,repair,layers.1.blocks.1.mlp.fc2,INT6__4to8,FP32__dense,0.28214429665456026,5.46875,19.3828125
swin_tiny_imagenetv2,0.1,5,16,repair,layers.2.blocks.0.attn.qkv,INT4__4to8,INT6__4to8,0.28214429665456026,5.46875,19.3828125
swin_tiny_imagenetv2,0.1,5,17,repair,layers.2.blocks.0.attn.proj,INT6__4to8,INT4__dense,0.28214429665456026,5.46875,19.3828125
swin_tiny_imagenetv2,0.1,5,18,repair,layers.2.blocks.0.mlp.fc1,INT6__4to8,FP32__dense,0.28214429665456026,5.46875,19.3828125
swin_tiny_imagenetv2,0.1,5,19,repair,layers.2.blocks.0.mlp.fc2,INT6__4to8,INT8__4to8,0.28214429665456026,5.46875,19.3828125
swin_tiny_imagenetv2,0.1,5,20,repair,layers.2.blocks.1.attn.qkv,INT4__3to8,INT6__2to4,0.28214429665456026,5.46875,19.3828125
swin_tiny_imagenetv2,0.1,5,21,repair,layers.2.blocks.1.attn.proj,INT4__2to4,INT8__4to8,0.28214429665456026,5.46875,19.3828125
swin_tiny_imagenetv2,0.1,5,22,repair,layers.2.blocks.1.mlp.fc1,INT6__4to8,INT6__dense,0.28214429665456026,5.46875,19.3828125
swin_tiny_imagenetv2,0.1,5,23,repair,layers.2.blocks.1.mlp.fc2,INT6__2to4,INT6__dense,0.28214429665456026,5.46875,19.3828125
swin_tiny_imagenetv2,0.1,5,24,repair,layers.2.blocks.2.attn.qkv,INT6__4to8,INT6__dense,0.28214429665456026,5.46875,19.3828125
swin_tiny_imagenetv2,0.1,5,25,repair,layers.2.blocks.2.attn.proj,INT6__4to8,INT8__4to8,0.28214429665456026,5.46875,19.3828125
swin_tiny_imagenetv2,0.1,5,26,repair,layers.2.blocks.2.mlp.fc1,INT6__dense,FP32__dense,0.28214429665456026,5.46875,19.3828125
swin_tiny_imagenetv2,0.1,5,27,repair,layers.2.blocks.2.mlp.fc2,INT8__4to8,FP32__4to8,0.28214429665456026,5.46875,19.3828125
swin_tiny_imagenetv2,0.1,5,28,repair,layers.2.blocks.3.attn.qkv,INT4__3to8,INT4__4to8,0.28214429665456026,5.46875,19.3828125
swin_tiny_imagenetv2,0.1,5,29,repair,layers.2.blocks.3.attn.proj,INT6__4to8,FP32__dense,0.28214429665456026,5.46875,19.3828125
swin_tiny_imagenetv2,0.1,5,30,repair,layers.2.blocks.3.mlp.fc1,INT6__dense,INT8__dense,0.28214429665456026,5.46875,19.3828125
swin_tiny_imagenetv2,0.1,5,31,repair,layers.2.blocks.3.mlp.fc2,INT6__4to8,INT8__2to4,0.28214429665456026,5.46875,19.3828125
swin_tiny_imagenetv2,0.1,5,32,repair,layers.2.blocks.4.attn.qkv,INT4__dense,INT6__dense,0.28214429665456026,5.46875,19.3828125
swin_tiny_imagenetv2,0.1,5,33,repair,layers.2.blocks.4.attn.proj,INT4__4to8,INT6__dense,0.28214429665456026,5.46875,19.3828125
swin_tiny_imagenetv2,0.1,5,34,repair,layers.2.blocks.4.mlp.fc1,INT6__4to8,FP32__dense,0.28214429665456026,5.46875,19.3828125
swin_tiny_imagenetv2,0.1,5,35,repair,layers.2.blocks.4.mlp.fc2,INT8__dense,FP32__dense,0.28214429665456026,5.46875,19.3828125
swin_tiny_imagenetv2,0.1,5,36,repair,layers.2.blocks.5.attn.qkv,INT6__dense,FP32__dense,0.28214429665456026,5.46875,19.3828125
swin_tiny_imagenetv2,0.1,5,37,repair,layers.2.blocks.5.attn.proj,INT4__4to8,INT6__4to8,0.28214429665456026,5.46875,19.3828125
swin_tiny_imagenetv2,0.1,5,38,repair,layers.2.blocks.5.mlp.fc1,INT6__dense,INT8__dense,0.28214429665456026,5.46875,19.3828125
swin_tiny_imagenetv2,0.1,5,39,repair,layers.2.blocks.5.mlp.fc2,INT8__3to8,FP32__dense,0.28214429665456026,5.46875,19.3828125
swin_tiny_imagenetv2,0.1,5,40,repair,layers.3.blocks.0.attn.qkv,INT6__dense,FP32__dense,0.28214429665456026,5.46875,19.3828125
swin_tiny_imagenetv2,0.1,5,41,repair,layers.3.blocks.0.attn.proj,INT4__dense,INT6__dense,0.28214429665456026,5.46875,19.3828125
swin_tiny_imagenetv2,0.1,5,42,repair,layers.3.blocks.0.mlp.fc1,INT6__dense,FP32__dense,0.28214429665456026,5.46875,19.3828125
swin_tiny_imagenetv2,0.1,5,43,repair,layers.3.blocks.0.mlp.fc2,INT4__4to8,INT4__dense,0.28214429665456026,5.46875,19.3828125
swin_tiny_imagenetv2,0.1,5,44,repair,layers.3.blocks.1.attn.qkv,INT8__dense,FP32__dense,0.28214429665456026,5.46875,19.3828125
swin_tiny_imagenetv2,0.1,5,45,repair,layers.3.blocks.1.attn.proj,INT4__2to4,FP32__dense,0.28214429665456026,5.46875,19.3828125
swin_tiny_imagenetv2,0.1,5,46,repair,layers.3.blocks.1.mlp.fc1,INT6__dense,FP32__dense,0.28214429665456026,5.46875,19.3828125
swin_tiny_imagenetv2,0.1,5,47,repair,layers.3.blocks.1.mlp.fc2,INT8__dense,FP32__dense,0.28214429665456026,5.46875,19.3828125
swin_tiny_imagenetv2,0.1,6,0,repair,layers.2.blocks.1.attn.qkv,INT6__2to4,INT8__2to4,3.1249999999,0.09765625,0.03125
swin_tiny_imagenetv2,0.1,7,0,repair,layers.0.blocks.1.attn.qkv,INT4__4to8,INT8__4to8,3.1249999999499996,0.1953125,0.0625
swin_tiny_imagenetv2,0.1,8,0,repair,layers.2.blocks.0.attn.qkv,INT6__4to8,INT8__dense,6.874999999956,1.07421875,0.15625
swin_tiny_imagenetv2,0.1,9,0,repair,layers.2.blocks.0.mlp.fc2,INT8__4to8,FP32__dense,0.22321428571403062,0.1953125,0.875
swin_tiny_imagenetv2,0.1,10,0,repair,layers.2.blocks.1.mlp.fc2,INT6__dense,INT8__dense,1.5624999999749998,0.09765625,0.0625
swin_tiny_imagenetv2,0.1,11,0,repair,layers.2.blocks.2.attn.proj,INT8__4to8,FP32__dense,0.44642857142806125,0.390625,0.875
swin_tiny_imagenetv2,0.1,12,0,repair,layers.2.blocks.5.attn.proj,INT6__4to8,INT8__4to8,3.1249999999,0.09765625,0.03125
swin_tiny_imagenetv2,0.1,13,0,repair,layers.2.blocks.4.attn.qkv,INT6__dense,FP32__dense,0.12019230769215977,0.09765625,0.8125
swin_tiny_imagenetv2,0.1,14,0,repair,layers.2.blocks.3.mlp.fc1,INT8__dense,FP32__dense,0.23584905660363117,0.390625,1.65625
swin_tiny_imagenetv2,0.1,14,1,repair,layers.1.blocks.0.attn.qkv,INT6__4to8,FP32__dense,0.23584905660363117,0.390625,1.65625
swin_tiny_imagenetv2,0.1,15,0,energy-reclamation,layers.2.blocks.5.attn.qkv,FP32__dense,INT6__dense,812500000000.0,0.09765625,-0.8125
swin_tiny_imagenetv2,0.1,16,0,energy-reclamation,layers.3.blocks.1.mlp.fc1,FP32__dense,INT6__dense,812500000000.0,0.09765625,-0.8125
swin_tiny_imagenetv2,0.1,17,0,energy-reclamation,layers.3.blocks.1.mlp.fc2,FP32__dense,INT8__dense,750000000000.0,-0.0,-0.75
swin_tiny_imagenetv2,0.1,18,0,energy-reclamation,layers.3.blocks.1.attn.qkv,FP32__dense,INT8__dense,2.559999999991262,-0.29296875,-0.75
swin_tiny_imagenetv2,0.1,19,0,energy-reclamation,layers.3.blocks.1.mlp.fc2,INT8__dense,INT6__dense,62500000000.0,-0.0,-0.0625
swin_tiny_imagenetv2,0.1,20,0,energy-reclamation,layers.2.blocks.2.mlp.fc2,FP32__4to8,INT8__4to8,375000000000.0,0.1953125,-0.375
swin_tiny_imagenetv2,0.1,21,0,energy-reclamation,layers.2.blocks.5.attn.proj,INT8__4to8,INT6__4to8,31250000000.0,-0.0,-0.03125
swin_tiny_imagenetv2,0.1,22,0,energy-reclamation,layers.3.blocks.0.mlp.fc2,INT4__dense,INT4__4to8,0.6399999999934464,-0.09765625,-0.0625
swin_tiny_imagenetv2,0.1,23,0,energy-reclamation,layers.2.blocks.0.mlp.fc2,FP32__dense,INT8__4to8,875000000000.0,-0.0,-0.875
swin_tiny_imagenetv2,0.1,24,0,energy-reclamation,layers.2.blocks.5.mlp.fc1,INT8__dense,INT6__dense,0.6399999999934464,-0.09765625,-0.0625
swin_tiny_imagenetv2,0.1,25,0,energy-reclamation,layers.3.blocks.1.attn.proj,FP32__dense,INT4__2to4,937500000000.0,0.09765625,-0.9375
swin_tiny_imagenetv2,0.1,26,0,energy-reclamation,layers.3.blocks.1.mlp.fc2,INT6__dense,INT4__dense,0.6399999999934464,-0.09765625,-0.0625
swin_tiny_imagenetv2,0.1,27,0,energy-reclamation,layers.3.blocks.1.mlp.fc2,INT4__dense,INT8__3to8,31250000000.0,0.1953125,-0.03125
swin_tiny_imagenetv2,0.1,28,0,energy-reclamation,layers.3.blocks.1.mlp.fc2,INT8__3to8,INT4__2to4,31250000000.0,0.09765625,-0.03125
swin_tiny_imagenetv2,0.1,29,0,energy-reclamation,layers.2.blocks.4.attn.qkv,FP32__dense,INT6__dense,2.0799999999946754,-0.390625,-0.8125
swin_tiny_imagenetv2,0.5,0,0,repair,layers.2.blocks.0.attn.proj,INT4__3to8,INT4__4to8,99.99999999360001,1.5625,0.015625
swin_tiny_imagenetv2,0.5,1,0,repair,layers.2.blocks.5.attn.qkv,INT4__3to8,INT4__4to8,74.9999999952,1.171875,0.015625
swin_tiny_imagenetv2,0.5,2,0,repair,layers.2.blocks.3.attn.qkv,INT4__3to8,INT4__4to8,99.99999999360001,1.5625,0.015625
swin_tiny_imagenetv2,0.5,3,0,repair,layers.1.blocks.1.mlp.fc1,INT4__4to8,INT6__4to8,31.249999999,0.9765625,0.03125
swin_tiny_imagenetv2,0.5,4,0,repair,layers.2.blocks.0.mlp.fc2,INT6__3to8,INT6__4to8,129.16666666115557,3.02734375,0.0234375
swin_tiny_imagenetv2,0.5,5,0,repair,layers.2.blocks.4.attn.qkv,INT4__3to8,INT4__4to8,62.49999999600001,0.9765625,0.015625
swin_tiny_imagenetv2,0.5,6,0,repair,layers.1.blocks.0.attn.qkv,INT4__3to8,INT4__2to4,118.7499999924,1.85546875,0.015625
swin_tiny_imagenetv2,0.5,7,0,repair,layers.1.blocks.0.attn.proj,INT4__3to8,INT4__4to8,118.7499999924,1.85546875,0.015625
swin_tiny_imagenetv2,0.5,8,0,repair,layers.2.blocks.0.mlp.fc1,INT4__3to8,INT6__3to8,41.66666666488889,0.9765625,0.0234375
swin_tiny_imagenetv2,0.5,9,0,repair,layers.2.blocks.4.mlp.fc1,INT6__3to8,INT6__4to8,66.66666666382223,1.5625,0.0234375
swin_tiny_imagenetv2,0.5,10,0,repair,layers.2.blocks.2.attn.proj,INT4__3to8,INT4__4to8,74.9999999952,1.171875,0.015625
swin_tiny_imagenetv2,0.5,11,0,repair,layers.2.blocks.5.mlp.fc1,INT6__3to8,INT6__4to8,74.9999999968,1.7578125,0.0234375
swin_tiny_imagenetv2,0.5,12,0,repair,layers.3.blocks.0.attn.proj,INT4__3to8,INT4__4to8,37.4999999976,0.5859375,0.015625
swin_tiny_imagenetv2,0.5,13,0,repair,layers.3.blocks.1.attn.qkv,INT6__3to8,INT6__4to8,49.99999999786667,1.171875,0.0234375
swin_tiny_imagenetv2,0.5,14,0,repair,layers.3.blocks.0.mlp.fc1,INT6__3to8,INT6__4to8,4.166666666488889,0.09765625,0.0234375
swin_tiny_imagenetv2,0.5,15,0,repair,layers.3.blocks.0.mlp.fc2,INT4__3to8,INT4__4to8,56.24999999640001,0.87890625,0.015625
swin_tiny_imagenetv2,0.5,16,0,repair,layers.3.blocks.1.attn.qkv,INT6__4to8,INT8__4to8,9.3749999997,0.29296875,0.03125
swin_tiny_imagenetv2,0.5,17,0,repair,layers.3.blocks.0.attn.qkv,INT6__3to8,INT8__2to4,3.846153846115976,0.390625,0.1015625
swin_tiny_imagenetv2,0.5,17,1,repair,layers.2.blocks.2.mlp.fc1,INT4__3to8,INT8__3to8,3.846153846115976,0.390625,0.1015625
swin_tiny_imagenetv2,0.5,18,0,repair,layers.2.blocks.2.attn.proj,INT4__4to8,INT6__3to8,137.4999999824,1.07421875,0.0078125
swin_tiny_imagenetv2,0.5,19,0,repair,layers.1.blocks.0.mlp.fc1,INT4__4to8,INT6__4to8,49.9999999984,1.5625,0.03125
swin_tiny_imagenetv2,0.5,20,0,repair,layers.2.blocks.5.attn.proj,INT4__3to8,INT4__4to8,68.7499999956,1.07421875,0.015625
swin_tiny_imagenetv2,0.5,21,0,repair,layers.3.blocks.0.attn.qkv,INT8__2to4,INT6__dense,1.5624999999749998,0.09765625,0.0625
swin_tiny_imagenetv2,0.5,22,0,repair,layers.2.blocks.1.mlp.fc1,INT4__3to8,INT4__2to4,62.49999999600001,0.9765625,0.015625
swin_tiny_imagenetv2,0.5,23,0,repair,layers.2.blocks.0.attn.qkv,INT4__3to8,INT4__4to8,49.99999999680001,0.78125,0.015625
swin_tiny_imagenetv2,0.5,24,0,repair,layers.2.blocks.4.attn.proj,INT4__3to8,INT4__4to8,49.99999999680001,0.78125,0.015625
swin_tiny_imagenetv2,0.5,25,0,repair,layers.3.blocks.1.mlp.fc1,INT4__4to8,INT6__2to4,12.4999999996,0.390625,0.03125
swin_tiny_imagenetv2,0.5,26,0,repair,layers.0.blocks.1.attn.qkv,INT4__3to8,INT4__4to8,74.9999999952,1.171875,0.015625
swin_tiny_imagenetv2,0.5,27,0,repair,layers.0.blocks.0.attn.qkv,INT4__4to8,INT6__2to4,21.8749999993,0.68359375,0.03125
swin_tiny_imagenetv2,0.5,28,0,repair,layers.2.blocks.2.attn.qkv,INT4__3to8,INT4__2to4,18.7499999988,0.29296875,0.015625
swin_tiny_imagenetv2,0.5,29,0,repair,layers.2.blocks.1.mlp.fc1,INT4__2to4,INT6__3to8,49.9999999936,0.390625,0.0078125
swin_tiny_imagenetv2,0.5,30,0,repair,layers.3.blocks.1.mlp.fc2,INT4__3to8,INT4__2to4,31.249999998000003,0.48828125,0.015625
swin_tiny_imagenetv2,0.5,31,0,repair,layers.0.blocks.0.attn.proj,INT6__4to8,INT4__dense,9.3749999997,0.29296875,0.03125
swin_tiny_imagenetv2,0.5,32,0,repair,layers.2.blocks.1.attn.proj,INT4__3to8,INT4__2to4,87.49999999440001,1.3671875,0.015625
swin_tiny_imagenetv2,0.5,33,0,repair,layers.2.blocks.5.mlp.fc2,INT6__3to8,INT8__3to8,41.66666666488889,0.9765625,0.0234375
swin_tiny_imagenetv2,0.5,34,0,repair,layers.2.blocks.3.mlp.fc2,INT6__3to8,INT6__4to8,4.166666666488889,0.09765625,0.0234375
swin_tiny_imagenetv2,0.5,35,0,repair,layers.2.blocks.5.attn.qkv,INT4__4to8,INT6__4to8,15.6249999995,0.48828125,0.03125
swin_tiny_imagenetv2,0.5,36,0,repair,layers.2.blocks.2.attn.qkv,INT4__2to4,INT6__4to8,18.7499999994,0.5859375,0.03125
swin_tiny_imagenetv2,0.5,37,0,repair,layers.3.blocks.1.mlp.fc2,INT4__2to4,INT8__3to8,18.7499999994,0.5859375,0.03125
swin_tiny_imagenetv2,0.5,38,0,repair,layers.0.blocks.0.attn.proj,INT4__dense,INT6__dense,4.6874999999249995,0.29296875,0.0625
swin_tiny_imagenetv2,0.5,39,0,repair,layers.0.blocks.1.attn.proj,INT4__3to8,INT4__2to4,43.74999999720001,0.68359375,0.015625
swin_tiny_imagenetv2,0.5,40,0,repair,layers.2.blocks.3.attn.proj,INT4__3to8,INT4__2to4,31.249999998000003,0.48828125,0.015625
swin_tiny_imagenetv2,0.5,41,0,repair,layers.3.blocks.1.mlp.fc2,INT8__3to8,INT4__dense,3.1249999999,0.09765625,0.03125
swin_tiny_imagenetv2,0.5,42,0,repair,layers.3.blocks.1.mlp.fc2,INT4__dense,INT6__dense,4.6874999999249995,0.29296875,0.0625
swin_tiny_imagenetv2,0.5,43,0,repair,layers.3.blocks.1.mlp.fc2,INT6__dense,INT8__dense,1.5624999999749998,0.09765625,0.0625
swin_tiny_imagenetv2,0.5,44,0,repair,layers.0.blocks.0.attn.qkv,INT6__2to4,INT6__dense,1.2096774193546873,9.66796875,7.9921875
swin_tiny_imagenetv2,0.5,44,1,repair,layers.0.blocks.0.attn.proj,INT6__dense,INT8__dense,1.2096774193546873,9.66796875,7.9921875
swin_tiny_imagenetv2,0.5,44,2,repair,layers.0.blocks.0.mlp.fc1,INT6__4to8,INT8__4to8,1.2096774193546873,9.66796875,7.9921875
swin_tiny_imagenetv2,0.5,44,3,repair,layers.0.blocks.0.mlp.fc2,INT8__4to8,INT8__dense,1.2096774193546873,9.66796875,7.9921875
swin_tiny_imagenetv2,0.5,44,4,repair,layers.0.blocks.1.attn.qkv,INT4__4to8,INT8__4to8,1.2096774193546873,9.66796875,7.9921875
swin_tiny_imagenetv2,0.5,44,5,repair,layers.0.blocks.1.attn.proj,INT4__2to4,INT6__3to8,1.2096774193546873,9.66796875,7.9921875
swin_tiny_imagenetv2,0.5,44,6,repair,layers.0.blocks.1.mlp.fc1,INT6__2to4,INT6__dense,1.2096774193546873,9.66796875,7.9921875
swin_tiny_imagenetv2,0.5,44,7,repair,layers.0.blocks.1.mlp.fc2,INT6__3to8,INT6__2to4,1.2096774193546873,9.66796875,7.9921875
swin_tiny_imagenetv2,0.5,44,8,repair,layers.1.blocks.0.attn.qkv,INT4__2to4,INT6__4to8,1.2096774193546873,9.66796875,7.9921875
swin_tiny_imagenetv2,0.5,44,9,repair,layers.1.blocks.0.attn.proj,INT4__4to8,FP32__dense,1.2096774193546873,9.66796875,7.9921875
swin_tiny_imagenetv2,0.5,44,10,repair,layers.1.blocks.0.mlp.fc1,INT6__4to8,FP32__dense,1.2096774193546873,9.66796875,7.9921875
swin_tiny_imagenetv2,0.5,44,11,repair,layers.1.blocks.0.mlp.fc2,INT6__2to4,INT8__dense,1.2096774193546873,9.66796875,7.9921875
swin_tiny_imagenetv2,0.5,44,12,repair,layers.1.blocks.1.attn.qkv,INT4__3to8,INT4__2to4,1.2096774193546873,9.66796875,7.9921875
swin_tiny_imagenetv2,0.5,44,13,repair,layers.1.blocks.1.attn.proj,INT4__3to8,INT6__3to8,1.2096774193546873,9.66796875,7.9921875
swin_tiny_imagenetv2,0.5,44,14,repair,layers.1.blocks.1.mlp.fc1,INT6__4to8,INT4__dense,1.2096774193546873,9.66796875,7.9921875
swin_tiny_imagenetv2,0.5,44,15,repair,layers.1.blocks.1.mlp.fc2,INT6__3to8,INT6__4to8,1.2096774193546873,9.66796875,7.9921875
swin_tiny_imagenetv2,0.5,44,16,repair,layers.2.blocks.0.attn.qkv,INT4__4to8,INT6__4to8,1.2096774193546873,9.66796875,7.9921875
swin_tiny_imagenetv2,0.5,44,17,repair,layers.2.blocks.0.attn.proj,INT4__4to8,INT6__4to8,1.2096774193546873,9.66796875,7.9921875
swin_tiny_imagenetv2,0.5,44,18,repair,layers.2.blocks.0.mlp.fc1,INT6__3to8,INT6__4to8,1.2096774193546873,9.66796875,7.9921875
swin_tiny_imagenetv2,0.5,44,19,repair,layers.2.blocks.0.mlp.fc2,INT6__4to8,INT8__4to8,1.2096774193546873,9.66796875,7.9921875
swin_tiny_imagenetv2,0.5,44,20,repair,layers.2.blocks.1.attn.qkv,INT4__3to8,INT6__2to4,1.2096774193546873,9.66796875,7.9921875
swin_tiny_imagenetv2,0.5,44,21,repair,layers.2.blocks.1.attn.proj,INT4__2to4,INT8__4to8,1.2096774193546873,9.66796875,7.9921875
swin_tiny_imagenetv2,0.5,44,22,repair,layers.2.blocks.1.mlp.fc1,INT6__3to8,INT6__4to8,1.2096774193546873,9.66796875,7.9921875
swin_tiny_imagenetv2,0.5,44,23,repair,layers.2.blocks.1.mlp.fc2,INT6__3to8,INT6__2to4,1.2096774193546873,9.66796875,7.9921875
swin_tiny_imagenetv2,0.5,44,24,repair,layers.2.blocks.2.attn.qkv,INT6__4to8,INT6__dense,1.2096774193546873,9.66796875,7.9921875
swin_tiny_imagenetv2,0.5,44,25,repair,layers.2.blocks.2.attn.proj,INT6__3to8,INT6__4to8,1.2096774193546873,9.66796875,7.9921875
swin_tiny_imagenetv2,0.5,44,26,repair,layers.2.blocks.2.mlp.fc1,INT8__3to8,INT8__2to4,1.2096774193546873,9.66796875,7.9921875
swin_tiny_imagenetv2,0.5,44,27,repair,layers.2.blocks.2.mlp.fc2,INT6__3to8,INT8__3to8,1.2096774193546873,9.66796875,7.9921875
swin_tiny_imagenetv2,0.5,44,28,repair,layers.2.blocks.3.attn.qkv,INT4__4to8,FP32__dense,1.2096774193546873,9.66796875,7.9921875
swin_tiny_imagenetv2,0.5,44,29,repair,layers.2.blocks.3.attn.proj,INT4__2to4,INT6__3to8,1.2096774193546873,9.66796875,7.9921875
swin_tiny_imagenetv2,0.5,44,30,repair,layers.2.blocks.3.mlp.fc1,INT4__3to8,INT4__2to4,1.2096774193546873,9.66796875,7.9921875
swin_tiny_imagenetv2,0.5,44,31,repair,layers.2.blocks.3.mlp.fc2,INT6__4to8,INT8__2to4,1.2096774193546873,9.66796875,7.9921875
swin_tiny_imagenetv2,0.5,44,32,repair,layers.2.blocks.4.attn.qkv,INT4__4to8,INT6__4to8,1.2096774193546873,9.66796875,7.9921875
swin_tiny_imagenetv2,0.5,44,33,repair,layers.2.blocks.4.attn.proj,INT4__4to8,INT6__dense,1.2096774193546873,9.66796875,7.9921875
swin_tiny_imagenetv2,0.5,44,34,repair,layers.2.blocks.4.mlp.fc1,INT6__4to8,FP32__dense,1.2096774193546873,9.66796875,7.9921875
swin_tiny_imagenetv2,0.5,44,35,repair,layers.2.blocks.4.mlp.fc2,INT8__3to8,INT8__4to8,1.2096774193546873,9.66796875,7.9921875
swin_tiny_imagenetv2,0.5,44,36,repair,layers.2.blocks.5.attn.qkv,INT6__4to8,INT4__dense,1.2096774193546873,9.66796875,7.9921875
swin_tiny_imagenetv2,0.5,44,37,repair,layers.2.blocks.5.attn.proj,INT4__4to8,INT6__4to8,1.2096774193546873,9.66796875,7.9921875
swin_tiny_imagenetv2,0.5,44,38,repair,layers.2.blocks.5.mlp.fc1,INT6__4to8,INT8__2to4,1.2096774193546873,9.66796875,7.9921875
swin_tiny_imagenetv2,0.5,44,39,repair,layers.2.blocks.5.mlp.fc2,INT8__3to8,FP32__dense,1.2096774193546873,9.66796875,7.9921875
swin_tiny_imagenetv2,0.5,44,40,repair,layers.3.blocks.0.attn.qkv,INT6__dense,FP32__dense,1.2096774193546873,9.66796875,7.9921875
swin_tiny_imagenetv2,0.5,44,41,repair,layers.3.blocks.0.attn.proj,INT4__4to8,INT6__3to8,1.2096774193546873,9.66796875,7.9921875
swin_tiny_imagenetv2,0.5,44,42,repair,layers.3.blocks.0.mlp.fc1,INT6__4to8,INT8__4to8,1.2096774193546873,9.66796875,7.9921875
swin_tiny_imagenetv2,0.5,44,43,repair,layers.3.blocks.0.mlp.fc2,INT4__4to8,INT4__dense,1.2096774193546873,9.66796875,7.9921875
swin_tiny_imagenetv2,0.5,44,44,repair,layers.3.blocks.1.attn.qkv,INT8__4to8,INT8__dense,1.2096774193546873,9.66796875,7.9921875
swin_tiny_imagenetv2,0.5,44,45,repair,layers.3.blocks.1.attn.proj,INT4__3to8,INT4__2to4,1.2096774193546873,9.66796875,7.9921875
swin_tiny_imagenetv2,0.5,44,46,repair,layers.3.blocks.1.mlp.fc1,INT6__2to4,INT4__dense,1.2096774193546873,9.66796875,7.9921875
swin_tiny_imagenetv2,0.5,44,47,repair,layers.3.blocks.1.mlp.fc2,INT8__dense,FP32__dense,1.2096774193546873,9.66796875,7.9921875
swin_tiny_imagenetv2,0.5,45,0,repair,layers.2.blocks.4.attn.qkv,INT6__4to8,INT4__dense,40.624999998700005,1.26953125,0.03125
swin_tiny_imagenetv2,0.5,46,0,repair,layers.1.blocks.1.attn.proj,INT6__3to8,INT6__4to8,20.833333332444447,0.48828125,0.0234375
swin_tiny_imagenetv2,0.5,47,0,repair,layers.2.blocks.1.mlp.fc1,INT6__4to8,INT6__dense,8.333333333244443,0.78125,0.09375
swin_tiny_imagenetv2,0.5,48,0,repair,layers.2.blocks.1.mlp.fc2,INT6__2to4,INT6__dense,14.583333333177777,1.3671875,0.09375
swin_tiny_imagenetv2,0.5,49,0,repair,layers.2.blocks.3.mlp.fc1,INT4__2to4,INT6__3to8,24.9999999968,0.1953125,0.0078125
swin_tiny_imagenetv2,0.5,50,0,repair,layers.3.blocks.0.attn.proj,INT6__3to8,INT4__dense,1.7857142856816326,0.09765625,0.0546875
swin_tiny_imagenetv2,0.5,51,0,repair,layers.2.blocks.3.mlp.fc1,INT6__3to8,INT6__4to8,41.66666666488889,0.9765625,0.0234375
swin_tiny_imagenetv2,0.5,52,0,repair,layers.2.blocks.3.mlp.fc1,INT6__4to8,INT6__dense,6.249999999933333,0.5859375,0.09375
swin_tiny_imagenetv2,0.5,53,0,repair,layers.3.blocks.0.mlp.fc2,INT4__dense,INT8__dense,0.78124999999375,0.09765625,0.125
swin_tiny_imagenetv2,0.5,54,0,repair,layers.1.blocks.1.mlp.fc1,INT4__dense,FP32__dense,0.16447368421043398,0.29296875,1.78125
swin_tiny_imagenetv2,0.5,54,1,repair,layers.1.blocks.0.attn.qkv,INT6__4to8,FP32__dense,0.16447368421043398,0.29296875,1.78125
swin_tiny_imagenetv2,0.5,55,0,repair,layers.2.blocks.4.attn.qkv,INT4__dense,INT6__dense,1.5624999999749998,0.09765625,0.0625
swin_tiny_imagenetv2,0.5,56,0,repair,layers.2.blocks.2.mlp.fc1,INT8__2to4,INT6__dense,9.374999999849999,0.5859375,0.0625
swin_tiny_imagenetv2,0.5,57,0,repair,layers.2.blocks.2.mlp.fc2,INT8__3to8,INT8__4to8,3.1249999999,0.09765625,0.03125
swin_tiny_imagenetv2,0.5,58,0,repair,layers.2.blocks.5.attn.qkv,INT4__dense,INT6__dense,4.6874999999249995,0.29296875,0.0625
swin_tiny_imagenetv2,0.5,59,0,repair,layers.3.blocks.1.mlp.fc1,INT4__dense,INT6__dense,6.249999999899999,0.390625,0.0625
swin_tiny_imagenetv2,0.5,60,0,repair,layers.0.blocks.1.attn.proj,INT6__3to8,INT6__4to8,0.10869565217379207,0.09765625,0.8984375
swin_tiny_imagenetv2,0.5,60,1,repair,layers.2.blocks.0.mlp.fc2,INT8__4to8,FP32__dense,0.10869565217379207,0.09765625,0.8984375
swin_tiny_imagenetv2,0.5,61,0,repair,layers.2.blocks.5.mlp.fc1,INT8__2to4,INT6__dense,9.374999999849999,0.5859375,0.0625
swin_tiny_imagenetv2,0.5,62,0,repair,layers.2.blocks.1.attn.qkv,INT6__2to4,INT8__2to4,6.2499999998,0.1953125,0.03125
swin_tiny_imagenetv2,0.5,63,0,repair,layers.3.blocks.1.mlp.fc1,INT6__dense,FP32__dense,0.3605769230764793,0.29296875,0.8125
swin_tiny_imagenetv2,0.5,64,0,repair,layers.3.blocks.0.mlp.fc2,INT8__dense,FP32__dense,0.13020833333315973,0.09765625,0.75
swin_tiny_imagenetv2,0.5,65,0,repair,layers.2.blocks.2.attn.qkv,INT6__dense,FP32__dense,0.06009615384611686,0.09765625,1.625
swin_tiny_imagenetv2,0.5,65,1,repair,layers.2.blocks.4.attn.qkv,INT6__dense,FP32__dense,0.06009615384611686,0.09765625,1.625
swin_tiny_imagenetv2,0.5,66,0,repair,layers.2.blocks.4.attn.proj,INT6__dense,FP32__dense,0.4166666666662222,0.390625,0.9375
swin_tiny_imagenetv2,0.5,66,1,repair,layers.2.blocks.4.mlp.fc2,INT8__4to8,INT8__dense,0.4166666666662222,0.390625,0.9375
swin_tiny_imagenetv2,0.5,67,0,repair,layers.0.blocks.0.attn.qkv,INT6__dense,INT8__dense,0.04918493535693856,0.68359375,13.8984375
swin_tiny_imagenetv2,0.5,67,1,repair,layers.0.blocks.0.attn.proj,INT8__dense,FP32__dense,0.04918493535693856,0.68359375,13.8984375
swin_tiny_imagenetv2,0.5,67,2,repair,layers.0.blocks.0.mlp.fc1,INT8__4to8,INT6__dense,0.04918493535693856,0.68359375,13.8984375
swin_tiny_imagenetv2,0.5,67,3,repair,layers.0.blocks.0.mlp.fc2,INT8__dense,FP32__dense,0.04918493535693856,0.68359375,13.8984375
swin_tiny_imagenetv2,0.5,67,4,repair,layers.0.blocks.1.attn.qkv,INT8__4to8,FP32__dense,0.04918493535693856,0.68359375,13.8984375
swin_tiny_imagenetv2,0.5,67,5,repair,layers.0.blocks.1.attn.proj,INT6__4to8,INT6__dense,0.04918493535693856,0.68359375,13.8984375
swin_tiny_imagenetv2,0.5,67,6,repair,layers.0.blocks.1.mlp.fc1,INT6__dense,FP32__dense,0.04918493535693856,0.68359375,13.8984375
swin_tiny_imagenetv2,0.5,67,7,repair,layers.0.blocks.1.mlp.fc2,INT6__2to4,FP32__dense,0.04918493535693856,0.68359375,13.8984375
swin_tiny_imagenetv2,0.5,67,8,repair,layers.1.blocks.0.mlp.fc2,INT8__dense,FP32__dense,0.04918493535693856,0.68359375,13.8984375
swin_tiny_imagenetv2,0.5,67,9,repair,layers.1.blocks.1.attn.qkv,INT4__2to4,INT6__2to4,0.04918493535693856,0.68359375,13.8984375
swin_tiny_imagenetv2,0.5,67,10,repair,layers.1.blocks.1.attn.proj,INT6__4to8,INT8__4to8,0.04918493535693856,0.68359375,13.8984375
swin_tiny_imagenetv2,0.5,67,11,repair,layers.1.blocks.1.mlp.fc2,INT6__4to8,FP32__dense,0.04918493535693856,0.68359375,13.8984375
swin_tiny_imagenetv2,0.5,67,12,repair,layers.2.blocks.0.attn.qkv,INT6__4to8,INT8__dense,0.04918493535693856,0.68359375,13.8984375
swin_tiny_imagenetv2,0.5,67,13,repair,layers.2.blocks.0.attn.proj,INT6__4to8,INT4__dense,0.04918493535693856,0.68359375,13.8984375
swin_tiny_imagenetv2,0.5,67,14,repair,layers.2.blocks.0.mlp.fc1,INT6__4to8,FP32__dense,0.04918493535693856,0.68359375,13.8984375
swin_tiny_imagenetv2,0.5,67,15,repair,layers.2.blocks.1.attn.qkv,INT8__2to4,FP32__dense,0.04918493535693856,0.68359375,13.8984375
swin_tiny_imagenetv2,0.5,67,16,repair,layers.2.blocks.1.attn.proj,INT8__4to8,INT8__dense,0.04918493535693856,0.68359375,13.8984375
swin_tiny_imagenetv2,0.5,67,17,repair,layers.2.blocks.1.mlp.fc1,INT6__dense,FP32__dense,0.04918493535693856,0.68359375,13.8984375
swin_tiny_imagenetv2,0.5,67,18,repair,layers.2.blocks.1.mlp.fc2,INT6__dense,INT8__dense,0.04918493535693856,0.68359375,13.8984375
swin_tiny_imagenetv2,0.5,67,19,repair,layers.2.blocks.2.attn.proj,INT6__4to8,INT8__4to8,0.04918493535693856,0.68359375,13.8984375
swin_tiny_imagenetv2,0.5,67,20,repair,layers.2.blocks.2.mlp.fc1,INT6__dense,FP32__dense,0.04918493535693856,0.68359375,13.8984375
swin_tiny_imagenetv2,0.5,67,21,repair,layers.2.blocks.2.mlp.fc2,INT8__4to8,FP32__4to8,0.04918493535693856,0.68359375,13.8984375
swin_tiny_imagenetv2,0.5,67,22,repair,layers.2.blocks.3.attn.proj,INT6__3to8,INT6__4to8,0.04918493535693856,0.68359375,13.8984375
swin_tiny_imagenetv2,0.5,67,23,repair,layers.2.blocks.3.mlp.fc1,INT6__dense,INT8__dense,0.04918493535693856,0.68359375,13.8984375
swin_tiny_imagenetv2,0.5,67,24,repair,layers.2.blocks.3.mlp.fc2,INT8__2to4,INT8__dense,0.04918493535693856,0.68359375,13.8984375
swin_tiny_imagenetv2,0.5,67,25,repair,layers.2.blocks.4.mlp.fc2,INT8__dense,FP32__dense,0.04918493535693856,0.68359375,13.8984375
swin_tiny_imagenetv2,0.5,67,26,repair,layers.2.blocks.5.attn.qkv,INT6__dense,FP32__dense,0.04918493535693856,0.68359375,13.8984375
swin_tiny_imagenetv2,0.5,67,27,repair,layers.2.blocks.5.attn.proj,INT6__4to8,INT8__4to8,0.04918493535693856,0.68359375,13.8984375
swin_tiny_imagenetv2,0.5,67,28,repair,layers.2.blocks.5.mlp.fc1,INT6__dense,INT8__dense,0.04918493535693856,0.68359375,13.8984375
swin_tiny_imagenetv2,0.5,67,29,repair,layers.3.blocks.0.attn.proj,INT4__dense,INT6__dense,0.04918493535693856,0.68359375,13.8984375
swin_tiny_imagenetv2,0.5,67,30,repair,layers.3.blocks.0.mlp.fc1,INT8__4to8,INT6__dense,0.04918493535693856,0.68359375,13.8984375
swin_tiny_imagenetv2,0.5,67,31,repair,layers.3.blocks.1.attn.qkv,INT8__dense,FP32__dense,0.04918493535693856,0.68359375,13.8984375
swin_tiny_imagenetv2,0.5,67,32,repair,layers.3.blocks.1.attn.proj,INT4__2to4,FP32__dense,0.04918493535693856,0.68359375,13.8984375
swin_tiny_imagenetv2,0.5,68,0,repair,layers.2.blocks.0.attn.proj,INT4__dense,FP32__dense,0.7812499999991072,0.68359375,0.875
swin_tiny_imagenetv2,0.5,69,0,energy-reclamation,layers.0.blocks.0.attn.proj,FP32__dense,INT8__dense,750000000000.0,0.1953125,-0.75
swin_tiny_imagenetv2,0.5,70,0,energy-reclamation,layers.2.blocks.2.attn.qkv,FP32__dense,INT6__dense,8.319999999914803,-0.09765625,-0.8125
swin_tiny_imagenetv2,0.5,71,0,energy-reclamation,layers.2.blocks.4.attn.qkv,FP32__dense,INT6__dense,812500000000.0,-0.0,-0.8125
swin_tiny_imagenetv2,0.5,72,0,energy-reclamation,layers.2.blocks.1.mlp.fc1,FP32__dense,INT6__dense,812500000000.0,0.29296875,-0.8125
swin_tiny_imagenetv2,0.5,73,0,energy-reclamation,layers.3.blocks.1.mlp.fc2,FP32__dense,INT8__dense,750000000000.0,-0.0,-0.75
swin_tiny_imagenetv2,0.5,74,0,energy-reclamation,layers.3.blocks.1.attn.qkv,FP32__dense,INT8__dense,750000000000.0,0.09765625,-0.75
swin_tiny_imagenetv2,0.5,75,0,energy-reclamation,layers.2.blocks.5.attn.qkv,FP32__dense,INT6__dense,2.0799999999946754,-0.390625,-0.8125
swin_tiny_imagenetv2,0.5,76,0,energy-reclamation,layers.2.blocks.4.mlp.fc2,FP32__dense,INT8__dense,750000000000.0,0.1953125,-0.75
swin_tiny_imagenetv2,0.5,77,0,energy-reclamation,layers.3.blocks.0.attn.qkv,FP32__dense,INT6__dense,812500000000.0,-0.0,-0.8125
swin_tiny_imagenetv2,0.5,78,0,energy-reclamation,layers.3.blocks.0.mlp.fc2,FP32__dense,INT8__dense,7.679999999921356,-0.09765625,-0.75
swin_tiny_imagenetv2,0.5,79,0,energy-reclamation,layers.3.blocks.1.mlp.fc1,FP32__dense,INT6__dense,8.319999999914803,-0.09765625,-0.8125
swin_tiny_imagenetv2,0.5,80,0,energy-reclamation,layers.3.blocks.1.mlp.fc2,INT8__dense,INT6__dense,62500000000.0,-0.0,-0.0625
swin_tiny_imagenetv2,0.5,81,0,energy-reclamation,layers.2.blocks.3.attn.qkv,FP32__dense,INT4__4to8,4.799999999975424,-0.1953125,-0.9375
swin_tiny_imagenetv2,0.5,82,0,energy-reclamation,layers.2.blocks.3.mlp.fc1,INT8__dense,INT6__dense,62500000000.0,-0.0,-0.0625
swin_tiny_imagenetv2,0.5,83,0,energy-reclamation,layers.2.blocks.3.mlp.fc2,INT8__dense,INT8__2to4,125000000000.0,0.09765625,-0.125
swin_tiny_imagenetv2,0.5,84,0,energy-reclamation,layers.2.blocks.5.mlp.fc1,INT8__dense,INT6__dense,62500000000.0,-0.0,-0.0625
swin_tiny_imagenetv2,0.5,85,0,energy-reclamation,layers.2.blocks.3.attn.qkv,INT4__4to8,INT4__3to8,15625000000.0,0.09765625,-0.015625
swin_tiny_imagenetv2,0.5,86,0,energy-reclamation,layers.2.blocks.2.mlp.fc2,FP32__4to8,INT8__4to8,375000000000.0,0.09765625,-0.375
swin_tiny_imagenetv2,0.5,87,0,energy-reclamation,layers.2.blocks.4.attn.proj,FP32__dense,INT6__dense,8.319999999914803,-0.09765625,-0.8125
swin_tiny_imagenetv2,0.5,88,0,energy-reclamation,layers.2.blocks.2.attn.proj,INT8__4to8,INT6__4to8,31250000000.0,0.1953125,-0.03125
swin_tiny_imagenetv2,0.5,89,0,energy-reclamation,layers.2.blocks.4.mlp.fc1,FP32__dense,INT6__4to8,3.093333333322775,-0.29296875,-0.90625
swin_tiny_imagenetv2,0.5,90,0,energy-reclamation,layers.3.blocks.0.mlp.fc2,INT8__dense,INT4__dense,125000000000.0,-0.0,-0.125
swin_tiny_imagenetv2,0.5,91,0,energy-reclamation,layers.3.blocks.1.mlp.fc2,INT6__dense,INT4__dense,62500000000.0,-0.0,-0.0625
swin_tiny_imagenetv2,0.5,92,0,energy-reclamation,layers.3.blocks.1.attn.proj,FP32__dense,INT4__2to4,1.5999999999972694,-0.5859375,-0.9375
swin_tiny_imagenetv2,0.5,93,0,energy-reclamation,layers.3.blocks.1.attn.qkv,INT8__dense,INT8__4to8,125000000000.0,0.09765625,-0.125
swin_tiny_imagenetv2,0.5,94,0,energy-reclamation,layers.2.blocks.3.attn.proj,INT6__4to8,INT6__3to8,23437500000.0,-0.0,-0.0234375
swin_tiny_imagenetv2,0.5,95,0,energy-reclamation,layers.2.blocks.1.attn.proj,INT8__dense,INT8__4to8,125000000000.0,-0.0,-0.125
swin_tiny_imagenetv2,0.5,96,0,energy-reclamation,layers.2.blocks.1.mlp.fc2,INT8__dense,INT6__dense,62500000000.0,0.390625,-0.0625
swin_tiny_imagenetv2,0.5,97,0,energy-reclamation,layers.2.blocks.1.mlp.fc1,INT6__dense,INT6__4to8,93750000000.0,-0.0,-0.09375
swin_tiny_imagenetv2,0.5,98,0,energy-reclamation,layers.2.blocks.2.mlp.fc1,FP32__dense,INT6__dense,812500000000.0,-0.0,-0.8125
swin_tiny_imagenetv2,0.5,99,0,energy-reclamation,layers.0.blocks.1.mlp.fc1,FP32__dense,INT6__dense,2.7733333333238672,-0.29296875,-0.8125
swin_tiny_imagenetv2,0.5,100,0,energy-reclamation,layers.3.blocks.1.mlp.fc2,INT4__dense,INT8__3to8,31250000000.0,0.5859375,-0.03125
swin_tiny_imagenetv2,0.5,101,0,energy-reclamation,layers.0.blocks.1.attn.qkv,FP32__dense,INT8__4to8,1.4933333333307848,-0.5859375,-0.875
swin_tiny_imagenetv2,0.5,102,0,energy-reclamation,layers.3.blocks.1.attn.proj,INT4__2to4,INT4__3to8,15625000000.0,-0.0,-0.015625
swin_tiny_imagenetv2,0.5,103,0,energy-reclamation,layers.0.blocks.0.attn.qkv,INT8__dense,INT6__dense,62500000000.0,-0.0,-0.0625
swin_tiny_imagenetv2,0.5,104,0,energy-reclamation,layers.2.blocks.1.attn.proj,INT8__4to8,INT4__2to4,62500000000.0,0.09765625,-0.0625
swin_tiny_imagenetv2,0.5,105,0,energy-reclamation,layers.0.blocks.1.attn.qkv,INT8__4to8,INT4__4to8,0.6399999999934464,-0.09765625,-0.0625
swin_tiny_imagenetv2,0.5,106,0,energy-reclamation,layers.3.blocks.1.attn.qkv,INT8__4to8,INT6__4to8,0.3199999999967232,-0.09765625,-0.03125
swin_tiny_imagenetv2,0.5,107,0,energy-reclamation,layers.2.blocks.5.attn.proj,INT8__4to8,INT6__4to8,0.3199999999967232,-0.09765625,-0.03125
swin_tiny_imagenetv2,0.5,108,0,energy-reclamation,layers.2.blocks.0.attn.proj,FP32__dense,INT4__dense,875000000000.0,0.09765625,-0.875
swin_tiny_imagenetv2,0.5,109,0,energy-reclamation,layers.3.blocks.1.attn.qkv,INT6__4to8,INT6__3to8,23437500000.0,0.09765625,-0.0234375
swin_tiny_imagenetv2,1.0,0,0,repair,layers.3.blocks.0.attn.proj,INT4__3to8,INT4__4to8,68.7499999956,1.07421875,0.015625
swin_tiny_imagenetv2,1.0,1,0,repair,layers.1.blocks.0.attn.proj,INT4__3to8,INT4__4to8,81.2499999948,1.26953125,0.015625
swin_tiny_imagenetv2,1.0,2,0,repair,layers.2.blocks.5.attn.qkv,INT4__3to8,INT4__4to8,12.499999999200002,0.1953125,0.015625
swin_tiny_imagenetv2,1.0,3,0,repair,layers.2.blocks.4.mlp.fc1,INT4__3to8,INT4__2to4,43.74999999720001,0.68359375,0.015625
swin_tiny_imagenetv2,1.0,4,0,repair,layers.2.blocks.4.mlp.fc1,INT4__2to4,INT6__3to8,24.9999999968,0.1953125,0.0078125
swin_tiny_imagenetv2,1.0,5,0,repair,layers.3.blocks.0.attn.qkv,INT4__4to8,INT6__3to8,99.9999999872,0.78125,0.0078125
swin_tiny_imagenetv2,1.0,6,0,repair,layers.0.blocks.1.attn.proj,INT4__3to8,INT4__2to4,74.9999999952,1.171875,0.015625
swin_tiny_imagenetv2,1.0,7,0,repair,layers.2.blocks.4.attn.qkv,INT4__3to8,INT4__4to8,49.99999999680001,0.78125,0.015625
swin_tiny_imagenetv2,1.0,8,0,repair,layers.2.blocks.4.mlp.fc1,INT6__3to8,INT6__4to8,108.33333332871112,2.5390625,0.0234375
swin_tiny_imagenetv2,1.0,9,0,repair,layers.3.blocks.1.mlp.fc1,INT4__3to8,INT4__4to8,62.49999999600001,0.9765625,0.015625
swin_tiny_imagenetv2,1.0,10,0,repair,layers.3.blocks.1.mlp.fc1,INT4__4to8,INT6__2to4,18.7499999996,0.87890625,0.046875
swin_tiny_imagenetv2,1.0,10,1,repair,layers.3.blocks.0.mlp.fc2,INT4__3to8,INT4__4to8,18.7499999996,0.87890625,0.046875
swin_tiny_imagenetv2,1.0,11,0,repair,layers.2.blocks.2.attn.proj,INT4__3to8,INT4__4to8,49.99999999680001,0.78125,0.015625
swin_tiny_imagenetv2,1.0,12,0,repair,layers.2.blocks.0.attn.proj,INT4__3to8,INT4__4to8,43.74999999720001,0.68359375,0.015625
swin_tiny_imagenetv2,1.0,13,0,repair,layers.2.blocks.0.mlp.fc2,INT6__3to8,INT6__4to8,70.83333333031112,1.66015625,0.0234375
swin_tiny_imagenetv2,1.0,14,0,repair,layers.2.blocks.2.mlp.fc1,INT4__3to8,INT8__3to8,41.66666666577778,1.953125,0.046875
swin_tiny_imagenetv2,1.0,15,0,repair,layers.3.blocks.0.mlp.fc1,INT6__3to8,INT6__4to8,62.49999999733334,1.46484375,0.0234375
swin_tiny_imagenetv2,1.0,16,0,repair,layers.2.blocks.0.mlp.fc1,INT4__3to8,INT6__3to8,33.33333333191111,0.78125,0.0234375
swin_tiny_imagenetv2,1.0,17,0,repair,layers.0.blocks.0.attn.proj,INT4__3to8,INT4__4to8,124.99999999200001,1.953125,0.015625
swin_tiny_imagenetv2,1.0,18,0,repair,layers.2.blocks.5.attn.proj,INT4__3to8,INT4__4to8,37.4999999976,0.5859375,0.015625
swin_tiny_imagenetv2,1.0,19,0,repair,layers.3.blocks.1.attn.qkv,INT4__3to8,INT4__4to8,6.249999999600001,0.09765625,0.015625
swin_tiny_imagenetv2,1.0,20,0,repair,layers.2.blocks.5.mlp.fc2,INT4__3to8,INT4__4to8,49.99999999680001,0.78125,0.015625
swin_tiny_imagenetv2,1.0,21,0,repair,layers.3.blocks.1.mlp.fc2,INT4__3to8,INT4__2to4,3.1249999999,0.09765625,0.03125
swin_tiny_imagenetv2,1.0,21,1,repair,layers.2.blocks.5.mlp.fc1,INT4__3to8,INT4__2to4,3.1249999999,0.09765625,0.03125
swin_tiny_imagenetv2,1.0,22,0,repair,layers.2.blocks.4.mlp.fc1,INT6__4to8,FP32__dense,0.2032520325201137,0.1953125,0.9609375
swin_tiny_imagenetv2,1.0,22,1,repair,layers.3.blocks.0.attn.qkv,INT6__3to8,INT8__2to4,0.2032520325201137,0.1953125,0.9609375
swin_tiny_imagenetv2,1.0,23,0,repair,layers.2.blocks.2.attn.qkv,INT4__3to8,INT4__2to4,99.99999999360001,1.5625,0.015625
swin_tiny_imagenetv2,1.0,24,0,repair,layers.0.blocks.0.mlp.fc2,INT6__4to8,INT8__4to8,21.8749999993,0.68359375,0.03125
swin_tiny_imagenetv2,1.0,25,0,repair,layers.2.blocks.5.mlp.fc2,INT4__4to8,INT6__3to8,87.4999999888,0.68359375,0.0078125
swin_tiny_imagenetv2,1.0,26,0,repair,layers.2.blocks.5.mlp.fc1,INT4__2to4,INT6__3to8,124.999999984,0.9765625,0.0078125
swin_tiny_imagenetv2,1.0,27,0,repair,layers.1.blocks.1.mlp.fc2,INT6__3to8,INT6__4to8,83.33333332977779,1.953125,0.0234375
swin_tiny_imagenetv2,1.0,28,0,repair,layers.2.blocks.5.mlp.fc1,INT6__3to8,INT6__4to8,41.66666666488889,0.9765625,0.0234375
swin_tiny_imagenetv2,1.0,29,0,repair,layers.1.blocks.0.mlp.fc2,INT6__3to8,INT6__2to4,20.833333332444447,0.48828125,0.0234375
swin_tiny_imagenetv2,1.0,30,0,repair,layers.2.blocks.4.attn.proj,INT4__3to8,INT4__4to8,49.99999999680001,0.78125,0.015625
swin_tiny_imagenetv2,1.0,31,0,repair,layers.0.blocks.0.attn.proj,INT4__4to8,INT6__4to8,6.2499999998,0.1953125,0.03125
swin_tiny_imagenetv2,1.0,32,0,repair,layers.3.blocks.0.attn.proj,INT4__4to8,INT6__3to8,112.4999999856,0.87890625,0.0078125
swin_tiny_imagenetv2,1.0,33,0,repair,layers.0.blocks.1.attn.qkv,INT4__3to8,INT4__4to8,43.74999999720001,0.68359375,0.015625
swin_tiny_imagenetv2,1.0,34,0,repair,layers.2.blocks.2.attn.qkv,INT4__2to4,INT6__4to8,24.9999999992,0.78125,0.03125
swin_tiny_imagenetv2,1.0,35,0,repair,layers.2.blocks.3.attn.qkv,INT4__3to8,INT4__4to8,31.249999998000003,0.48828125,0.015625
swin_tiny_imagenetv2,1.0,36,0,repair,layers.1.blocks.0.attn.qkv,INT4__3to8,INT4__2to4,24.999999998400003,0.390625,0.015625
swin_tiny_imagenetv2,1.0,37,0,repair,layers.2.blocks.1.mlp.fc1,INT4__3to8,INT4__2to4,62.49999999600001,0.9765625,0.015625
swin_tiny_imagenetv2,1.0,38,0,repair,layers.2.blocks.3.mlp.fc2,INT6__3to8,INT6__4to8,33.33333333191111,0.78125,0.0234375
swin_tiny_imagenetv2,1.0,39,0,repair,layers.2.blocks.1.mlp.fc2,INT6__3to8,INT6__2to4,37.4999999984,0.87890625,0.0234375
swin_tiny_imagenetv2,1.0,40,0,repair,layers.0.blocks.1.mlp.fc2,INT6__3to8,INT6__2to4,24.999999998933333,0.5859375,0.0234375
swin_tiny_imagenetv2,1.0,41,0,repair,layers.3.blocks.0.attn.qkv,INT8__2to4,INT6__dense,14.062499999775,0.87890625,0.0625
swin_tiny_imagenetv2,1.0,42,0,repair,layers.2.blocks.1.mlp.fc1,INT4__2to4,INT6__3to8,124.999999984,0.9765625,0.0078125
swin_tiny_imagenetv2,1.0,43,0,repair,layers.3.blocks.1.attn.qkv,INT4__4to8,INT6__3to8,74.9999999904,0.5859375,0.0078125
swin_tiny_imagenetv2,1.0,44,0,repair,layers.2.blocks.1.mlp.fc1,INT6__3to8,INT6__4to8,49.99999999786667,1.171875,0.0234375
swin_tiny_imagenetv2,1.0,45,0,repair,layers.0.blocks.1.attn.proj,INT4__2to4,INT6__3to8,99.9999999872,0.78125,0.0078125
swin_tiny_imagenetv2,1.0,46,0,repair,layers.3.blocks.0.attn.proj,INT6__3to8,INT4__dense,19.64285714249796,1.07421875,0.0546875
swin_tiny_imagenetv2,1.0,47,0,repair,layers.1.blocks.1.attn.proj,INT4__3to8,INT6__3to8,20.833333332444447,0.48828125,0.0234375
swin_tiny_imagenetv2,1.0,48,0,repair,layers.0.blocks.1.attn.proj,INT6__3to8,INT6__4to8,24.999999998933333,0.5859375,0.0234375
swin_tiny_imagenetv2,1.0,49,0,repair,layers.2.blocks.0.attn.qkv,INT4__3to8,INT4__4to8,62.49999999600001,0.9765625,0.015625
swin_tiny_imagenetv2,1.0,50,0,repair,layers.2.blocks.1.attn.proj,INT4__3to8,INT4__2to4,43.74999999720001,0.68359375,0.015625
swin_tiny_imagenetv2,1.0,51,0,repair,layers.2.blocks.2.attn.proj,INT4__4to8,INT6__3to8,49.9999999936,0.390625,0.0078125
swin_tiny_imagenetv2,1.0,52,0,repair,layers.2.blocks.5.attn.proj,INT4__4to8,INT6__4to8,43.7499999986,1.3671875,0.03125
swin_tiny_imagenetv2,1.0,53,0,repair,layers.0.blocks.0.attn.qkv,INT4__3to8,INT4__4to8,1.699629171816789,10.7421875,6.3203125
swin_tiny_imagenetv2,1.0,53,1,repair,layers.0.blocks.0.attn.proj,INT6__4to8,INT4__dense,1.699629171816789,10.7421875,6.3203125
swin_tiny_imagenetv2,1.0,53,2,repair,layers.0.blocks.0.mlp.fc1,INT6__3to8,INT6__4to8,1.699629171816789,10.7421875,6.3203125
swin_tiny_imagenetv2,1.0,53,3,repair,layers.0.blocks.0.mlp.fc2,INT8__4to8,INT8__dense,1.699629171816789,10.7421875,6.3203125
swin_tiny_imagenetv2,1.0,53,4,repair,layers.0.blocks.1.attn.qkv,INT4__4to8,INT8__4to8,1.699629171816789,10.7421875,6.3203125
swin_tiny_imagenetv2,1.0,53,5,repair,layers.0.blocks.1.attn.proj,INT6__4to8,INT6__dense,1.699629171816789,10.7421875,6.3203125
swin_tiny_imagenetv2,1.0,53,6,repair,layers.0.blocks.1.mlp.fc1,INT4__3to8,INT4__2to4,1.699629171816789,10.7421875,6.3203125
swin_tiny_imagenetv2,1.0,53,7,repair,layers.0.blocks.1.mlp.fc2,INT6__2to4,FP32__dense,1.699629171816789,10.7421875,6.3203125
swin_tiny_imagenetv2,1.0,53,8,repair,layers.1.blocks.0.attn.qkv,INT4__2to4,INT6__4to8,1.699629171816789,10.7421875,6.3203125
swin_tiny_imagenetv2,1.0,53,9,repair,layers.1.blocks.0.attn.proj,INT4__4to8,FP32__dense,1.699629171816789,10.7421875,6.3203125
swin_tiny_imagenetv2,1.0,53,10,repair,layers.1.blocks.0.mlp.fc1,INT4__3to8,INT4__4to8,1.699629171816789,10.7421875,6.3203125
swin_tiny_imagenetv2,1.0,53,11,repair,layers.1.blocks.0.mlp.fc2,INT6__2to4,INT8__dense,1.699629171816789,10.7421875,6.3203125
swin_tiny_imagenetv2,1.0,53,12,repair,layers.1.blocks.1.attn.qkv,INT4__3to8,INT4__2to4,1.699629171816789,10.7421875,6.3203125
swin_tiny_imagenetv2,1.0,53,13,repair,layers.1.blocks.1.attn.proj,INT6__3to8,INT6__4to8,1.699629171816789,10.7421875,6.3203125
swin_tiny_imagenetv2,1.0,53,14,repair,layers.1.blocks.1.mlp.fc1,INT4__3to8,INT4__4to8,1.699629171816789,10.7421875,6.3203125
swin_tiny_imagenetv2,1.0,53,15,repair,layers.1.blocks.1.mlp.fc2,INT6__4to8,FP32__dense,1.699629171816789,10.7421875,6.3203125
swin_tiny_imagenetv2,1.0,53,16,repair,layers.2.blocks.0.attn.qkv,INT4__4to8,INT6__4to8,1.699629171816789,10.7421875,6.3203125
swin_tiny_imagenetv2,1.0,53,17,repair,layers.2.blocks.0.attn.proj,INT4__4to8,INT6__4to8,1.699629171816789,10.7421875,6.3203125
swin_tiny_imagenetv2,1.0,53,18,repair,layers.2.blocks.0.mlp.fc1,INT6__3to8,INT6__4to8,1.699629171816789,10.7421875,6.3203125
swin_tiny_imagenetv2,1.0,53,19,repair,layers.2.blocks.0.mlp.fc2,INT6__4to8,INT8__4to8,1.699629171816789,10.7421875,6.3203125
swin_tiny_imagenetv2,1.0,53,20,repair,layers.2.blocks.1.attn.qkv,INT4__3to8,INT6__2to4,1.699629171816789,10.7421875,6.3203125
swin_tiny_imagenetv2,1.0,53,21,repair,layers.2.blocks.1.attn.proj,INT4__2to4,INT8__4to8,1.699629171816789,10.7421875,6.3203125
swin_tiny_imagenetv2,1.0,53,22,repair,layers.2.blocks.1.mlp.fc1,INT6__4to8,INT6__dense,1.699629171816789,10.7421875,6.3203125
swin_tiny_imagenetv2,1.0,53,23,repair,layers.2.blocks.1.mlp.fc2,INT6__2to4,INT6__dense,1.699629171816789,10.7421875,6.3203125
swin_tiny_imagenetv2,1.0,53,24,repair,layers.2.blocks.2.attn.qkv,INT6__4to8,INT6__dense,1.699629171816789,10.7421875,6.3203125
swin_tiny_imagenetv2,1.0,53,25,repair,layers.2.blocks.2.attn.proj,INT6__3to8,INT6__4to8,1.699629171816789,10.7421875,6.3203125
swin_tiny_imagenetv2,1.0,53,26,repair,layers.2.blocks.2.mlp.fc1,INT8__3to8,INT8__2to4,1.699629171816789,10.7421875,6.3203125
swin_tiny_imagenetv2,1.0,53,27,repair,layers.2.blocks.2.mlp.fc2,INT6__3to8,INT8__3to8,1.699629171816789,10.7421875,6.3203125
swin_tiny_imagenetv2,1.0,53,28,repair,layers.2.blocks.3.attn.qkv,INT4__4to8,FP32__dense,1.699629171816789,10.7421875,6.3203125
swin_tiny_imagenetv2,1.0,53,29,repair,layers.2.blocks.3.attn.proj,INT4__3to8,INT4__2to4,1.699629171816789,10.7421875,6.3203125
swin_tiny_imagenetv2,1.0,53,30,repair,layers.2.blocks.3.mlp.fc1,INT4__3to8,INT4__2to4,1.699629171816789,10.7421875,6.3203125
swin_tiny_imagenetv2,1.0,53,31,repair,layers.2.blocks.3.mlp.fc2,INT6__4to8,INT8__2to4,1.699629171816789,10.7421875,6.3203125
swin_tiny_imagenetv2,1.0,53,32,repair,layers.2.blocks.4.attn.qkv,INT4__4to8,INT6__4to8,1.699629171816789,10.7421875,6.3203125
swin_tiny_imagenetv2,1.0,53,33,repair,layers.2.blocks.4.attn.proj,INT4__4to8,INT6__dense,1.699629171816789,10.7421875,6.3203125
swin_tiny_imagenetv2,1.0,53,34,repair,layers.2.blocks.4.mlp.fc2,INT4__3to8,INT4__2to4,1.699629171816789,10.7421875,6.3203125
swin_tiny_imagenetv2,1.0,53,35,repair,layers.2.blocks.5.attn.qkv,INT4__4to8,INT6__4to8,1.699629171816789,10.7421875,6.3203125
swin_tiny_imagenetv2,1.0,53,36,repair,layers.2.blocks.5.attn.proj,INT6__4to8,INT8__4to8,1.699629171816789,10.7421875,6.3203125
swin_tiny_imagenetv2,1.0,53,37,repair,layers.2.blocks.5.mlp.fc1,INT6__4to8,INT8__2to4,1.699629171816789,10.7421875,6.3203125
swin_tiny_imagenetv2,1.0,53,38,repair,layers.2.blocks.5.mlp.fc2,INT6__3to8,INT8__3to8,1.699629171816789,10.7421875,6.3203125
swin_tiny_imagenetv2,1.0,53,39,repair,layers.3.blocks.0.attn.qkv,INT6__dense,FP32__dense,1.699629171816789,10.7421875,6.3203125
swin_tiny_imagenetv2,1.0,53,40,repair,layers.3.blocks.0.attn.proj,INT4__dense,INT6__dense,1.699629171816789,10.7421875,6.3203125
swin_tiny_imagenetv2,1.0,53,41,repair,layers.3.blocks.0.mlp.fc1,INT6__4to8,INT8__4to8,1.699629171816789,10.7421875,6.3203125
swin_tiny_imagenetv2,1.0,53,42,repair,layers.3.blocks.0.mlp.fc2,INT4__4to8,INT4__dense,1.699629171816789,10.7421875,6.3203125
swin_tiny_imagenetv2,1.0,53,43,repair,layers.3.blocks.1.attn.qkv,INT6__3to8,INT6__4to8,1.699629171816789,10.7421875,6.3203125
swin_tiny_imagenetv2,1.0,53,44,repair,layers.3.blocks.1.attn.proj,INT4__3to8,INT4__2to4,1.699629171816789,10.7421875,6.3203125
swin_tiny_imagenetv2,1.0,53,45,repair,layers.3.blocks.1.mlp.fc1,INT6__2to4,INT4__dense,1.699629171816789,10.7421875,6.3203125
swin_tiny_imagenetv2,1.0,53,46,repair,layers.3.blocks.1.mlp.fc2,INT4__2to4,INT8__3to8,1.699629171816789,10.7421875,6.3203125
swin_tiny_imagenetv2,1.0,54,0,repair,layers.0.blocks.1.mlp.fc1,INT4__2to4,INT6__3to8,249.999999968,1.953125,0.0078125
swin_tiny_imagenetv2,1.0,55,0,repair,layers.2.blocks.3.mlp.fc1,INT4__2to4,INT6__3to8,74.9999999904,0.5859375,0.0078125
swin_tiny_imagenetv2,1.0,56,0,repair,layers.2.blocks.3.attn.proj,INT4__2to4,INT6__3to8,112.4999999856,0.87890625,0.0078125
swin_tiny_imagenetv2,1.0,57,0,repair,layers.2.blocks.4.mlp.fc2,INT4__2to4,INT8__3to8,49.9999999984,1.5625,0.03125
swin_tiny_imagenetv2,1.0,58,0,repair,layers.1.blocks.1.mlp.fc1,INT4__4to8,INT6__4to8,37.4999999988,1.171875,0.03125
swin_tiny_imagenetv2,1.0,59,0,repair,layers.3.blocks.1.mlp.fc1,INT4__dense,INT6__dense,17.187499999725,1.07421875,0.0625
swin_tiny_imagenetv2,1.0,60,0,repair,layers.2.blocks.0.attn.proj,INT6__4to8,INT4__dense,12.4999999996,0.390625,0.03125
swin_tiny_imagenetv2,1.0,61,0,repair,layers.2.blocks.2.attn.proj,INT6__4to8,INT8__4to8,18.7499999994,0.5859375,0.03125
swin_tiny_imagenetv2,1.0,62,0,repair,layers.2.blocks.5.attn.proj,INT8__4to8,FP32__dense,0.2693965517239893,0.48828125,1.8125
swin_tiny_imagenetv2,1.0,62,1,repair,layers.3.blocks.1.attn.proj,INT4__2to4,FP32__dense,0.2693965517239893,0.48828125,1.8125
swin_tiny_imagenetv2,1.0,63,0,repair,layers.2.blocks.5.attn.qkv,INT6__4to8,INT4__dense,6.2499999998,0.1953125,0.03125
swin_tiny_imagenetv2,1.0,64,0,repair,layers.2.blocks.4.mlp.fc2,INT8__3to8,INT8__4to8,3.1249999999,0.09765625,0.03125
swin_tiny_imagenetv2,1.0,65,0,repair,layers.3.blocks.0.mlp.fc2,INT4__dense,INT8__dense,0.78124999999375,0.09765625,0.125
swin_tiny_imagenetv2,1.0,66,0,repair,layers.1.blocks.0.attn.qkv,INT6__4to8,FP32__dense,0.05681818181814876,0.09765625,1.71875
swin_tiny_imagenetv2,1.0,66,1,repair,layers.3.blocks.1.mlp.fc1,INT6__dense,FP32__dense,0.05681818181814876,0.09765625,1.71875
swin_tiny_imagenetv2,1.0,67,0,repair,layers.2.blocks.2.attn.proj,INT8__4to8,FP32__dense,0.40509259259235253,0.68359375,1.6875
swin_tiny_imagenetv2,1.0,67,1,repair,layers.2.blocks.1.mlp.fc1,INT6__dense,FP32__dense,0.40509259259235253,0.68359375,1.6875
swin_tiny_imagenetv2,1.0,68,0,repair,layers.2.blocks.5.mlp.fc1,INT8__2to4,INT6__dense,3.1249999999499996,0.1953125,0.0625
swin_tiny_imagenetv2,1.0,69,0,repair,layers.2.blocks.3.attn.proj,INT6__3to8,INT6__4to8,16.666666665955557,0.390625,0.0234375
swin_tiny_imagenetv2,1.0,70,0,repair,layers.3.blocks.1.mlp.fc2,INT8__3to8,INT4__dense,6.2499999998,0.1953125,0.03125
swin_tiny_imagenetv2,1.0,71,0,repair,layers.0.blocks.0.attn.qkv,INT4__4to8,INT6__2to4,0.12836970474966852,1.5625,12.171875
swin_tiny_imagenetv2,1.0,71,1,repair,layers.0.blocks.0.attn.proj,INT4__dense,INT6__dense,0.12836970474966852,1.5625,12.171875
swin_tiny_imagenetv2,1.0,71,2,repair,layers.0.blocks.0.mlp.fc1,INT6__4to8,INT8__4to8,0.12836970474966852,1.5625,12.171875
swin_tiny_imagenetv2,1.0,71,3,repair,layers.0.blocks.0.mlp.fc2,INT8__dense,FP32__dense,0.12836970474966852,1.5625,12.171875
swin_tiny_imagenetv2,1.0,71,4,repair,layers.0.blocks.1.attn.qkv,INT8__4to8,FP32__dense,0.12836970474966852,1.5625,12.171875
swin_tiny_imagenetv2,1.0,71,5,repair,layers.0.blocks.1.attn.proj,INT6__dense,FP32__dense,0.12836970474966852,1.5625,12.171875
swin_tiny_imagenetv2,1.0,71,6,repair,layers.0.blocks.1.mlp.fc1,INT6__3to8,INT6__2to4,0.12836970474966852,1.5625,12.171875
swin_tiny_imagenetv2,1.0,71,7,repair,layers.1.blocks.0.mlp.fc1,INT4__4to8,INT6__4to8,0.12836970474966852,1.5625,12.171875
swin_tiny_imagenetv2,1.0,71,8,repair,layers.1.blocks.0.mlp.fc2,INT8__dense,FP32__dense,0.12836970474966852,1.5625,12.171875
swin_tiny_imagenetv2,1.0,71,9,repair,layers.1.blocks.1.attn.qkv,INT4__2to4,INT6__2to4,0.12836970474966852,1.5625,12.171875
swin_tiny_imagenetv2,1.0,71,10,repair,layers.1.blocks.1.attn.proj,INT6__4to8,INT8__4to8,0.12836970474966852,1.5625,12.171875
swin_tiny_imagenetv2,1.0,71,11,repair,layers.1.blocks.1.mlp.fc1,INT6__4to8,INT4__dense,0.12836970474966852,1.5625,12.171875
swin_tiny_imagenetv2,1.0,71,12,repair,layers.2.blocks.0.attn.qkv,INT6__4to8,INT8__dense,0.12836970474966852,1.5625,12.171875
swin_tiny_imagenetv2,1.0,71,13,repair,layers.2.blocks.0.attn.proj,INT4__dense,FP32__dense,0.12836970474966852,1.5625,12.171875
swin_tiny_imagenetv2,1.0,71,14,repair,layers.2.blocks.0.mlp.fc1,INT6__4to8,FP32__dense,0.12836970474966852,1.5625,12.171875
swin_tiny_imagenetv2,1.0,71,15,repair,layers.2.blocks.0.mlp.fc2,INT8__4to8,FP32__dense,0.12836970474966852,1.5625,12.171875
swin_tiny_imagenetv2,1.0,71,16,repair,layers.2.blocks.1.attn.qkv,INT6__2to4,INT8__2to4,0.12836970474966852,1.5625,12.171875
swin_tiny_imagenetv2,1.0,71,17,repair,layers.2.blocks.1.attn.proj,INT8__4to8,INT8__dense,0.12836970474966852,1.5625,12.171875
swin_tiny_imagenetv2,1.0,71,18,repair,layers.2.blocks.1.mlp.fc2,INT6__dense,INT8__dense,0.12836970474966852,1.5625,12.171875
swin_tiny_imagenetv2,1.0,71,19,repair,layers.2.blocks.2.attn.qkv,INT6__dense,FP32__dense,0.12836970474966852,1.5625,12.171875
swin_tiny_imagenetv2,1.0,71,20,repair,layers.2.blocks.2.mlp.fc1,INT8__2to4,INT6__dense,0.12836970474966852,1.5625,12.171875
swin_tiny_imagenetv2,1.0,71,21,repair,layers.2.blocks.2.mlp.fc2,INT8__3to8,INT8__4to8,0.12836970474966852,1.5625,12.171875
swin_tiny_imagenetv2,1.0,71,22,repair,layers.2.blocks.3.attn.proj,INT6__4to8,FP32__dense,0.12836970474966852,1.5625,12.171875
swin_tiny_imagenetv2,1.0,71,23,repair,layers.2.blocks.3.mlp.fc1,INT6__3to8,INT6__4to8,0.12836970474966852,1.5625,12.171875
swin_tiny_imagenetv2,1.0,71,24,repair,layers.2.blocks.3.mlp.fc2,INT8__2to4,INT8__dense,0.12836970474966852,1.5625,12.171875
swin_tiny_imagenetv2,1.0,71,25,repair,layers.2.blocks.4.attn.qkv,INT6__4to8,INT4__dense,0.12836970474966852,1.5625,12.171875
swin_tiny_imagenetv2,1.0,71,26,repair,layers.2.blocks.4.attn.proj,INT6__dense,FP32__dense,0.12836970474966852,1.5625,12.171875
swin_tiny_imagenetv2,1.0,71,27,repair,layers.2.blocks.4.mlp.fc2,INT8__4to8,INT8__dense,0.12836970474966852,1.5625,12.171875
swin_tiny_imagenetv2,1.0,71,28,repair,layers.2.blocks.5.attn.qkv,INT4__dense,INT6__dense,0.12836970474966852,1.5625,12.171875
swin_tiny_imagenetv2,1.0,71,29,repair,layers.2.blocks.5.mlp.fc1,INT6__dense,INT8__dense,0.12836970474966852,1.5625,12.171875
swin_tiny_imagenetv2,1.0,71,30,repair,layers.2.blocks.5.mlp.fc2,INT8__3to8,FP32__dense,0.12836970474966852,1.5625,12.171875
swin_tiny_imagenetv2,1.0,71,31,repair,layers.3.blocks.0.attn.proj,INT6__dense,FP32__dense,0.12836970474966852,1.5625,12.171875
swin_tiny_imagenetv2,1.0,71,32,repair,layers.3.blocks.0.mlp.fc1,INT8__4to8,INT6__dense,0.12836970474966852,1.5625,12.171875
swin_tiny_imagenetv2,1.0,71,33,repair,layers.3.blocks.0.mlp.fc2,INT8__dense,FP32__dense,0.12836970474966852,1.5625,12.171875
swin_tiny_imagenetv2,1.0,71,34,repair,layers.3.blocks.1.attn.qkv,INT6__4to8,INT8__4to8,0.12836970474966852,1.5625,12.171875
swin_tiny_imagenetv2,1.0,71,35,repair,layers.3.blocks.1.mlp.fc2,INT4__dense,INT6__dense,0.12836970474966852,1.5625,12.171875
swin_tiny_imagenetv2,1.0,72,0,repair,layers.2.blocks.4.attn.qkv,INT4__dense,INT6__dense,12.499999999799998,0.78125,0.0625
swin_tiny_imagenetv2,1.0,73,0,repair,layers.0.blocks.0.attn.qkv,INT6__2to4,INT6__dense,5.2083333332777775,0.48828125,0.09375
swin_tiny_imagenetv2,1.0,74,0,repair,layers.3.blocks.1.mlp.fc2,INT6__dense,INT8__dense,3.1249999999499996,0.1953125,0.0625
swin_tiny_imagenetv2,1.0,75,0,energy-reclamation,layers.2.blocks.4.attn.proj,FP32__dense,INT6__dense,812500000000.0,0.29296875,-0.8125
